,RunId,iteration,Step,N,r,dr,mr,cr,altruistic fraction,true beards fraction,suckers fraction,impostors fraction,cowards fraction,n_agents
0,0,0,0,1000,0.25,0.95,0.0,0,0.4836471754212091,0.2537165510406343,0.22993062438057482,0.28245787908820613,0.23389494549058473,1009
1,0,0,1,1000,0.25,0.95,0.0,0,0.47784200385356457,0.2774566473988439,0.2003853564547206,0.2832369942196532,0.23892100192678228,1038
2,0,0,2,1000,0.25,0.95,0.0,0,0.43272023233301066,0.2787996127783156,0.15392061955469508,0.3233301064859632,0.24394966118102615,1033
3,0,0,3,1000,0.25,0.95,0.0,0,0.4027237354085603,0.2519455252918288,0.1507782101167315,0.3521400778210117,0.245136186770428,1028
4,0,0,4,1000,0.25,0.95,0.0,0,0.3495618305744888,0.23758519961051608,0.11197663096397274,0.39824732229795523,0.25219084712755596,1027
5,0,0,5,1000,0.25,0.95,0.0,0,0.3361266294227188,0.22811918063314712,0.10800744878957169,0.4264432029795158,0.23743016759776536,1074
6,0,0,6,1000,0.25,0.95,0.0,0,0.30091743119266057,0.21009174311926607,0.0908256880733945,0.44495412844036697,0.25412844036697246,1090
7,0,0,7,1000,0.25,0.95,0.0,0,0.2563176895306859,0.16967509025270758,0.08664259927797834,0.48014440433212996,0.26353790613718414,1108
8,0,0,8,1000,0.25,0.95,0.0,0,0.21636363636363637,0.14909090909090908,0.06727272727272728,0.51,0.2736363636363636,1100
9,0,0,9,1000,0.25,0.95,0.0,0,0.20395327942497754,0.1518418688230009,0.05211141060197664,0.5166217430368374,0.27942497753818507,1113
10,0,0,10,1000,0.25,0.95,0.0,0,0.20878136200716846,0.16666666666666666,0.042114695340501794,0.5080645161290323,0.2831541218637993,1116
11,0,0,11,1000,0.25,0.95,0.0,0,0.18498659517426275,0.1554959785522788,0.029490616621983913,0.5406613047363718,0.2743521000893655,1119
12,0,0,12,1000,0.25,0.95,0.0,0,0.1796669588080631,0.1586327782646801,0.021034180543382998,0.5661700262927257,0.2541630148992112,1141
13,0,0,13,1000,0.25,0.95,0.0,0,0.14991181657848324,0.12698412698412698,0.02292768959435626,0.5970017636684304,0.25308641975308643,1134
14,0,0,14,1000,0.25,0.95,0.0,0,0.12838427947598252,0.11441048034934498,0.013973799126637555,0.6183406113537118,0.25327510917030566,1145
15,0,0,15,1000,0.25,0.95,0.0,0,0.09422222222222222,0.08266666666666667,0.011555555555555555,0.6577777777777778,0.248,1125
16,0,0,16,1000,0.25,0.95,0.0,0,0.08540925266903915,0.07206405693950178,0.013345195729537367,0.6539145907473309,0.2606761565836299,1124
17,0,0,17,1000,0.25,0.95,0.0,0,0.08054298642533937,0.07058823529411765,0.009954751131221719,0.6687782805429864,0.2506787330316742,1105
18,0,0,18,1000,0.25,0.95,0.0,0,0.0637915543575921,0.05480682839173405,0.008984725965858042,0.655884995507637,0.2803234501347709,1113
19,0,0,19,1000,0.25,0.95,0.0,0,0.040940766550522645,0.039198606271777,0.0017421602787456446,0.6594076655052264,0.29965156794425085,1148
20,0,0,20,1000,0.25,0.95,0.0,0,0.03270223752151463,0.03098106712564544,0.0017211703958691911,0.7030981067125646,0.2641996557659208,1162
21,0,0,21,1000,0.25,0.95,0.0,0,0.032067510548523206,0.031223628691983123,0.0008438818565400844,0.7147679324894515,0.25316455696202533,1185
22,0,0,22,1000,0.25,0.95,0.0,0,0.01984469370146678,0.01984469370146678,0.0,0.7359792924935289,0.2441760138050043,1159
23,0,0,23,1000,0.25,0.95,0.0,0,0.01993067590987868,0.01993067590987868,0.0,0.7339688041594454,0.24610051993067592,1154
24,0,0,24,1000,0.25,0.95,0.0,0,0.018308631211857017,0.018308631211857017,0.0,0.7410636442894507,0.24062772449869224,1147
25,0,0,25,1000,0.25,0.95,0.0,0,0.014592274678111588,0.014592274678111588,0.0,0.7536480686695279,0.2317596566523605,1165
26,0,0,26,1000,0.25,0.95,0.0,0,0.00831255195344971,0.00831255195344971,0.0,0.7489609310058188,0.2427265170407315,1203
27,0,0,27,1000,0.25,0.95,0.0,0,0.010998307952622674,0.010998307952622674,0.0,0.7673434856175972,0.22165820642978004,1182
28,0,0,28,1000,0.25,0.95,0.0,0,0.007620660457239628,0.007620660457239628,0.0,0.7713801862828111,0.2209991532599492,1181
29,0,0,29,1000,0.25,0.95,0.0,0,0.0088261253309797,0.0088261253309797,0.0,0.7634598411297441,0.22771403353927624,1133
30,0,0,30,1000,0.25,0.95,0.0,0,0.005309734513274336,0.005309734513274336,0.0,0.7734513274336283,0.22123893805309736,1130
31,0,0,31,1000,0.25,0.95,0.0,0,0.0017905102954341987,0.0017905102954341987,0.0,0.7743957027752909,0.22381378692927484,1117
32,0,0,32,1000,0.25,0.95,0.0,0,0.00354295837023915,0.00354295837023915,0.0,0.7759078830823738,0.22054915854738708,1129
33,0,0,33,1000,0.25,0.95,0.0,0,0.004340277777777778,0.004340277777777778,0.0,0.7699652777777778,0.22569444444444445,1152
34,0,0,34,1000,0.25,0.95,0.0,0,0.003568242640499554,0.003568242640499554,0.0,0.7912578055307761,0.20517395182872436,1121
35,0,0,35,1000,0.25,0.95,0.0,0,0.0025884383088869713,0.0025884383088869713,0.0,0.7963761863675582,0.20103537532355478,1159
36,0,0,36,1000,0.25,0.95,0.0,0,0.002564102564102564,0.002564102564102564,0.0,0.7991452991452992,0.19829059829059828,1170
37,0,0,37,1000,0.25,0.95,0.0,0,0.004291845493562232,0.004291845493562232,0.0,0.8017167381974248,0.19399141630901287,1165
38,0,0,38,1000,0.25,0.95,0.0,0,0.0034158838599487617,0.0034158838599487617,0.0,0.8052946199829206,0.19128949615713065,1171
39,0,0,39,1000,0.25,0.95,0.0,0,0.0,0.0,0.0,0.8336192109777015,0.16638078902229847,1166
40,0,0,40,1000,0.25,0.95,0.0,0,0.0,0.0,0.0,0.8431208053691275,0.1568791946308725,1192
41,0,0,41,1000,0.25,0.95,0.0,0,0.0,0.0,0.0,0.8233830845771144,0.17661691542288557,1206
42,0,0,42,1000,0.25,0.95,0.0,0,0.0,0.0,0.0,0.8310204081632653,0.1689795918367347,1225
43,0,0,43,1000,0.25,0.95,0.0,0,0.0,0.0,0.0,0.8373245251857968,0.16267547481420314,1211
44,0,0,44,1000,0.25,0.95,0.0,0,0.0,0.0,0.0,0.8323554065381391,0.16764459346186086,1193
45,0,0,45,1000,0.25,0.95,0.0,0,0.0,0.0,0.0,0.8251457119067444,0.17485428809325562,1201
46,0,0,46,1000,0.25,0.95,0.0,0,0.0,0.0,0.0,0.8484349258649094,0.1515650741350906,1214
47,0,0,47,1000,0.25,0.95,0.0,0,0.0,0.0,0.0,0.8528678304239401,0.14713216957605985,1203
48,0,0,48,1000,0.25,0.95,0.0,0,0.0,0.0,0.0,0.8515562649640862,0.1484437350359138,1253
49,0,0,49,1000,0.25,0.95,0.0,0,0.0,0.0,0.0,0.8408551068883611,0.15914489311163896,1263
50,0,0,50,1000,0.25,0.95,0.0,0,0.0,0.0,0.0,0.843944099378882,0.15605590062111802,1288
51,0,0,51,1000,0.25,0.95,0.0,0,0.0,0.0,0.0,0.8642257818459191,0.13577421815408086,1311
52,0,0,52,1000,0.25,0.95,0.0,0,0.0,0.0,0.0,0.8699311400153023,0.13006885998469778,1307
53,0,0,53,1000,0.25,0.95,0.0,0,0.0,0.0,0.0,0.8731856378915203,0.12681436210847977,1309
54,0,0,54,1000,0.25,0.95,0.0,0,0.0,0.0,0.0,0.8762645914396887,0.12373540856031129,1285
55,0,0,55,1000,0.25,0.95,0.0,0,0.0,0.0,0.0,0.8711144806671721,0.1288855193328279,1319
56,0,0,56,1000,0.25,0.95,0.0,0,0.0,0.0,0.0,0.8767843726521413,0.12321562734785875,1331
57,0,0,57,1000,0.25,0.95,0.0,0,0.0,0.0,0.0,0.8805513016845329,0.11944869831546708,1306
58,0,0,58,1000,0.25,0.95,0.0,0,0.0,0.0,0.0,0.8705972434915773,0.12940275650842267,1306
59,0,0,59,1000,0.25,0.95,0.0,0,0.0,0.0,0.0,0.8692607003891051,0.13073929961089495,1285
60,0,0,60,1000,0.25,0.95,0.0,0,0.0,0.0,0.0,0.857034795763994,0.14296520423600606,1322
61,0,0,61,1000,0.25,0.95,0.0,0,0.0,0.0,0.0,0.8576723498888065,0.14232765011119347,1349
62,0,0,62,1000,0.25,0.95,0.0,0,0.0,0.0,0.0,0.8493543758967002,0.15064562410329985,1394
63,0,0,63,1000,0.25,0.95,0.0,0,0.0,0.0,0.0,0.8490432317505315,0.15095676824946846,1411
64,0,0,64,1000,0.25,0.95,0.0,0,0.0,0.0,0.0,0.8271257905832747,0.17287420941672524,1423
65,0,0,65,1000,0.25,0.95,0.0,0,0.0,0.0,0.0,0.8380820013898541,0.16191799861014594,1439
66,0,0,66,1000,0.25,0.95,0.0,0,0.0,0.0,0.0,0.8424460431654677,0.15755395683453238,1390
67,0,0,67,1000,0.25,0.95,0.0,0,0.0,0.0,0.0,0.8358103326256192,0.16418966737438076,1413
68,0,0,68,1000,0.25,0.95,0.0,0,0.0,0.0,0.0,0.8377602297200287,0.16223977027997127,1393
69,0,0,69,1000,0.25,0.95,0.0,0,0.0,0.0,0.0,0.8430813124108416,0.15691868758915833,1402
70,0,0,70,1000,0.25,0.95,0.0,0,0.0,0.0,0.0,0.8463172804532578,0.1536827195467422,1412
71,0,0,71,1000,0.25,0.95,0.0,0,0.0,0.0,0.0,0.8479776847977685,0.15202231520223153,1434
72,0,0,72,1000,0.25,0.95,0.0,0,0.0,0.0,0.0,0.8376852505292872,0.16231474947071278,1417
73,0,0,73,1000,0.25,0.95,0.0,0,0.0,0.0,0.0,0.8255408234473133,0.17445917655268667,1433
74,0,0,74,1000,0.25,0.95,0.0,0,0.0,0.0,0.0,0.8320557491289199,0.16794425087108014,1435
75,0,0,75,1000,0.25,0.95,0.0,0,0.0,0.0,0.0,0.8319327731092437,0.16806722689075632,1428
76,0,0,76,1000,0.25,0.95,0.0,0,0.0,0.0,0.0,0.8483547925608012,0.15164520743919885,1398
77,0,0,77,1000,0.25,0.95,0.0,0,0.0,0.0,0.0,0.8465530022238695,0.15344699777613047,1349
78,0,0,78,1000,0.25,0.95,0.0,0,0.0,0.0,0.0,0.853030303030303,0.14696969696969697,1320
79,0,0,79,1000,0.25,0.95,0.0,0,0.0,0.0,0.0,0.8695652173913043,0.13043478260869565,1357
80,0,0,80,1000,0.25,0.95,0.0,0,0.0,0.0,0.0,0.8697208303507517,0.13027916964924838,1397
81,0,0,81,1000,0.25,0.95,0.0,0,0.0,0.0,0.0,0.8793584379358438,0.1206415620641562,1434
82,0,0,82,1000,0.25,0.95,0.0,0,0.0,0.0,0.0,0.8816979819067502,0.11830201809324982,1437
83,0,0,83,1000,0.25,0.95,0.0,0,0.0,0.0,0.0,0.8850102669404517,0.11498973305954825,1461
84,0,0,84,1000,0.25,0.95,0.0,0,0.0,0.0,0.0,0.8734265734265734,0.12657342657342657,1430
85,0,0,85,1000,0.25,0.95,0.0,0,0.0,0.0,0.0,0.8720538720538721,0.12794612794612795,1485
86,0,0,86,1000,0.25,0.95,0.0,0,0.0,0.0,0.0,0.8701825557809331,0.12981744421906694,1479
87,0,0,87,1000,0.25,0.95,0.0,0,0.0,0.0,0.0,0.8947716743878227,0.10522832561217736,1511
88,0,0,88,1000,0.25,0.95,0.0,0,0.0,0.0,0.0,0.8956578094620868,0.10434219053791316,1543
89,0,0,89,1000,0.25,0.95,0.0,0,0.0,0.0,0.0,0.8963992419456728,0.10360075805432722,1583
90,0,0,90,1000,0.25,0.95,0.0,0,0.0,0.0,0.0,0.9010025062656641,0.09899749373433583,1596
91,0,0,91,1000,0.25,0.95,0.0,0,0.0,0.0,0.0,0.8970861748295103,0.10291382517048978,1613
92,0,0,92,1000,0.25,0.95,0.0,0,0.0,0.0,0.0,0.8979974968710889,0.10200250312891114,1598
93,0,0,93,1000,0.25,0.95,0.0,0,0.0,0.0,0.0,0.8962148962148963,0.10378510378510379,1638
94,0,0,94,1000,0.25,0.95,0.0,0,0.0,0.0,0.0,0.8950920245398774,0.1049079754601227,1630
95,0,0,95,1000,0.25,0.95,0.0,0,0.0,0.0,0.0,0.8916194076874606,0.10838059231253938,1587
96,0,0,96,1000,0.25,0.95,0.0,0,0.0,0.0,0.0,0.8911949685534591,0.10880503144654088,1590
97,0,0,97,1000,0.25,0.95,0.0,0,0.0,0.0,0.0,0.8840390879478828,0.11596091205211727,1535
98,0,0,98,1000,0.25,0.95,0.0,0,0.0,0.0,0.0,0.8636363636363636,0.13636363636363635,1518
99,0,0,99,1000,0.25,0.95,0.0,0,0.0,0.0,0.0,0.8735255570117956,0.12647444298820446,1526
100,0,0,100,1000,0.25,0.95,0.0,0,0.0,0.0,0.0,0.8811881188118812,0.1188118811881188,1515
101,0,0,101,1000,0.25,0.95,0.0,0,0.0,0.0,0.0,0.8751560549313359,0.12484394506866417,1602
102,0,0,102,1000,0.25,0.95,0.0,0,0.0,0.0,0.0,0.8876834716017868,0.11231652839821314,1567
103,0,0,103,1000,0.25,0.95,0.0,0,0.0,0.0,0.0,0.8839285714285714,0.11607142857142858,1568
104,0,0,104,1000,0.25,0.95,0.0,0,0.0,0.0,0.0,0.8815286624203822,0.11847133757961784,1570
105,0,0,105,1000,0.25,0.95,0.0,0,0.0,0.0,0.0,0.874841168996188,0.12515883100381195,1574
106,0,0,106,1000,0.25,0.95,0.0,0,0.0,0.0,0.0,0.8812903225806452,0.11870967741935484,1550
107,0,0,107,1000,0.25,0.95,0.0,0,0.0,0.0,0.0,0.8742820676451819,0.12571793235481812,1567
108,0,0,108,1000,0.25,0.95,0.0,0,0.0,0.0,0.0,0.8850353243416827,0.11496467565831728,1557
109,0,0,109,1000,0.25,0.95,0.0,0,0.0,0.0,0.0,0.8840486867392697,0.1159513132607303,1561
110,0,0,110,1000,0.25,0.95,0.0,0,0.0,0.0,0.0,0.8786127167630058,0.12138728323699421,1557
111,0,0,111,1000,0.25,0.95,0.0,0,0.0,0.0,0.0,0.8829054477144647,0.11709455228553538,1597
112,0,0,112,1000,0.25,0.95,0.0,0,0.0,0.0,0.0,0.8885350318471338,0.11146496815286625,1570
113,0,0,113,1000,0.25,0.95,0.0,0,0.0,0.0,0.0,0.887189292543021,0.11281070745697896,1569
114,0,0,114,1000,0.25,0.95,0.0,0,0.0,0.0,0.0,0.8983268983268984,0.10167310167310167,1554
115,0,0,115,1000,0.25,0.95,0.0,0,0.0,0.0,0.0,0.8886123210952085,0.11138767890479154,1607
116,0,0,116,1000,0.25,0.95,0.0,0,0.0,0.0,0.0,0.8832518337408313,0.1167481662591687,1636
117,0,0,117,1000,0.25,0.95,0.0,0,0.0,0.0,0.0,0.8855751673767498,0.11442483262325015,1643
118,0,0,118,1000,0.25,0.95,0.0,0,0.0,0.0,0.0,0.8909981628903858,0.10900183710961421,1633
119,0,0,119,1000,0.25,0.95,0.0,0,0.0,0.0,0.0,0.9018136335209506,0.09818636647904941,1599
120,0,0,120,1000,0.25,0.95,0.0,0,0.0,0.0,0.0,0.898989898989899,0.10101010101010101,1584
121,0,0,121,1000,0.25,0.95,0.0,0,0.0,0.0,0.0,0.9081967213114754,0.09180327868852459,1525
122,0,0,122,1000,0.25,0.95,0.0,0,0.0,0.0,0.0,0.9144736842105263,0.08552631578947369,1520
123,0,0,123,1000,0.25,0.95,0.0,0,0.0,0.0,0.0,0.9095709570957096,0.09042904290429044,1515
124,0,0,124,1000,0.25,0.95,0.0,0,0.0,0.0,0.0,0.9081225033288948,0.09187749667110519,1502
125,0,0,125,1000,0.25,0.95,0.0,0,0.0,0.0,0.0,0.9064558629776021,0.09354413702239789,1518
126,0,0,126,1000,0.25,0.95,0.0,0,0.0,0.0,0.0,0.9078860172299537,0.09211398277004638,1509
127,0,0,127,1000,0.25,0.95,0.0,0,0.0,0.0,0.0,0.8940092165898618,0.10599078341013825,1519
128,0,0,128,1000,0.25,0.95,0.0,0,0.0,0.0,0.0,0.889967637540453,0.11003236245954692,1545
129,0,0,129,1000,0.25,0.95,0.0,0,0.0,0.0,0.0,0.8783000643915003,0.12169993560849968,1553
130,0,0,130,1000,0.25,0.95,0.0,0,0.0,0.0,0.0,0.8914431673052363,0.10855683269476372,1566
131,0,0,131,1000,0.25,0.95,0.0,0,0.0,0.0,0.0,0.9119741100323625,0.08802588996763754,1545
132,0,0,132,1000,0.25,0.95,0.0,0,0.0,0.0,0.0,0.9137709137709138,0.08622908622908623,1554
133,0,0,133,1000,0.25,0.95,0.0,0,0.0,0.0,0.0,0.9208494208494209,0.07915057915057915,1554
134,0,0,134,1000,0.25,0.95,0.0,0,0.0,0.0,0.0,0.9120102761721259,0.08798972382787412,1557
135,0,0,135,1000,0.25,0.95,0.0,0,0.0,0.0,0.0,0.9084595959595959,0.09154040404040405,1584
136,0,0,136,1000,0.25,0.95,0.0,0,0.0,0.0,0.0,0.9119138149556401,0.08808618504435994,1578
137,0,0,137,1000,0.25,0.95,0.0,0,0.0,0.0,0.0,0.9058323207776428,0.09416767922235723,1646
138,0,0,138,1000,0.25,0.95,0.0,0,0.0,0.0,0.0,0.9058539529269765,0.09414604707302354,1657
139,0,0,139,1000,0.25,0.95,0.0,0,0.0,0.0,0.0,0.8954785672342924,0.10452143276570758,1703
140,0,0,140,1000,0.25,0.95,0.0,0,0.0,0.0,0.0,0.8923076923076924,0.1076923076923077,1690
141,0,0,141,1000,0.25,0.95,0.0,0,0.0,0.0,0.0,0.8894616265750286,0.11053837342497136,1746
142,0,0,142,1000,0.25,0.95,0.0,0,0.0,0.0,0.0,0.8778840742824986,0.1221159257175014,1777
143,0,0,143,1000,0.25,0.95,0.0,0,0.0,0.0,0.0,0.8708025042686397,0.12919749573136027,1757
144,0,0,144,1000,0.25,0.95,0.0,0,0.0,0.0,0.0,0.8829487900956668,0.11705120990433314,1777
145,0,0,145,1000,0.25,0.95,0.0,0,0.0,0.0,0.0,0.8779944289693593,0.12200557103064066,1795
146,0,0,146,1000,0.25,0.95,0.0,0,0.0,0.0,0.0,0.8843767625493514,0.11562323745064862,1773
147,0,0,147,1000,0.25,0.95,0.0,0,0.0,0.0,0.0,0.9033164699269253,0.09668353007307476,1779
148,0,0,148,1000,0.25,0.95,0.0,0,0.0,0.0,0.0,0.92,0.08,1750
149,0,0,149,1000,0.25,0.95,0.0,0,0.0,0.0,0.0,0.9151480637813212,0.08485193621867881,1756
150,0,0,150,1000,0.25,0.95,0.0,0,0.0,0.0,0.0,0.9091428571428571,0.09085714285714286,1750
151,0,0,151,1000,0.25,0.95,0.0,0,0.0,0.0,0.0,0.8959276018099548,0.10407239819004525,1768
152,0,0,152,1000,0.25,0.95,0.0,0,0.0,0.0,0.0,0.8912300683371298,0.10876993166287016,1756
153,0,0,153,1000,0.25,0.95,0.0,0,0.0,0.0,0.0,0.8930205949656751,0.10697940503432495,1748
154,0,0,154,1000,0.25,0.95,0.0,0,0.0,0.0,0.0,0.8825842696629214,0.11741573033707865,1780
155,0,0,155,1000,0.25,0.95,0.0,0,0.0,0.0,0.0,0.8876772082878953,0.11232279171210469,1834
156,0,0,156,1000,0.25,0.95,0.0,0,0.0,0.0,0.0,0.8851244044467973,0.11487559555320276,1889
157,0,0,157,1000,0.25,0.95,0.0,0,0.0,0.0,0.0,0.8762720942688805,0.12372790573111944,1867
158,0,0,158,1000,0.25,0.95,0.0,0,0.0,0.0,0.0,0.8783126014061655,0.12168739859383451,1849
159,0,0,159,1000,0.25,0.95,0.0,0,0.0,0.0,0.0,0.8989679521998913,0.10103204780010863,1841
160,0,0,160,1000,0.25,0.95,0.0,0,0.0,0.0,0.0,0.8953732912723449,0.1046267087276551,1902
161,0,0,161,1000,0.25,0.95,0.0,0,0.0,0.0,0.0,0.8898989898989899,0.1101010101010101,1980
162,0,0,162,1000,0.25,0.95,0.0,0,0.0,0.0,0.0,0.8881612090680101,0.11183879093198992,1985
163,0,0,163,1000,0.25,0.95,0.0,0,0.0,0.0,0.0,0.8947635993899339,0.10523640061006609,1967
164,0,0,164,1000,0.25,0.95,0.0,0,0.0,0.0,0.0,0.9016811003565971,0.09831889964340296,1963
165,0,0,165,1000,0.25,0.95,0.0,0,0.0,0.0,0.0,0.9006179196704428,0.09938208032955716,1942
166,0,0,166,1000,0.25,0.95,0.0,0,0.0,0.0,0.0,0.9001568217459488,0.09984317825405123,1913
167,0,0,167,1000,0.25,0.95,0.0,0,0.0,0.0,0.0,0.8978723404255319,0.10212765957446808,1880
168,0,0,168,1000,0.25,0.95,0.0,0,0.0,0.0,0.0,0.9051133368476542,0.09488666315234581,1897
169,0,0,169,1000,0.25,0.95,0.0,0,0.0,0.0,0.0,0.8905109489051095,0.10948905109489052,1918
170,0,0,170,1000,0.25,0.95,0.0,0,0.0,0.0,0.0,0.8735691987513007,0.12643080124869926,1922
171,0,0,171,1000,0.25,0.95,0.0,0,0.0,0.0,0.0,0.86418458311484,0.13581541688515994,1907
172,0,0,172,1000,0.25,0.95,0.0,0,0.0,0.0,0.0,0.8693388859968766,0.13066111400312339,1921
173,0,0,173,1000,0.25,0.95,0.0,0,0.0,0.0,0.0,0.874468085106383,0.125531914893617,1880
174,0,0,174,1000,0.25,0.95,0.0,0,0.0,0.0,0.0,0.8622340425531915,0.1377659574468085,1880
175,0,0,175,1000,0.25,0.95,0.0,0,0.0,0.0,0.0,0.8711755233494364,0.1288244766505636,1863
176,0,0,176,1000,0.25,0.95,0.0,0,0.0,0.0,0.0,0.8732984293193717,0.12670157068062826,1910
177,0,0,177,1000,0.25,0.95,0.0,0,0.0,0.0,0.0,0.8830287206266318,0.11697127937336814,1915
178,0,0,178,1000,0.25,0.95,0.0,0,0.0,0.0,0.0,0.8790816326530613,0.12091836734693878,1960
179,0,0,179,1000,0.25,0.95,0.0,0,0.0,0.0,0.0,0.8809766022380467,0.1190233977619532,1966
180,0,0,180,1000,0.25,0.95,0.0,0,0.0,0.0,0.0,0.8853439680957128,0.11465603190428714,2006
181,0,0,181,1000,0.25,0.95,0.0,0,0.0,0.0,0.0,0.8827377956718672,0.11726220432813286,1987
182,0,0,182,1000,0.25,0.95,0.0,0,0.0,0.0,0.0,0.8741116751269036,0.12588832487309645,1970
183,0,0,183,1000,0.25,0.95,0.0,0,0.0,0.0,0.0,0.8698284561049445,0.1301715438950555,1982
184,0,0,184,1000,0.25,0.95,0.0,0,0.0,0.0,0.0,0.871377732587697,0.128622267412303,1967
185,0,0,185,1000,0.25,0.95,0.0,0,0.0,0.0,0.0,0.8641604010025062,0.13583959899749373,1995
186,0,0,186,1000,0.25,0.95,0.0,0,0.0,0.0,0.0,0.8689344672336168,0.1310655327663832,1999
187,0,0,187,1000,0.25,0.95,0.0,0,0.0,0.0,0.0,0.8753154972236245,0.12468450277637556,1981
188,0,0,188,1000,0.25,0.95,0.0,0,0.0,0.0,0.0,0.8819688598694123,0.11803114013058764,1991
189,0,0,189,1000,0.25,0.95,0.0,0,0.0,0.0,0.0,0.877381533952125,0.12261846604787494,2047
190,0,0,190,1000,0.25,0.95,0.0,0,0.0,0.0,0.0,0.8797101449275362,0.12028985507246377,2070
191,0,0,191,1000,0.25,0.95,0.0,0,0.0,0.0,0.0,0.8904899135446686,0.10951008645533142,2082
192,0,0,192,1000,0.25,0.95,0.0,0,0.0,0.0,0.0,0.9029312830370014,0.09706871696299856,2081
193,0,0,193,1000,0.25,0.95,0.0,0,0.0,0.0,0.0,0.9060562708631378,0.09394372913686218,2097
194,0,0,194,1000,0.25,0.95,0.0,0,0.0,0.0,0.0,0.9025566811384467,0.0974433188615533,2073
195,0,0,195,1000,0.25,0.95,0.0,0,0.0,0.0,0.0,0.8904045155221072,0.10959548447789276,2126
196,0,0,196,1000,0.25,0.95,0.0,0,0.0,0.0,0.0,0.8883104590629437,0.11168954093705631,2113
197,0,0,197,1000,0.25,0.95,0.0,0,0.0,0.0,0.0,0.8728893058161351,0.12711069418386492,2132
198,0,0,198,1000,0.25,0.95,0.0,0,0.0,0.0,0.0,0.8727965697951405,0.12720343020485947,2099
199,0,0,199,1000,0.25,0.95,0.0,0,0.0,0.0,0.0,0.8709206039941549,0.12907939600584512,2053
200,0,0,200,1000,0.25,0.95,0.0,0,0.0,0.0,0.0,0.871339414306289,0.128660585693711,2083
201,0,0,201,1000,0.25,0.95,0.0,0,0.0,0.0,0.0,0.8663021868787276,0.13369781312127235,2012
202,0,0,202,1000,0.25,0.95,0.0,0,0.0,0.0,0.0,0.8549096238397655,0.14509037616023449,2047
203,0,0,203,1000,0.25,0.95,0.0,0,0.0,0.0,0.0,0.8330087633885103,0.16699123661148976,2054
204,0,0,204,1000,0.25,0.95,0.0,0,0.0,0.0,0.0,0.8321167883211679,0.1678832116788321,2055
205,0,0,205,1000,0.25,0.95,0.0,0,0.0,0.0,0.0,0.8278018278018278,0.1721981721981722,2079
206,0,0,206,1000,0.25,0.95,0.0,0,0.0,0.0,0.0,0.828544061302682,0.171455938697318,2088
207,0,0,207,1000,0.25,0.95,0.0,0,0.0,0.0,0.0,0.8290680830516659,0.17093191694833415,2071
208,0,0,208,1000,0.25,0.95,0.0,0,0.0,0.0,0.0,0.8241010689990281,0.17589893100097181,2058
209,0,0,209,1000,0.25,0.95,0.0,0,0.0,0.0,0.0,0.8240695988400193,0.17593040115998065,2069
210,0,0,210,1000,0.25,0.95,0.0,0,0.0,0.0,0.0,0.8404819277108434,0.15951807228915663,2075
211,0,0,211,1000,0.25,0.95,0.0,0,0.0,0.0,0.0,0.8377234242709313,0.16227657572906867,2126
212,0,0,212,1000,0.25,0.95,0.0,0,0.0,0.0,0.0,0.833095577746077,0.16690442225392296,2103
213,0,0,213,1000,0.25,0.95,0.0,0,0.0,0.0,0.0,0.8264580369843528,0.17354196301564723,2109
214,0,0,214,1000,0.25,0.95,0.0,0,0.0,0.0,0.0,0.8210477515067223,0.1789522484932777,2157
215,0,0,215,1000,0.25,0.95,0.0,0,0.0,0.0,0.0,0.8260267651130595,0.17397323488694047,2167
216,0,0,216,1000,0.25,0.95,0.0,0,0.0,0.0,0.0,0.8227315247895229,0.1772684752104771,2138
217,0,0,217,1000,0.25,0.95,0.0,0,0.0,0.0,0.0,0.8136234626300851,0.18637653736991486,2114
218,0,0,218,1000,0.25,0.95,0.0,0,0.0,0.0,0.0,0.8256130790190735,0.17438692098092642,2202
219,0,0,219,1000,0.25,0.95,0.0,0,0.0,0.0,0.0,0.8172335600907029,0.18276643990929706,2205
220,0,0,220,1000,0.25,0.95,0.0,0,0.0,0.0,0.0,0.8212627669452182,0.1787372330547818,2154
221,0,0,221,1000,0.25,0.95,0.0,0,0.0,0.0,0.0,0.812152133580705,0.187847866419295,2156
222,0,0,222,1000,0.25,0.95,0.0,0,0.0,0.0,0.0,0.8211645101663586,0.1788354898336414,2164
223,0,0,223,1000,0.25,0.95,0.0,0,0.0,0.0,0.0,0.8191489361702128,0.18085106382978725,2162
224,0,0,224,1000,0.25,0.95,0.0,0,0.0,0.0,0.0,0.8153988868274582,0.18460111317254174,2156
225,0,0,225,1000,0.25,0.95,0.0,0,0.0,0.0,0.0,0.820501138952164,0.179498861047836,2195
226,0,0,226,1000,0.25,0.95,0.0,0,0.0,0.0,0.0,0.8242870285188593,0.17571297148114076,2174
227,0,0,227,1000,0.25,0.95,0.0,0,0.0,0.0,0.0,0.8152924919391985,0.18470750806080147,2171
228,0,0,228,1000,0.25,0.95,0.0,0,0.0,0.0,0.0,0.8055172413793104,0.19448275862068964,2175
229,0,0,229,1000,0.25,0.95,0.0,0,0.0,0.0,0.0,0.8011882998171846,0.19881170018281535,2188
230,0,0,230,1000,0.25,0.95,0.0,0,0.0,0.0,0.0,0.799373040752351,0.2006269592476489,2233
231,0,0,231,1000,0.25,0.95,0.0,0,0.0,0.0,0.0,0.7959363957597173,0.2040636042402827,2264
232,0,0,232,1000,0.25,0.95,0.0,0,0.0,0.0,0.0,0.7935168738898757,0.20648312611012434,2252
233,0,0,233,1000,0.25,0.95,0.0,0,0.0,0.0,0.0,0.786935554581324,0.21306444541867603,2281
234,0,0,234,1000,0.25,0.95,0.0,0,0.0,0.0,0.0,0.7786492374727669,0.22135076252723312,2295
235,0,0,235,1000,0.25,0.95,0.0,0,0.0,0.0,0.0,0.8000869187309865,0.19991308126901347,2301
236,0,0,236,1000,0.25,0.95,0.0,0,0.0,0.0,0.0,0.8017826825127334,0.19821731748726656,2356
237,0,0,237,1000,0.25,0.95,0.0,0,0.0,0.0,0.0,0.8203158344003414,0.17968416559965855,2343
238,0,0,238,1000,0.25,0.95,0.0,0,0.0,0.0,0.0,0.8196512122501063,0.18034878774989366,2351
239,0,0,239,1000,0.25,0.95,0.0,0,0.0,0.0,0.0,0.8192923336141533,0.18070766638584668,2374
240,0,0,240,1000,0.25,0.95,0.0,0,0.0,0.0,0.0,0.8273322422258592,0.17266775777414076,2444
241,0,0,241,1000,0.25,0.95,0.0,0,0.0,0.0,0.0,0.830335241210139,0.169664758789861,2446
242,0,0,242,1000,0.25,0.95,0.0,0,0.0,0.0,0.0,0.8456,0.1544,2500
243,0,0,243,1000,0.25,0.95,0.0,0,0.0,0.0,0.0,0.8531385708645874,0.14686142913541256,2533
244,0,0,244,1000,0.25,0.95,0.0,0,0.0,0.0,0.0,0.860774818401937,0.13922518159806296,2478
245,0,0,245,1000,0.25,0.95,0.0,0,0.0,0.0,0.0,0.8583895279650933,0.1416104720349068,2521
246,0,0,246,1000,0.25,0.95,0.0,0,0.0,0.0,0.0,0.8657200811359026,0.13427991886409738,2465
247,0,0,247,1000,0.25,0.95,0.0,0,0.0,0.0,0.0,0.8759036144578313,0.12409638554216867,2490
248,0,0,248,1000,0.25,0.95,0.0,0,0.0,0.0,0.0,0.8877913868036349,0.11220861319636508,2531
249,0,0,249,1000,0.25,0.95,0.0,0,0.0,0.0,0.0,0.8911242603550296,0.10887573964497041,2535
250,0,0,250,1000,0.25,0.95,0.0,0,0.0,0.0,0.0,0.8836223506743738,0.1163776493256262,2595
251,0,0,251,1000,0.25,0.95,0.0,0,0.0,0.0,0.0,0.8953040800615858,0.10469591993841416,2598
252,0,0,252,1000,0.25,0.95,0.0,0,0.0,0.0,0.0,0.8934362934362934,0.10656370656370656,2590
253,0,0,253,1000,0.25,0.95,0.0,0,0.0,0.0,0.0,0.8824415975885456,0.1175584024114544,2654
254,0,0,254,1000,0.25,0.95,0.0,0,0.0,0.0,0.0,0.8819806403574088,0.11801935964259122,2686
255,0,0,255,1000,0.25,0.95,0.0,0,0.0,0.0,0.0,0.8854675178370259,0.11453248216297408,2663
256,0,0,256,1000,0.25,0.95,0.0,0,0.0,0.0,0.0,0.8881456707543665,0.1118543292456336,2691
257,0,0,257,1000,0.25,0.95,0.0,0,0.0,0.0,0.0,0.8905380333951762,0.10946196660482375,2695
258,0,0,258,1000,0.25,0.95,0.0,0,0.0,0.0,0.0,0.8874813710879285,0.11251862891207154,2684
259,0,0,259,1000,0.25,0.95,0.0,0,0.0,0.0,0.0,0.8793425476279417,0.12065745237205827,2677
260,0,0,260,1000,0.25,0.95,0.0,0,0.0,0.0,0.0,0.884828349944629,0.11517165005537099,2709
261,0,0,261,1000,0.25,0.95,0.0,0,0.0,0.0,0.0,0.891320474777448,0.10867952522255193,2696
262,0,0,262,1000,0.25,0.95,0.0,0,0.0,0.0,0.0,0.8880237300704487,0.11197626992955136,2697
263,0,0,263,1000,0.25,0.95,0.0,0,0.0,0.0,0.0,0.8903249630723782,0.10967503692762186,2708
264,0,0,264,1000,0.25,0.95,0.0,0,0.0,0.0,0.0,0.8980582524271845,0.10194174757281553,2678
265,0,0,265,1000,0.25,0.95,0.0,0,0.0,0.0,0.0,0.9012066365007542,0.09879336349924585,2652
266,0,0,266,1000,0.25,0.95,0.0,0,0.0,0.0,0.0,0.9056460780598712,0.09435392194012884,2639
267,0,0,267,1000,0.25,0.95,0.0,0,0.0,0.0,0.0,0.9134542705971277,0.08654572940287227,2646
268,0,0,268,1000,0.25,0.95,0.0,0,0.0,0.0,0.0,0.9119425547996977,0.08805744520030234,2646
269,0,0,269,1000,0.25,0.95,0.0,0,0.0,0.0,0.0,0.907598319969454,0.09240168003054601,2619
270,0,0,270,1000,0.25,0.95,0.0,0,0.0,0.0,0.0,0.9045963692545385,0.09540363074546157,2589
271,0,0,271,1000,0.25,0.95,0.0,0,0.0,0.0,0.0,0.9051620648259304,0.09483793517406963,2499
272,0,0,272,1000,0.25,0.95,0.0,0,0.0,0.0,0.0,0.909895414320193,0.09010458567980692,2486
273,0,0,273,1000,0.25,0.95,0.0,0,0.0,0.0,0.0,0.9198872785829307,0.08011272141706924,2484
274,0,0,274,1000,0.25,0.95,0.0,0,0.0,0.0,0.0,0.9237595804759984,0.07624041952400161,2479
275,0,0,275,1000,0.25,0.95,0.0,0,0.0,0.0,0.0,0.9305669679539852,0.0694330320460148,2434
276,0,0,276,1000,0.25,0.95,0.0,0,0.0,0.0,0.0,0.9356029532403609,0.06439704675963905,2438
277,0,0,277,1000,0.25,0.95,0.0,0,0.0,0.0,0.0,0.934560327198364,0.065439672801636,2445
278,0,0,278,1000,0.25,0.95,0.0,0,0.0,0.0,0.0,0.9240710823909531,0.07592891760904685,2476
279,0,0,279,1000,0.25,0.95,0.0,0,0.0,0.0,0.0,0.9218189070602314,0.07818109293976865,2507
280,0,0,280,1000,0.25,0.95,0.0,0,0.0,0.0,0.0,0.9212022745735174,0.07879772542648253,2462
281,0,0,281,1000,0.25,0.95,0.0,0,0.0,0.0,0.0,0.9162011173184358,0.08379888268156424,2506
282,0,0,282,1000,0.25,0.95,0.0,0,0.0,0.0,0.0,0.9184652278177458,0.0815347721822542,2502
283,0,0,283,1000,0.25,0.95,0.0,0,0.0,0.0,0.0,0.9176938369781312,0.08230616302186879,2515
284,0,0,284,1000,0.25,0.95,0.0,0,0.0,0.0,0.0,0.919526627218935,0.08047337278106509,2535
285,0,0,285,1000,0.25,0.95,0.0,0,0.0,0.0,0.0,0.9212382445141066,0.07876175548589341,2552
286,0,0,286,1000,0.25,0.95,0.0,0,0.0,0.0,0.0,0.9208234362628662,0.0791765637371338,2526
287,0,0,287,1000,0.25,0.95,0.0,0,0.0,0.0,0.0,0.922265625,0.077734375,2560
288,0,0,288,1000,0.25,0.95,0.0,0,0.0,0.0,0.0,0.9185642609031262,0.0814357390968738,2591
289,0,0,289,1000,0.25,0.95,0.0,0,0.0,0.0,0.0,0.9145398298530549,0.08546017014694508,2586
290,0,0,290,1000,0.25,0.95,0.0,0,0.0,0.0,0.0,0.9114624505928853,0.08853754940711463,2530
291,0,0,291,1000,0.25,0.95,0.0,0,0.0,0.0,0.0,0.911741214057508,0.08825878594249201,2504
292,0,0,292,1000,0.25,0.95,0.0,0,0.0,0.0,0.0,0.9112545381202097,0.08874546187979024,2479
293,0,0,293,1000,0.25,0.95,0.0,0,0.0,0.0,0.0,0.9096560298383755,0.09034397016162453,2413
294,0,0,294,1000,0.25,0.95,0.0,0,0.0,0.0,0.0,0.8986212489862125,0.10137875101378752,2466
295,0,0,295,1000,0.25,0.95,0.0,0,0.0,0.0,0.0,0.899874319229158,0.10012568077084207,2387
296,0,0,296,1000,0.25,0.95,0.0,0,0.0,0.0,0.0,0.900288421920066,0.09971157807993407,2427
297,0,0,297,1000,0.25,0.95,0.0,0,0.0,0.0,0.0,0.8917894736842106,0.10821052631578948,2375
298,0,0,298,1000,0.25,0.95,0.0,0,0.0,0.0,0.0,0.8982112436115843,0.10178875638841567,2348
299,0,0,299,1000,0.25,0.95,0.0,0,0.0,0.0,0.0,0.8986574274577739,0.10134257254222608,2309
300,0,0,300,1000,0.25,0.95,0.0,0,0.0,0.0,0.0,0.896357328707719,0.10364267129228101,2306
301,0,0,301,1000,0.25,0.95,0.0,0,0.0,0.0,0.0,0.8883205456095482,0.11167945439045183,2346
302,0,0,302,1000,0.25,0.95,0.0,0,0.0,0.0,0.0,0.8854077253218884,0.11459227467811159,2330
303,0,0,303,1000,0.25,0.95,0.0,0,0.0,0.0,0.0,0.8897027143472641,0.11029728565273589,2321
304,0,0,304,1000,0.25,0.95,0.0,0,0.0,0.0,0.0,0.8956819153484396,0.10431808465156049,2339
305,0,0,305,1000,0.25,0.95,0.0,0,0.0,0.0,0.0,0.8931750741839762,0.10682492581602374,2359
306,0,0,306,1000,0.25,0.95,0.0,0,0.0,0.0,0.0,0.8784246575342466,0.12157534246575342,2336
307,0,0,307,1000,0.25,0.95,0.0,0,0.0,0.0,0.0,0.8770526315789474,0.12294736842105262,2375
308,0,0,308,1000,0.25,0.95,0.0,0,0.0,0.0,0.0,0.8804071246819338,0.11959287531806616,2358
309,0,0,309,1000,0.25,0.95,0.0,0,0.0,0.0,0.0,0.8763952046300124,0.1236047953699876,2419
310,0,0,310,1000,0.25,0.95,0.0,0,0.0,0.0,0.0,0.880130028443722,0.11986997155627793,2461
311,0,0,311,1000,0.25,0.95,0.0,0,0.0,0.0,0.0,0.8892068683565004,0.11079313164349959,2446
312,0,0,312,1000,0.25,0.95,0.0,0,0.0,0.0,0.0,0.8931144915932746,0.10688550840672538,2498
313,0,0,313,1000,0.25,0.95,0.0,0,0.0,0.0,0.0,0.8819277108433735,0.1180722891566265,2490
314,0,0,314,1000,0.25,0.95,0.0,0,0.0,0.0,0.0,0.8695829926410467,0.1304170073589534,2446
315,0,0,315,1000,0.25,0.95,0.0,0,0.0,0.0,0.0,0.8593558907460253,0.14064410925397472,2453
316,0,0,316,1000,0.25,0.95,0.0,0,0.0,0.0,0.0,0.873314262362076,0.12668573763792398,2447
317,0,0,317,1000,0.25,0.95,0.0,0,0.0,0.0,0.0,0.8794297352342159,0.12057026476578411,2455
318,0,0,318,1000,0.25,0.95,0.0,0,0.0,0.0,0.0,0.8658289420348602,0.13417105796513984,2467
319,0,0,319,1000,0.25,0.95,0.0,0,0.0,0.0,0.0,0.8664481769766489,0.13355182302335109,2441
320,0,0,320,1000,0.25,0.95,0.0,0,0.0,0.0,0.0,0.8743781094527363,0.1256218905472637,2412
321,0,0,321,1000,0.25,0.95,0.0,0,0.0,0.0,0.0,0.8618121638394705,0.13818783616052957,2417
322,0,0,322,1000,0.25,0.95,0.0,0,0.0,0.0,0.0,0.874646178730287,0.1253538212697129,2473
323,0,0,323,1000,0.25,0.95,0.0,0,0.0,0.0,0.0,0.8686786296900489,0.13132137030995106,2452
324,0,0,324,1000,0.25,0.95,0.0,0,0.0,0.0,0.0,0.8739804241435563,0.12601957585644372,2452
325,0,0,325,1000,0.25,0.95,0.0,0,0.0,0.0,0.0,0.8664185277088503,0.13358147229114972,2418
326,0,0,326,1000,0.25,0.95,0.0,0,0.0,0.0,0.0,0.8683876428269149,0.13161235717308506,2363
327,0,0,327,1000,0.25,0.95,0.0,0,0.0,0.0,0.0,0.864228667507356,0.13577133249264398,2379
328,0,0,328,1000,0.25,0.95,0.0,0,0.0,0.0,0.0,0.8722267871815941,0.12777321281840592,2434
329,0,0,329,1000,0.25,0.95,0.0,0,0.0,0.0,0.0,0.8811841038118411,0.11881589618815896,2466
330,0,0,330,1000,0.25,0.95,0.0,0,0.0,0.0,0.0,0.8746391752577319,0.12536082474226803,2425
331,0,0,331,1000,0.25,0.95,0.0,0,0.0,0.0,0.0,0.890742285237698,0.10925771476230192,2398
332,0,0,332,1000,0.25,0.95,0.0,0,0.0,0.0,0.0,0.8892603426661095,0.11073965733389052,2393
333,0,0,333,1000,0.25,0.95,0.0,0,0.0,0.0,0.0,0.9014675052410901,0.09853249475890985,2385
334,0,0,334,1000,0.25,0.95,0.0,0,0.0,0.0,0.0,0.8935456831517183,0.10645431684828165,2386
335,0,0,335,1000,0.25,0.95,0.0,0,0.0,0.0,0.0,0.884075907590759,0.11592409240924093,2424
336,0,0,336,1000,0.25,0.95,0.0,0,0.0,0.0,0.0,0.8914120561519405,0.10858794384805945,2422
337,0,0,337,1000,0.25,0.95,0.0,0,0.0,0.0,0.0,0.8944954128440367,0.10550458715596331,2398
338,0,0,338,1000,0.25,0.95,0.0,0,0.0,0.0,0.0,0.9023104985812728,0.0976895014187272,2467
339,0,0,339,1000,0.25,0.95,0.0,0,0.0,0.0,0.0,0.9058149058149059,0.09418509418509419,2442
340,0,0,340,1000,0.25,0.95,0.0,0,0.0,0.0,0.0,0.9156725627313863,0.08432743726861373,2431
341,0,0,341,1000,0.25,0.95,0.0,0,0.0,0.0,0.0,0.9204406364749081,0.0795593635250918,2451
342,0,0,342,1000,0.25,0.95,0.0,0,0.0,0.0,0.0,0.915543219666931,0.084456780333069,2522
343,0,0,343,1000,0.25,0.95,0.0,0,0.0,0.0,0.0,0.9202983902630546,0.07970160973694543,2547
344,0,0,344,1000,0.25,0.95,0.0,0,0.0,0.0,0.0,0.9154541879669682,0.08454581203303185,2543
345,0,0,345,1000,0.25,0.95,0.0,0,0.0,0.0,0.0,0.9190251572327044,0.0809748427672956,2544
346,0,0,346,1000,0.25,0.95,0.0,0,0.0,0.0,0.0,0.9090552724421795,0.09094472755782046,2551
347,0,0,347,1000,0.25,0.95,0.0,0,0.0,0.0,0.0,0.9168975069252078,0.08310249307479224,2527
348,0,0,348,1000,0.25,0.95,0.0,0,0.0,0.0,0.0,0.922562893081761,0.07743710691823899,2544
349,0,0,349,1000,0.25,0.95,0.0,0,0.0,0.0,0.0,0.9284317559640204,0.07156824403597967,2557
350,0,0,350,1000,0.25,0.95,0.0,0,0.0,0.0,0.0,0.9398525417151726,0.060147458284827315,2577
351,0,0,351,1000,0.25,0.95,0.0,0,0.0,0.0,0.0,0.9351708074534162,0.06482919254658386,2576
352,0,0,352,1000,0.25,0.95,0.0,0,0.0,0.0,0.0,0.9422562141491396,0.05774378585086042,2615
353,0,0,353,1000,0.25,0.95,0.0,0,0.0,0.0,0.0,0.9480717831233295,0.051928216876670485,2619
354,0,0,354,1000,0.25,0.95,0.0,0,0.0,0.0,0.0,0.9393706830391404,0.060629316960859554,2606
355,0,0,355,1000,0.25,0.95,0.0,0,0.0,0.0,0.0,0.9401448722836446,0.059855127716355316,2623
356,0,0,356,1000,0.25,0.95,0.0,0,0.0,0.0,0.0,0.9348074723598933,0.06519252764010675,2623
357,0,0,357,1000,0.25,0.95,0.0,0,0.0,0.0,0.0,0.9349716446124764,0.06502835538752363,2645
358,0,0,358,1000,0.25,0.95,0.0,0,0.0,0.0,0.0,0.9404540379605508,0.0595459620394492,2687
359,0,0,359,1000,0.25,0.95,0.0,0,0.0,0.0,0.0,0.9474664679582713,0.05253353204172876,2684
360,0,0,360,1000,0.25,0.95,0.0,0,0.0,0.0,0.0,0.9460144927536231,0.05398550724637681,2760
361,0,0,361,1000,0.25,0.95,0.0,0,0.0,0.0,0.0,0.9420547458229648,0.057945254177035194,2813
362,0,0,362,1000,0.25,0.95,0.0,0,0.0,0.0,0.0,0.9379652605459057,0.062034739454094295,2821
363,0,0,363,1000,0.25,0.95,0.0,0,0.0,0.0,0.0,0.9274392391687214,0.07256076083127862,2839
364,0,0,364,1000,0.25,0.95,0.0,0,0.0,0.0,0.0,0.9261186264308012,0.07388137356919876,2883
365,0,0,365,1000,0.25,0.95,0.0,0,0.0,0.0,0.0,0.9231571627260083,0.07684283727399166,2876
366,0,0,366,1000,0.25,0.95,0.0,0,0.0,0.0,0.0,0.9149623250807319,0.08503767491926803,2787
367,0,0,367,1000,0.25,0.95,0.0,0,0.0,0.0,0.0,0.9144227222427148,0.08557727775728513,2711
368,0,0,368,1000,0.25,0.95,0.0,0,0.0,0.0,0.0,0.9151047409040793,0.08489525909592062,2721
369,0,0,369,1000,0.25,0.95,0.0,0,0.0,0.0,0.0,0.9213524439544285,0.07864755604557148,2721
370,0,0,370,1000,0.25,0.95,0.0,0,0.0,0.0,0.0,0.925764192139738,0.07423580786026202,2748
371,0,0,371,1000,0.25,0.95,0.0,0,0.0,0.0,0.0,0.9249557522123893,0.07504424778761062,2825
372,0,0,372,1000,0.25,0.95,0.0,0,0.0,0.0,0.0,0.9250700280112045,0.07492997198879552,2856
373,0,0,373,1000,0.25,0.95,0.0,0,0.0,0.0,0.0,0.9335910049191848,0.06640899508081517,2846
374,0,0,374,1000,0.25,0.95,0.0,0,0.0,0.0,0.0,0.9308787773532476,0.06912122264675234,2879
375,0,0,375,1000,0.25,0.95,0.0,0,0.0,0.0,0.0,0.9362068965517242,0.06379310344827586,2900
376,0,0,376,1000,0.25,0.95,0.0,0,0.0,0.0,0.0,0.9281161473087819,0.07188385269121814,2824
377,0,0,377,1000,0.25,0.95,0.0,0,0.0,0.0,0.0,0.9226169539219135,0.07738304607808653,2843
378,0,0,378,1000,0.25,0.95,0.0,0,0.0,0.0,0.0,0.9248146840804801,0.07518531591951995,2833
379,0,0,379,1000,0.25,0.95,0.0,0,0.0,0.0,0.0,0.9236721772775237,0.07632782272247626,2843
380,0,0,380,1000,0.25,0.95,0.0,0,0.0,0.0,0.0,0.917022792022792,0.08297720797720798,2808
381,0,0,381,1000,0.25,0.95,0.0,0,0.0,0.0,0.0,0.9148199445983379,0.08518005540166206,2888
382,0,0,382,1000,0.25,0.95,0.0,0,0.0,0.0,0.0,0.9166381961052272,0.08336180389477281,2927
383,0,0,383,1000,0.25,0.95,0.0,0,0.0,0.0,0.0,0.9182156133828996,0.08178438661710037,2959
384,0,0,384,1000,0.25,0.95,0.0,0,0.0,0.0,0.0,0.919026991002999,0.080973008997001,3001
385,0,0,385,1000,0.25,0.95,0.0,0,0.0,0.0,0.0,0.9132871744147708,0.08671282558522915,3033
386,0,0,386,1000,0.25,0.95,0.0,0,0.0,0.0,0.0,0.9067323481116585,0.09326765188834155,3045
387,0,0,387,1000,0.25,0.95,0.0,0,0.0,0.0,0.0,0.9071688140072679,0.09283118599273207,3027
388,0,0,388,1000,0.25,0.95,0.0,0,0.0,0.0,0.0,0.916247906197655,0.08375209380234507,2985
389,0,0,389,1000,0.25,0.95,0.0,0,0.0,0.0,0.0,0.9123041013671224,0.08769589863287762,2999
390,0,0,390,1000,0.25,0.95,0.0,0,0.0,0.0,0.0,0.9069844422376696,0.09301555776233035,3021
391,0,0,391,1000,0.25,0.95,0.0,0,0.0,0.0,0.0,0.9124015748031497,0.08759842519685039,3048
392,0,0,392,1000,0.25,0.95,0.0,0,0.0,0.0,0.0,0.9180706970597952,0.08192930294020483,3027
393,0,0,393,1000,0.25,0.95,0.0,0,0.0,0.0,0.0,0.9320261437908497,0.06797385620915032,3060
394,0,0,394,1000,0.25,0.95,0.0,0,0.0,0.0,0.0,0.9361211722094172,0.0638788277905828,3037
395,0,0,395,1000,0.25,0.95,0.0,0,0.0,0.0,0.0,0.9313949689643907,0.06860503103560928,3061
396,0,0,396,1000,0.25,0.95,0.0,0,0.0,0.0,0.0,0.92749343832021,0.07250656167979003,3048
397,0,0,397,1000,0.25,0.95,0.0,0,0.0,0.0,0.0,0.9366710875331565,0.0633289124668435,3016
398,0,0,398,1000,0.25,0.95,0.0,0,0.0,0.0,0.0,0.9357828533598146,0.06421714664018537,3021
399,0,0,399,1000,0.25,0.95,0.0,0,0.0,0.0,0.0,0.9327759197324414,0.06722408026755852,2990
400,0,0,400,1000,0.25,0.95,0.0,0,0.0,0.0,0.0,0.9306108897742363,0.0693891102257636,3012
401,0,0,401,1000,0.25,0.95,0.0,0,0.0,0.0,0.0,0.9335106382978723,0.06648936170212766,3008
402,0,0,402,1000,0.25,0.95,0.0,0,0.0,0.0,0.0,0.935656836461126,0.064343163538874,2984
403,0,0,403,1000,0.25,0.95,0.0,0,0.0,0.0,0.0,0.9345417925478349,0.06545820745216516,2979
404,0,0,404,1000,0.25,0.95,0.0,0,0.0,0.0,0.0,0.9305555555555556,0.06944444444444445,2952
405,0,0,405,1000,0.25,0.95,0.0,0,0.0,0.0,0.0,0.9359190556492412,0.06408094435075885,2965
406,0,0,406,1000,0.25,0.95,0.0,0,0.0,0.0,0.0,0.9386998989558774,0.0613001010441226,2969
407,0,0,407,1000,0.25,0.95,0.0,0,0.0,0.0,0.0,0.948494983277592,0.05150501672240803,2990
408,0,0,408,1000,0.25,0.95,0.0,0,0.0,0.0,0.0,0.9476112026359144,0.052388797364085665,3035
409,0,0,409,1000,0.25,0.95,0.0,0,0.0,0.0,0.0,0.9450513075140682,0.05494869248593181,3021
410,0,0,410,1000,0.25,0.95,0.0,0,0.0,0.0,0.0,0.9411375661375662,0.05886243386243386,3024
411,0,0,411,1000,0.25,0.95,0.0,0,0.0,0.0,0.0,0.9433278418451401,0.056672158154859965,3035
412,0,0,412,1000,0.25,0.95,0.0,0,0.0,0.0,0.0,0.937125748502994,0.06287425149700598,3006
413,0,0,413,1000,0.25,0.95,0.0,0,0.0,0.0,0.0,0.9324188691870191,0.06758113081298094,2989
414,0,0,414,1000,0.25,0.95,0.0,0,0.0,0.0,0.0,0.9296718017414601,0.07032819825853985,2986
415,0,0,415,1000,0.25,0.95,0.0,0,0.0,0.0,0.0,0.9331504970860474,0.0668495029139527,2917
416,0,0,416,1000,0.25,0.95,0.0,0,0.0,0.0,0.0,0.9269949066213922,0.0730050933786078,2945
417,0,0,417,1000,0.25,0.95,0.0,0,0.0,0.0,0.0,0.9280600068189567,0.0719399931810433,2933
418,0,0,418,1000,0.25,0.95,0.0,0,0.0,0.0,0.0,0.9145695364238411,0.08543046357615894,3020
419,0,0,419,1000,0.25,0.95,0.0,0,0.0,0.0,0.0,0.9143981633322401,0.08560183666775992,3049
420,0,0,420,1000,0.25,0.95,0.0,0,0.0,0.0,0.0,0.9207986688851914,0.07920133111480865,3005
421,0,0,421,1000,0.25,0.95,0.0,0,0.0,0.0,0.0,0.9142011834319527,0.08579881656804733,3042
422,0,0,422,1000,0.25,0.95,0.0,0,0.0,0.0,0.0,0.9146179401993355,0.08538205980066445,3010
423,0,0,423,1000,0.25,0.95,0.0,0,0.0,0.0,0.0,0.9279338842975207,0.07206611570247934,3025
424,0,0,424,1000,0.25,0.95,0.0,0,0.0,0.0,0.0,0.9206243772832946,0.07937562271670541,3011
425,0,0,425,1000,0.25,0.95,0.0,0,0.0,0.0,0.0,0.914865314266711,0.08513468573328899,3007
426,0,0,426,1000,0.25,0.95,0.0,0,0.0,0.0,0.0,0.9096624751819987,0.09033752481800132,3022
427,0,0,427,1000,0.25,0.95,0.0,0,0.0,0.0,0.0,0.9123097286565188,0.08769027134348113,3022
428,0,0,428,1000,0.25,0.95,0.0,0,0.0,0.0,0.0,0.9205834683954619,0.07941653160453808,3085
429,0,0,429,1000,0.25,0.95,0.0,0,0.0,0.0,0.0,0.9216944801026957,0.07830551989730423,3116
430,0,0,430,1000,0.25,0.95,0.0,0,0.0,0.0,0.0,0.9267587536138773,0.07324124638612271,3113
431,0,0,431,1000,0.25,0.95,0.0,0,0.0,0.0,0.0,0.9212081418253447,0.07879185817465528,3046
432,0,0,432,1000,0.25,0.95,0.0,0,0.0,0.0,0.0,0.9114331723027376,0.08856682769726248,3105
433,0,0,433,1000,0.25,0.95,0.0,0,0.0,0.0,0.0,0.9064422143088378,0.09355778569116219,3089
434,0,0,434,1000,0.25,0.95,0.0,0,0.0,0.0,0.0,0.9087719298245615,0.0912280701754386,3135
435,0,0,435,1000,0.25,0.95,0.0,0,0.0,0.0,0.0,0.9190844616376531,0.08091553836234687,3102
436,0,0,436,1000,0.25,0.95,0.0,0,0.0,0.0,0.0,0.9288730107177655,0.07112698928223449,3079
437,0,0,437,1000,0.25,0.95,0.0,0,0.0,0.0,0.0,0.937094682230869,0.062905317769131,3084
438,0,0,438,1000,0.25,0.95,0.0,0,0.0,0.0,0.0,0.9330963154492566,0.06690368455074337,3094
439,0,0,439,1000,0.25,0.95,0.0,0,0.0,0.0,0.0,0.9332048811817598,0.06679511881824021,3114
440,0,0,440,1000,0.25,0.95,0.0,0,0.0,0.0,0.0,0.9317738791423001,0.0682261208576998,3078
441,0,0,441,1000,0.25,0.95,0.0,0,0.0,0.0,0.0,0.9278924942641756,0.07210750573582432,3051
442,0,0,442,1000,0.25,0.95,0.0,0,0.0,0.0,0.0,0.933615359583469,0.06638464041653108,3073
443,0,0,443,1000,0.25,0.95,0.0,0,0.0,0.0,0.0,0.940032414910859,0.059967585089141004,3085
444,0,0,444,1000,0.25,0.95,0.0,0,0.0,0.0,0.0,0.9401544401544402,0.059845559845559844,3108
445,0,0,445,1000,0.25,0.95,0.0,0,0.0,0.0,0.0,0.935399673735726,0.06460032626427406,3065
446,0,0,446,1000,0.25,0.95,0.0,0,0.0,0.0,0.0,0.9371558147068351,0.06284418529316488,3087
447,0,0,447,1000,0.25,0.95,0.0,0,0.0,0.0,0.0,0.9385009609224856,0.06149903907751442,3122
448,0,0,448,1000,0.25,0.95,0.0,0,0.0,0.0,0.0,0.946434333656018,0.05356566634398193,3099
449,0,0,449,1000,0.25,0.95,0.0,0,0.0,0.0,0.0,0.946870925684485,0.053129074315514994,3068
450,0,0,450,1000,0.25,0.95,0.0,0,0.0,0.0,0.0,0.9479749753045769,0.05202502469542312,3037
451,0,0,451,1000,0.25,0.95,0.0,0,0.0,0.0,0.0,0.9470568891811904,0.052943110818809605,3041
452,0,0,452,1000,0.25,0.95,0.0,0,0.0,0.0,0.0,0.9517758227435646,0.048224177256435324,3069
453,0,0,453,1000,0.25,0.95,0.0,0,0.0,0.0,0.0,0.9546338302009073,0.04536616979909268,3086
454,0,0,454,1000,0.25,0.95,0.0,0,0.0,0.0,0.0,0.9534959349593496,0.046504065040650404,3075
455,0,0,455,1000,0.25,0.95,0.0,0,0.0,0.0,0.0,0.9585209003215434,0.041479099678456595,3110
456,0,0,456,1000,0.25,0.95,0.0,0,0.0,0.0,0.0,0.9603609410248147,0.039639058975185305,3103
457,0,0,457,1000,0.25,0.95,0.0,0,0.0,0.0,0.0,0.95648,0.04352,3125
458,0,0,458,1000,0.25,0.95,0.0,0,0.0,0.0,0.0,0.9529820132533923,0.04701798674660776,3169
459,0,0,459,1000,0.25,0.95,0.0,0,0.0,0.0,0.0,0.9486301369863014,0.05136986301369863,3212
460,0,0,460,1000,0.25,0.95,0.0,0,0.0,0.0,0.0,0.9487021013597033,0.051297898640296664,3236
461,0,0,461,1000,0.25,0.95,0.0,0,0.0,0.0,0.0,0.9511349306431274,0.04886506935687263,3172
462,0,0,462,1000,0.25,0.95,0.0,0,0.0,0.0,0.0,0.9516740366392925,0.04832596336070752,3166
463,0,0,463,1000,0.25,0.95,0.0,0,0.0,0.0,0.0,0.9513274336283186,0.048672566371681415,3164
464,0,0,464,1000,0.25,0.95,0.0,0,0.0,0.0,0.0,0.9538313562039115,0.04616864379608849,3119
465,0,0,465,1000,0.25,0.95,0.0,0,0.0,0.0,0.0,0.9511254019292604,0.04887459807073955,3110
466,0,0,466,1000,0.25,0.95,0.0,0,0.0,0.0,0.0,0.9475023862551702,0.05249761374482978,3143
467,0,0,467,1000,0.25,0.95,0.0,0,0.0,0.0,0.0,0.9458943348185869,0.05410566518141311,3142
468,0,0,468,1000,0.25,0.95,0.0,0,0.0,0.0,0.0,0.9415394608639168,0.058460539136083144,3079
469,0,0,469,1000,0.25,0.95,0.0,0,0.0,0.0,0.0,0.9409867784585617,0.059013221541438246,3101
470,0,0,470,1000,0.25,0.95,0.0,0,0.0,0.0,0.0,0.9397590361445783,0.060240963855421686,3071
471,0,0,471,1000,0.25,0.95,0.0,0,0.0,0.0,0.0,0.9484702093397746,0.05152979066022544,3105
472,0,0,472,1000,0.25,0.95,0.0,0,0.0,0.0,0.0,0.9535796011768551,0.04642039882314482,3059
473,0,0,473,1000,0.25,0.95,0.0,0,0.0,0.0,0.0,0.9563492063492064,0.04365079365079365,3024
474,0,0,474,1000,0.25,0.95,0.0,0,0.0,0.0,0.0,0.9544693672581185,0.04553063274188149,2987
475,0,0,475,1000,0.25,0.95,0.0,0,0.0,0.0,0.0,0.9576299238662694,0.042370076133730554,3021
476,0,0,476,1000,0.25,0.95,0.0,0,0.0,0.0,0.0,0.9560943643512451,0.043905635648754916,3052
477,0,0,477,1000,0.25,0.95,0.0,0,0.0,0.0,0.0,0.9554076539101497,0.04459234608985025,3005
478,0,0,478,1000,0.25,0.95,0.0,0,0.0,0.0,0.0,0.9624382207578254,0.03756177924217463,3035
479,0,0,479,1000,0.25,0.95,0.0,0,0.0,0.0,0.0,0.9604628736740598,0.03953712632594021,3111
480,0,0,480,1000,0.25,0.95,0.0,0,0.0,0.0,0.0,0.9651579290133507,0.0348420709866493,3071
481,0,0,481,1000,0.25,0.95,0.0,0,0.0,0.0,0.0,0.9629993451211526,0.03700065487884741,3054
482,0,0,482,1000,0.25,0.95,0.0,0,0.0,0.0,0.0,0.965415986949429,0.03458401305057096,3065
483,0,0,483,1000,0.25,0.95,0.0,0,0.0,0.0,0.0,0.9654498044328553,0.03455019556714472,3068
484,0,0,484,1000,0.25,0.95,0.0,0,0.0,0.0,0.0,0.962037962037962,0.03796203796203796,3003
485,0,0,485,1000,0.25,0.95,0.0,0,0.0,0.0,0.0,0.9635135135135136,0.03648648648648649,2960
486,0,0,486,1000,0.25,0.95,0.0,0,0.0,0.0,0.0,0.9667909183327685,0.033209081667231445,2951
487,0,0,487,1000,0.25,0.95,0.0,0,0.0,0.0,0.0,0.9677954847277557,0.032204515272244355,3012
488,0,0,488,1000,0.25,0.95,0.0,0,0.0,0.0,0.0,0.9645436638214051,0.03545633617859488,3046
489,0,0,489,1000,0.25,0.95,0.0,0,0.0,0.0,0.0,0.9620211360634082,0.03797886393659181,3028
490,0,0,490,1000,0.25,0.95,0.0,0,0.0,0.0,0.0,0.9625407166123778,0.03745928338762215,3070
491,0,0,491,1000,0.25,0.95,0.0,0,0.0,0.0,0.0,0.9666234607906675,0.03337653920933247,3086
492,0,0,492,1000,0.25,0.95,0.0,0,0.0,0.0,0.0,0.96697659506252,0.03302340493747996,3119
493,0,0,493,1000,0.25,0.95,0.0,0,0.0,0.0,0.0,0.9665520475148484,0.03344795248515161,3199
494,0,0,494,1000,0.25,0.95,0.0,0,0.0,0.0,0.0,0.9669140383426098,0.03308596165739023,3234
495,0,0,495,1000,0.25,0.95,0.0,0,0.0,0.0,0.0,0.963963963963964,0.036036036036036036,3219
496,0,0,496,1000,0.25,0.95,0.0,0,0.0,0.0,0.0,0.9652307692307692,0.03476923076923077,3250
497,0,0,497,1000,0.25,0.95,0.0,0,0.0,0.0,0.0,0.9649938042131351,0.03500619578686493,3228
498,0,0,498,1000,0.25,0.95,0.0,0,0.0,0.0,0.0,0.9626138862708137,0.0373861137291863,3183
499,0,0,499,1000,0.25,0.95,0.0,0,0.0,0.0,0.0,0.9646799116997793,0.03532008830022075,3171
500,0,0,500,1000,0.25,0.95,0.0,0,0.0,0.0,0.0,0.9622158181235991,0.037784181876400896,3123
501,1,0,0,1000,0.25,0.95,0.0001,0,0.46774193548387094,0.2703984819734345,0.19734345351043645,0.29601518026565465,0.23624288425047438,1054
502,1,0,1,1000,0.25,0.95,0.0001,0,0.4252336448598131,0.2570093457943925,0.16822429906542055,0.33738317757009345,0.23738317757009345,1070
503,1,0,2,1000,0.25,0.95,0.0001,0,0.40493601462522855,0.25594149908592323,0.1489945155393053,0.36654478976234006,0.22851919561243145,1094
504,1,0,3,1000,0.25,0.95,0.0001,0,0.3641456582633053,0.226890756302521,0.13725490196078433,0.40149393090569563,0.23436041083099907,1071
505,1,0,4,1000,0.25,0.95,0.0001,0,0.3560747663551402,0.2130841121495327,0.14299065420560747,0.39626168224299063,0.24766355140186916,1070
506,1,0,5,1000,0.25,0.95,0.0001,0,0.3159420289855073,0.19806763285024154,0.1178743961352657,0.39710144927536234,0.28695652173913044,1035
507,1,0,6,1000,0.25,0.95,0.0001,0,0.2911025145067698,0.18375241779497098,0.10735009671179883,0.43520309477756286,0.2736943907156673,1034
508,1,0,7,1000,0.25,0.95,0.0001,0,0.263573543928924,0.16979269496544916,0.09378084896347483,0.472852912142152,0.263573543928924,1013
509,1,0,8,1000,0.25,0.95,0.0001,0,0.24588576960309777,0.16263310745401743,0.08325266214908035,0.48209099709583736,0.27202323330106487,1033
510,1,0,9,1000,0.25,0.95,0.0001,0,0.22682445759368836,0.14398422090729784,0.08284023668639054,0.4822485207100592,0.29092702169625245,1014
511,1,0,10,1000,0.25,0.95,0.0001,0,0.19438877755511022,0.1282565130260521,0.06613226452905811,0.5140280561122245,0.29158316633266534,998
512,1,0,11,1000,0.25,0.95,0.0001,0,0.18373493975903615,0.11746987951807229,0.06626506024096386,0.5411646586345381,0.2751004016064257,996
513,1,0,12,1000,0.25,0.95,0.0001,0,0.1620795107033639,0.10805300713557595,0.05402650356778797,0.5504587155963303,0.2874617737003058,981
514,1,0,13,1000,0.25,0.95,0.0001,0,0.1328740157480315,0.08070866141732283,0.05216535433070866,0.5679133858267716,0.2992125984251969,1016
515,1,0,14,1000,0.25,0.95,0.0001,0,0.12830558276199805,0.07737512242899118,0.050930460333006855,0.5700293829578844,0.30166503428011754,1021
516,1,0,15,1000,0.25,0.95,0.0001,0,0.10821256038647344,0.0647342995169082,0.043478260869565216,0.5545893719806764,0.33719806763285026,1035
517,1,0,16,1000,0.25,0.95,0.0001,0,0.08777120315581854,0.05029585798816568,0.03747534516765286,0.5877712031558185,0.3244575936883629,1014
518,1,0,17,1000,0.25,0.95,0.0001,0,0.06451612903225806,0.039100684261974585,0.02541544477028348,0.5953079178885631,0.34017595307917886,1023
519,1,0,18,1000,0.25,0.95,0.0001,0,0.06926829268292684,0.0448780487804878,0.024390243902439025,0.6185365853658537,0.3121951219512195,1025
520,1,0,19,1000,0.25,0.95,0.0001,0,0.06523855890944498,0.042843232716650435,0.022395326192794548,0.6163583252190847,0.3184031158714703,1027
521,1,0,20,1000,0.25,0.95,0.0001,0,0.06280667320902845,0.03434739941118744,0.02845927379784102,0.6359175662414132,0.3012757605495584,1019
522,1,0,21,1000,0.25,0.95,0.0001,0,0.05387523629489603,0.03497164461247637,0.01890359168241966,0.6446124763705104,0.30151228733459357,1058
523,1,0,22,1000,0.25,0.95,0.0001,0,0.04052780395852969,0.024505183788878417,0.016022620169651274,0.6559849198868991,0.30348727615457116,1061
524,1,0,23,1000,0.25,0.95,0.0001,0,0.03513770180436847,0.017094017094017096,0.018043684710351376,0.6638176638176638,0.3010446343779677,1053
525,1,0,24,1000,0.25,0.95,0.0001,0,0.030697674418604652,0.014883720930232559,0.01581395348837209,0.6576744186046511,0.3116279069767442,1075
526,1,0,25,1000,0.25,0.95,0.0001,0,0.08747697974217311,0.007366482504604052,0.08011049723756906,0.6749539594843462,0.23756906077348067,1086
527,1,0,26,1000,0.25,0.95,0.0001,0,0.06788990825688074,0.001834862385321101,0.06605504587155964,0.6862385321100918,0.24587155963302754,1090
528,1,0,27,1000,0.25,0.95,0.0001,0,0.06091846298031865,0.0028116213683223993,0.05810684161199625,0.6522961574507966,0.2867853795688847,1067
529,1,0,28,1000,0.25,0.95,0.0001,0,0.04967801287948482,0.0027598896044158236,0.046918123275068994,0.6448942042318307,0.30542778288868444,1087
530,1,0,29,1000,0.25,0.95,0.0001,0,0.047747747747747746,0.0036036036036036037,0.044144144144144144,0.6594594594594595,0.2927927927927928,1110
531,1,0,30,1000,0.25,0.95,0.0001,0,0.053023255813953486,0.0037209302325581397,0.04930232558139535,0.6567441860465116,0.29023255813953486,1075
532,1,0,31,1000,0.25,0.95,0.0001,0,0.05779816513761468,0.0045871559633027525,0.05321100917431193,0.6339449541284403,0.30825688073394497,1090
533,1,0,32,1000,0.25,0.95,0.0001,0,0.0712223291626564,0.008662175168431183,0.06256015399422522,0.6159769008662175,0.3128007699711261,1039
534,1,0,33,1000,0.25,0.95,0.0001,0,0.004930966469428008,0.004930966469428008,0.0,0.6420118343195266,0.3530571992110454,1014
535,1,0,34,1000,0.25,0.95,0.0001,0,0.009072580645161291,0.009072580645161291,0.0,0.6370967741935484,0.3538306451612903,992
536,1,0,35,1000,0.25,0.95,0.0001,0,0.008113590263691683,0.008113590263691683,0.0,0.6561866125760649,0.3356997971602434,986
537,1,0,36,1000,0.25,0.95,0.0001,0,0.005946481665014866,0.005946481665014866,0.0,0.6521308225966304,0.3419226957383548,1009
538,1,0,37,1000,0.25,0.95,0.0001,0,0.011834319526627219,0.011834319526627219,0.0,0.6637080867850098,0.3244575936883629,1014
539,1,0,38,1000,0.25,0.95,0.0001,0,0.005888125613346418,0.005888125613346418,0.0,0.662414131501472,0.33169774288518156,1019
540,1,0,39,1000,0.25,0.95,0.0001,0,0.0019588638589618022,0.0019588638589618022,0.0,0.643486777668952,0.3545543584720862,1021
541,1,0,40,1000,0.25,0.95,0.0001,0,0.0019821605550049554,0.0019821605550049554,0.0,0.6293359762140733,0.3686818632309217,1009
542,1,0,41,1000,0.25,0.95,0.0001,0,0.0019212295869356388,0.0019212295869356388,0.0,0.627281460134486,0.37079731027857826,1041
543,1,0,42,1000,0.25,0.95,0.0001,0,0.0028544243577545195,0.0028544243577545195,0.0,0.6393910561370124,0.3577545195052331,1051
544,1,0,43,1000,0.25,0.95,0.0001,0,0.0009606147934678194,0.0009606147934678194,0.0,0.627281460134486,0.37175792507204614,1041
545,1,0,44,1000,0.25,0.95,0.0001,0,0.11344137273593899,0.11344137273593899,0.0,0.5195424213536701,0.36701620591039086,1049
546,1,0,45,1000,0.25,0.95,0.0001,0,0.10566037735849057,0.10566037735849057,0.0,0.5264150943396226,0.36792452830188677,1060
547,1,0,46,1000,0.25,0.95,0.0001,0,0.10344827586206896,0.10344827586206896,0.0,0.5442684063373718,0.35228331780055916,1073
548,1,0,47,1000,0.25,0.95,0.0001,0,0.10502692998204669,0.10502692998204669,0.0,0.5610412926391383,0.3339317773788151,1114
549,1,0,48,1000,0.25,0.95,0.0001,0,0.07957559681697612,0.07957559681697612,0.0,0.5950486295313882,0.3253757736516357,1131
550,1,0,49,1000,0.25,0.95,0.0001,0,0.06678539626001781,0.06678539626001781,0.0,0.6260017809439002,0.3072128227960819,1123
551,1,0,50,1000,0.25,0.95,0.0001,0,0.07726075504828797,0.06057945566286216,0.016681299385425813,0.6233538191395961,0.2993854258121159,1139
552,1,0,51,1000,0.25,0.95,0.0001,0,0.053772766695576756,0.012142237640936688,0.04163052905464007,0.5923677363399826,0.3538594969644406,1153
553,1,0,52,1000,0.25,0.95,0.0001,0,0.04953031596925705,0.011955593509820665,0.037574722459436376,0.5935098206660974,0.3569598633646456,1171
554,1,0,53,1000,0.25,0.95,0.0001,0,0.045037531276063386,0.011676396997497914,0.03336113427856547,0.5821517931609674,0.37281067556296915,1199
555,1,0,54,1000,0.25,0.95,0.0001,0,0.031092436974789917,0.009243697478991597,0.021848739495798318,0.6092436974789915,0.3596638655462185,1190
556,1,0,55,1000,0.25,0.95,0.0001,0,0.0273972602739726,0.011986301369863013,0.015410958904109588,0.6232876712328768,0.3493150684931507,1168
557,1,0,56,1000,0.25,0.95,0.0001,0,0.02888700084961767,0.015293118096856415,0.013593882752761258,0.6457094307561597,0.3254035683942226,1177
558,1,0,57,1000,0.25,0.95,0.0001,0,0.028333333333333332,0.014166666666666666,0.014166666666666666,0.635,0.33666666666666667,1200
559,1,0,58,1000,0.25,0.95,0.0001,0,0.060681629260182876,0.04405652535328346,0.01662510390689942,0.5211970074812967,0.41812136325852034,1203
560,1,0,59,1000,0.25,0.95,0.0001,0,0.053467000835421885,0.03759398496240601,0.015873015873015872,0.52046783625731,0.42606516290726815,1197
561,1,0,60,1000,0.25,0.95,0.0001,0,0.042833607907743,0.028830313014827018,0.01400329489291598,0.5543657331136738,0.4028006589785832,1214
562,1,0,61,1000,0.25,0.95,0.0001,0,0.0296,0.02,0.0096,0.5568,0.4136,1250
563,1,0,62,1000,0.25,0.95,0.0001,0,0.034509803921568626,0.02666666666666667,0.00784313725490196,0.5505882352941176,0.41490196078431374,1275
564,1,0,63,1000,0.25,0.95,0.0001,0,0.027799227799227798,0.020077220077220077,0.007722007722007722,0.5451737451737452,0.42702702702702705,1295
565,1,0,64,1000,0.25,0.95,0.0001,0,0.025699168556311415,0.016628873771730914,0.009070294784580499,0.5502645502645502,0.42403628117913833,1323
566,1,0,65,1000,0.25,0.95,0.0001,0,0.06466512702078522,0.01770592763664357,0.04695919938414165,0.5473441108545035,0.38799076212471134,1299
567,1,0,66,1000,0.25,0.95,0.0001,0,0.05211480362537765,0.017371601208459216,0.03474320241691843,0.6382175226586103,0.30966767371601206,1324
568,1,0,67,1000,0.25,0.95,0.0001,0,0.04765564950038432,0.012298232129131437,0.035357417371252885,0.6541122213681784,0.2982321291314374,1301
569,1,0,68,1000,0.25,0.95,0.0001,0,0.04786836200448766,0.011967090501121914,0.03590127150336574,0.6574420344053852,0.29468960359012714,1337
570,1,0,69,1000,0.25,0.95,0.0001,0,0.045349730976172176,0.013835511145272867,0.03151421983089931,0.6425826287471176,0.31206764027671025,1301
571,1,0,70,1000,0.25,0.95,0.0001,0,0.04839968774395004,0.01405152224824356,0.03434816549570648,0.6315378610460578,0.3200624512099922,1281
572,1,0,71,1000,0.25,0.95,0.0001,0,0.03779289493575208,0.009826152683295541,0.027966742252456538,0.63718820861678,0.3250188964474679,1323
573,1,0,72,1000,0.25,0.95,0.0001,0,0.030347890451517395,0.008882309400444115,0.02146558105107328,0.6358253145817913,0.3338267949666913,1351
574,1,0,73,1000,0.25,0.95,0.0001,0,0.036676646706586824,0.009730538922155689,0.02694610778443114,0.6332335329341318,0.3300898203592814,1336
575,1,0,74,1000,0.25,0.95,0.0001,0,0.032306536438767845,0.012021036814425245,0.0202854996243426,0.6446280991735537,0.3230653643876784,1331
576,1,0,75,1000,0.25,0.95,0.0001,0,0.02663786897048236,0.010079193664506839,0.01655867530597552,0.660187185025198,0.31317494600431967,1389
577,1,0,76,1000,0.25,0.95,0.0001,0,0.02177068214804064,0.0050798258345428155,0.016690856313497822,0.6727140783744557,0.30551523947750364,1378
578,1,0,77,1000,0.25,0.95,0.0001,0,0.024442846872753415,0.007189072609633357,0.017253774263120056,0.6649892163910855,0.310567936736161,1391
579,1,0,78,1000,0.25,0.95,0.0001,0,0.0211864406779661,0.006355932203389831,0.014830508474576272,0.6680790960451978,0.3107344632768362,1416
580,1,0,79,1000,0.25,0.95,0.0001,0,0.019081272084805655,0.01696113074204947,0.0021201413427561835,0.6826855123674912,0.29823321554770316,1415
581,1,0,80,1000,0.25,0.95,0.0001,0,0.014164305949008499,0.012039660056657223,0.002124645892351275,0.6593484419263456,0.3264872521246459,1412
582,1,0,81,1000,0.25,0.95,0.0001,0,0.007840342124019958,0.007127583749109052,0.0007127583749109052,0.6600142551674982,0.3321454027084818,1403
583,1,0,82,1000,0.25,0.95,0.0001,0,0.0034891835310537334,0.0034891835310537334,0.0,0.6510816468946267,0.34542916957431963,1433
584,1,0,83,1000,0.25,0.95,0.0001,0,0.002173913043478261,0.002173913043478261,0.0,0.6565217391304348,0.34130434782608693,1380
585,1,0,84,1000,0.25,0.95,0.0001,0,0.0021849963583394027,0.0021849963583394027,0.0,0.6649672250546249,0.3328477785870357,1373
586,1,0,85,1000,0.25,0.95,0.0001,0,0.001486988847583643,0.001486988847583643,0.0,0.6758364312267658,0.3226765799256506,1345
587,1,0,86,1000,0.25,0.95,0.0001,0,0.0014803849000740192,0.0014803849000740192,0.0,0.6106587712805329,0.38786084381939306,1351
588,1,0,87,1000,0.25,0.95,0.0001,0,0.0,0.0,0.0,0.5995655322230268,0.4004344677769732,1381
589,1,0,88,1000,0.25,0.95,0.0001,0,0.0,0.0,0.0,0.6081460674157303,0.39185393258426965,1424
590,1,0,89,1000,0.25,0.95,0.0001,0,0.0,0.0,0.0,0.6376021798365122,0.36239782016348776,1468
591,1,0,90,1000,0.25,0.95,0.0001,0,0.0,0.0,0.0,0.6503355704697986,0.3496644295302013,1490
592,1,0,91,1000,0.25,0.95,0.0001,0,0.0,0.0,0.0,0.5134770889487871,0.4865229110512129,1484
593,1,0,92,1000,0.25,0.95,0.0001,0,0.0,0.0,0.0,0.49625085207907293,0.5037491479209271,1467
594,1,0,93,1000,0.25,0.95,0.0001,0,0.0,0.0,0.0,0.45535714285714285,0.5446428571428571,1456
595,1,0,94,1000,0.25,0.95,0.0001,0,0.12211668928086838,0.12211668928086838,0.0,0.32225237449118044,0.5556309362279511,1474
596,1,0,95,1000,0.25,0.95,0.0001,0,0.11588275391956374,0.11588275391956374,0.0,0.2985685071574642,0.5855487389229721,1467
597,1,0,96,1000,0.25,0.95,0.0001,0,0.11983181499649614,0.11983181499649614,0.0,0.3041345480028031,0.5760336370007008,1427
598,1,0,97,1000,0.25,0.95,0.0001,0,0.10277214334009466,0.10277214334009466,0.0,0.3292765382014875,0.5679513184584178,1479
599,1,0,98,1000,0.25,0.95,0.0001,0,0.09431345353675451,0.09431345353675451,0.0,0.34257975034674065,0.5631067961165048,1442
600,1,0,99,1000,0.25,0.95,0.0001,0,0.0918009810791871,0.0918009810791871,0.0,0.34127540294323755,0.5669236159775753,1427
601,1,0,100,1000,0.25,0.95,0.0001,0,0.1837916063675832,0.09840810419681621,0.085383502170767,0.34949348769898697,0.4667149059334298,1382
602,1,0,101,1000,0.25,0.95,0.0001,0,0.17888563049853373,0.09017595307917889,0.08870967741935484,0.3350439882697947,0.48607038123167157,1364
603,1,0,102,1000,0.25,0.95,0.0001,0,0.15861027190332327,0.09290030211480363,0.06570996978851963,0.36555891238670696,0.47583081570996977,1324
604,1,0,103,1000,0.25,0.95,0.0001,0,0.170007423904974,0.10838901262063845,0.06161841128433556,0.39198218262806234,0.43801039346696363,1347
605,1,0,104,1000,0.25,0.95,0.0001,0,0.15959741193386054,0.10711718188353703,0.052480230050323505,0.40546369518332137,0.4349388928828181,1391
606,1,0,105,1000,0.25,0.95,0.0001,0,0.05211952744961779,0.0,0.05211952744961779,0.5086865879082696,0.43919388464211256,1439
607,1,0,106,1000,0.25,0.95,0.0001,0,0.1499302649930265,0.09414225941422594,0.05578800557880056,0.41352859135285913,0.43654114365411434,1434
608,1,0,107,1000,0.25,0.95,0.0001,0,0.13620071684587814,0.1060931899641577,0.030107526881720432,0.410752688172043,0.45304659498207883,1395
609,1,0,108,1000,0.25,0.95,0.0001,0,0.12695035460992907,0.09645390070921986,0.03049645390070922,0.4347517730496454,0.43829787234042555,1410
610,1,0,109,1000,0.25,0.95,0.0001,0,0.2671280276816609,0.24359861591695503,0.023529411764705882,0.2968858131487889,0.4359861591695502,1445
611,1,0,110,1000,0.25,0.95,0.0001,0,0.22580645161290322,0.20727522306108442,0.018531228551818806,0.31846259437199725,0.4557309540150995,1457
612,1,0,111,1000,0.25,0.95,0.0001,0,0.20723226703755215,0.19123783031988872,0.015994436717663423,0.3386648122392211,0.4541029207232267,1438
613,1,0,112,1000,0.25,0.95,0.0001,0,0.19728377412437456,0.18227305218012865,0.01501072194424589,0.36097212294496067,0.44174410293066474,1399
614,1,0,113,1000,0.25,0.95,0.0001,0,0.19772403982930298,0.18421052631578946,0.013513513513513514,0.39046941678520625,0.4118065433854908,1406
615,1,0,114,1000,0.25,0.95,0.0001,0,0.17771303714493808,0.16241806263656228,0.01529497450837582,0.40349599417334303,0.4187909686817189,1373
616,1,0,115,1000,0.25,0.95,0.0001,0,0.16244411326378538,0.14605067064083457,0.01639344262295082,0.4202682563338301,0.4172876304023845,1342
617,1,0,116,1000,0.25,0.95,0.0001,0,0.13911742707554225,0.12341062079281974,0.015706806282722512,0.3919222139117427,0.46896035901271504,1337
618,1,0,117,1000,0.25,0.95,0.0001,0,0.12211981566820276,0.02534562211981567,0.0967741935483871,0.41551459293394777,0.46236559139784944,1302
619,1,0,118,1000,0.25,0.95,0.0001,0,0.1216012084592145,0.024924471299093656,0.09667673716012085,0.4123867069486405,0.466012084592145,1324
620,1,0,119,1000,0.25,0.95,0.0001,0,0.11163153786104606,0.02263856362217018,0.08899297423887588,0.4129586260733802,0.47540983606557374,1281
621,1,0,120,1000,0.25,0.95,0.0001,0,0.10410094637223975,0.013406940063091483,0.09069400630914827,0.43454258675078866,0.4613564668769716,1268
622,1,0,121,1000,0.25,0.95,0.0001,0,0.08346456692913386,0.007086614173228346,0.07637795275590552,0.4559055118110236,0.46062992125984253,1270
623,1,0,122,1000,0.25,0.95,0.0001,0,0.08438485804416404,0.007097791798107256,0.07728706624605679,0.46214511041009465,0.45347003154574134,1268
624,1,0,123,1000,0.25,0.95,0.0001,0,0.08339952343129468,0.004765687053216839,0.07863383637807785,0.45591739475774423,0.46068308181096107,1259
625,1,0,124,1000,0.25,0.95,0.0001,0,0.0625,0.004807692307692308,0.057692307692307696,0.49599358974358976,0.44150641025641024,1248
626,1,0,125,1000,0.25,0.95,0.0001,0,0.07171964140179299,0.0024449877750611247,0.06927465362673187,0.6120619396903015,0.3162184189079055,1227
627,1,0,126,1000,0.25,0.95,0.0001,0,0.06289808917197452,0.0023885350318471337,0.06050955414012739,0.6313694267515924,0.3057324840764331,1256
628,1,0,127,1000,0.25,0.95,0.0001,0,0.04676539360872954,0.0,0.04676539360872954,0.6367887763055339,0.31644583008573657,1283
629,1,0,128,1000,0.25,0.95,0.0001,0,0.043812451960030745,0.0,0.043812451960030745,0.6372021521906226,0.31898539584934665,1301
630,1,0,129,1000,0.25,0.95,0.0001,0,0.03245749613601236,0.0,0.03245749613601236,0.6360123647604328,0.3315301391035549,1294
631,1,0,130,1000,0.25,0.95,0.0001,0,0.032036613272311214,0.0,0.032036613272311214,0.6323417238749046,0.3356216628527841,1311
632,1,0,131,1000,0.25,0.95,0.0001,0,0.02054794520547945,0.0,0.02054794520547945,0.6506849315068494,0.3287671232876712,1314
633,1,0,132,1000,0.25,0.95,0.0001,0,0.014751552795031056,0.0,0.014751552795031056,0.6607142857142857,0.3245341614906832,1288
634,1,0,133,1000,0.25,0.95,0.0001,0,0.015527950310559006,0.0,0.015527950310559006,0.5846273291925466,0.3998447204968944,1288
635,1,0,134,1000,0.25,0.95,0.0001,0,0.14406130268199233,0.13486590038314175,0.009195402298850575,0.47432950191570883,0.3816091954022989,1305
636,1,0,135,1000,0.25,0.95,0.0001,0,0.14028507126781695,0.1312828207051763,0.00900225056264066,0.4943735933983496,0.36534133533383345,1333
637,1,0,136,1000,0.25,0.95,0.0001,0,0.13656716417910447,0.12761194029850748,0.008955223880597015,0.49701492537313435,0.3664179104477612,1340
638,1,0,137,1000,0.25,0.95,0.0001,0,0.11894273127753303,0.11600587371512482,0.002936857562408223,0.5168869309838473,0.3641703377386197,1362
639,1,0,138,1000,0.25,0.95,0.0001,0,0.10260115606936417,0.0968208092485549,0.005780346820809248,0.5397398843930635,0.35765895953757226,1384
640,1,0,139,1000,0.25,0.95,0.0001,0,0.08676789587852494,0.08170643528561099,0.005061460592913955,0.33116413593637023,0.5820679681851049,1383
641,1,0,140,1000,0.25,0.95,0.0001,0,0.09651076466221233,0.09279881217520415,0.003711952487008166,0.3281365998515219,0.5753526354862658,1347
642,1,0,141,1000,0.25,0.95,0.0001,0,0.08854166666666667,0.08779761904761904,0.000744047619047619,0.35193452380952384,0.5595238095238095,1344
643,1,0,142,1000,0.25,0.95,0.0001,0,0.08370702541106129,0.08295964125560538,0.0007473841554559044,0.35351270553064273,0.5627802690582959,1338
644,1,0,143,1000,0.25,0.95,0.0001,0,0.06691729323308271,0.06691729323308271,0.0,0.3699248120300752,0.5631578947368421,1330
645,1,0,144,1000,0.25,0.95,0.0001,0,0.0668716372021522,0.0668716372021522,0.0,0.3712528823981553,0.5618754803996926,1301
646,1,0,145,1000,0.25,0.95,0.0001,0,0.05606758832565284,0.05606758832565284,0.0,0.35407066052227343,0.5898617511520737,1302
647,1,0,146,1000,0.25,0.95,0.0001,0,0.04639175257731959,0.04639175257731959,0.0,0.3917525773195876,0.5618556701030928,1358
648,1,0,147,1000,0.25,0.95,0.0001,0,0.04389880952380952,0.04389880952380952,0.0,0.4025297619047619,0.5535714285714286,1344
649,1,0,148,1000,0.25,0.95,0.0001,0,0.04538799414348463,0.04538799414348463,0.0,0.41654465592972184,0.5380673499267935,1366
650,1,0,149,1000,0.25,0.95,0.0001,0,0.037116345467523196,0.037116345467523196,0.0,0.4282655246252677,0.5346181299072091,1401
651,1,0,150,1000,0.25,0.95,0.0001,0,0.03571428571428571,0.0,0.03571428571428571,0.4257703081232493,0.538515406162465,1428
652,1,0,151,1000,0.25,0.95,0.0001,0,0.11777150916784203,0.0,0.11777150916784203,0.4322990126939351,0.44992947813822287,1418
653,1,0,152,1000,0.25,0.95,0.0001,0,0.09794180269694819,0.0,0.09794180269694819,0.44854506742370476,0.45351312987934705,1409
654,1,0,153,1000,0.25,0.95,0.0001,0,0.08147080028839221,0.0,0.08147080028839221,0.47801009372746933,0.4405191059841384,1387
655,1,0,154,1000,0.25,0.95,0.0001,0,0.06916019760056458,0.0,0.06916019760056458,0.502470007057163,0.42836979534227243,1417
656,1,0,155,1000,0.25,0.95,0.0001,0,0.0684248039914469,0.0,0.0684248039914469,0.4953670705630791,0.436208125445474,1403
657,1,0,156,1000,0.25,0.95,0.0001,0,0.06657223796033994,0.0,0.06657223796033994,0.5120396600566572,0.4213881019830028,1412
658,1,0,157,1000,0.25,0.95,0.0001,0,0.050390347764371894,0.0,0.050390347764371894,0.5024840312278211,0.44712562100780695,1409
659,1,0,158,1000,0.25,0.95,0.0001,0,0.20565371024734982,0.0,0.20565371024734982,0.5102473498233215,0.2840989399293286,1415
660,1,0,159,1000,0.25,0.95,0.0001,0,0.1832532601235415,0.0,0.1832532601235415,0.5277968428277282,0.28894989704873025,1457
661,1,0,160,1000,0.25,0.95,0.0001,0,0.1960651289009498,0.032564450474898234,0.16350067842605157,0.5583446404341926,0.24559023066485752,1474
662,1,0,161,1000,0.25,0.95,0.0001,0,0.1823020625415835,0.034597471723220224,0.14770459081836326,0.5868263473053892,0.23087159015302727,1503
663,1,0,162,1000,0.25,0.95,0.0001,0,0.16611074049366245,0.03402268178785857,0.13208805870580387,0.4543028685790527,0.37958639092728486,1499
664,1,0,163,1000,0.25,0.95,0.0001,0,0.15374592833876222,0.031921824104234525,0.12182410423452769,0.4736156351791531,0.37263843648208467,1535
665,1,0,164,1000,0.25,0.95,0.0001,0,0.14083601286173633,0.028938906752411574,0.11189710610932475,0.4739549839228296,0.3852090032154341,1555
666,1,0,165,1000,0.25,0.95,0.0001,0,0.12038216560509554,0.022292993630573247,0.0980891719745223,0.632484076433121,0.24713375796178344,1570
667,1,0,166,1000,0.25,0.95,0.0001,0,0.09505703422053231,0.022813688212927757,0.07224334600760456,0.6546261089987325,0.2503168567807351,1578
668,1,0,167,1000,0.25,0.95,0.0001,0,0.08097928436911488,0.013182674199623353,0.06779661016949153,0.6691776522284997,0.24984306340238543,1593
669,1,0,168,1000,0.25,0.95,0.0001,0,0.12060301507537688,0.06909547738693467,0.05150753768844221,0.6162060301507538,0.26319095477386933,1592
670,1,0,169,1000,0.25,0.95,0.0001,0,0.11414077362079898,0.07228915662650602,0.04185161699429296,0.4787571337983513,0.40710209258084973,1577
671,1,0,170,1000,0.25,0.95,0.0001,0,0.1180952380952381,0.06793650793650793,0.05015873015873016,0.49142857142857144,0.3904761904761905,1575
672,1,0,171,1000,0.25,0.95,0.0001,0,0.11960542540073983,0.06658446362515413,0.0530209617755857,0.5030826140567201,0.37731196054254007,1622
673,1,0,172,1000,0.25,0.95,0.0001,0,0.11616472034419176,0.057775046097111246,0.05838967424708052,0.505838967424708,0.3779963122311002,1627
674,1,0,173,1000,0.25,0.95,0.0001,0,0.10837438423645321,0.049876847290640396,0.058497536945812806,0.5049261083743842,0.3866995073891626,1624
675,1,0,174,1000,0.25,0.95,0.0001,0,0.09931719428926133,0.055865921787709494,0.043451272501551834,0.5431409062693979,0.3575418994413408,1611
676,1,0,175,1000,0.25,0.95,0.0001,0,0.09245283018867924,0.05157232704402516,0.040880503144654086,0.5477987421383648,0.35974842767295595,1590
677,1,0,176,1000,0.25,0.95,0.0001,0,0.09499683343888538,0.05573147561747942,0.03926535782140595,0.5509816339455351,0.3540215326155795,1579
678,1,0,177,1000,0.25,0.95,0.0001,0,0.09016906700062617,0.050720100187852224,0.039448966812773954,0.5735754539762054,0.33625547902316844,1597
679,1,0,178,1000,0.25,0.95,0.0001,0,0.07093963907902924,0.04604853764779091,0.024891101431238332,0.6011200995644057,0.327940261356565,1607
680,1,0,179,1000,0.25,0.95,0.0001,0,0.07227414330218068,0.03987538940809969,0.032398753894081,0.5962616822429907,0.3314641744548287,1605
681,1,0,180,1000,0.25,0.95,0.0001,0,0.06865861411315957,0.043865225683407505,0.024793388429752067,0.5982199618563255,0.3331214240305149,1573
682,1,0,181,1000,0.25,0.95,0.0001,0,0.06389776357827476,0.04153354632587859,0.022364217252396165,0.610223642172524,0.3258785942492013,1565
683,1,0,182,1000,0.25,0.95,0.0001,0,0.06491002570694088,0.04562982005141388,0.019280205655526992,0.6240359897172236,0.3110539845758355,1556
684,1,0,183,1000,0.25,0.95,0.0001,0,0.06123778501628664,0.046905537459283386,0.014332247557003257,0.6267100977198697,0.31205211726384363,1535
685,1,0,184,1000,0.25,0.95,0.0001,0,0.05359477124183006,0.03725490196078431,0.016339869281045753,0.6196078431372549,0.32679738562091504,1530
686,1,0,185,1000,0.25,0.95,0.0001,0,0.04898758981058132,0.03200522534291313,0.016982364467668192,0.6061397779229262,0.3448726322664925,1531
687,1,0,186,1000,0.25,0.95,0.0001,0,0.03530979347101932,0.023317788141239172,0.011992005329780146,0.5989340439706862,0.36575616255829446,1501
688,1,0,187,1000,0.25,0.95,0.0001,0,0.03475409836065574,0.02819672131147541,0.006557377049180328,0.6236065573770492,0.3416393442622951,1525
689,1,0,188,1000,0.25,0.95,0.0001,0,0.037648612945838836,0.03302509907529723,0.004623513870541612,0.6354029062087186,0.32694848084544254,1514
690,1,0,189,1000,0.25,0.95,0.0001,0,0.039318479685452164,0.03473132372214941,0.0045871559633027525,0.6336828309305373,0.3269986893840105,1526
691,1,0,190,1000,0.25,0.95,0.0001,0,0.028013029315960912,0.026710097719869708,0.0013029315960912053,0.6423452768729642,0.32964169381107494,1535
692,1,0,191,1000,0.25,0.95,0.0001,0,0.02106649111257406,0.02040816326530612,0.0006583278472679394,0.6333113890717578,0.3456221198156682,1519
693,1,0,192,1000,0.25,0.95,0.0001,0,0.010107816711590296,0.010107816711590296,0.0,0.6536388140161725,0.3362533692722372,1484
694,1,0,193,1000,0.25,0.95,0.0001,0,0.010252904989747095,0.010252904989747095,0.0,0.6596035543403964,0.33014354066985646,1463
695,1,0,194,1000,0.25,0.95,0.0001,0,0.006072874493927126,0.006072874493927126,0.0,0.24224021592442646,0.7516869095816464,1482
696,1,0,195,1000,0.25,0.95,0.0001,0,0.1817580964970258,0.1817580964970258,0.0,0.06212822207534699,0.7561136814276272,1513
697,1,0,196,1000,0.25,0.95,0.0001,0,0.16050955414012738,0.16050955414012738,0.0,0.07070063694267516,0.7687898089171975,1570
698,1,0,197,1000,0.25,0.95,0.0001,0,0.76125,0.145625,0.615625,0.06875,0.17,1600
699,1,0,198,1000,0.25,0.95,0.0001,0,0.7458808618504436,0.1596958174904943,0.5861850443599493,0.08111533586818757,0.17300380228136883,1578
700,1,0,199,1000,0.25,0.95,0.0001,0,0.7319201995012469,0.17331670822942644,0.5586034912718204,0.10286783042394015,0.16521197007481297,1604
701,1,0,200,1000,0.25,0.95,0.0001,0,0.7255021302495435,0.19233110164333536,0.5331710286062081,0.11259890444309191,0.16189896530736458,1643
702,1,0,201,1000,0.25,0.95,0.0001,0,0.7053349875930521,0.21215880893300249,0.49317617866004965,0.12034739454094293,0.17431761786600497,1612
703,1,0,202,1000,0.25,0.95,0.0001,0,0.6728198599618078,0.24061107574793125,0.4322087842138765,0.1457670273711012,0.18141311266709104,1571
704,1,0,203,1000,0.25,0.95,0.0001,0,0.6576923076923077,0.23846153846153847,0.41923076923076924,0.1544871794871795,0.18782051282051282,1560
705,1,0,204,1000,0.25,0.95,0.0001,0,0.627906976744186,0.2616279069767442,0.36627906976744184,0.18992248062015504,0.1821705426356589,1548
706,1,0,205,1000,0.25,0.95,0.0001,0,0.5934065934065934,0.26244343891402716,0.33096315449256625,0.20749838396897222,0.19909502262443438,1547
707,1,0,206,1000,0.25,0.95,0.0001,0,0.5842911877394636,0.2790549169859515,0.3052362707535121,0.2388250319284802,0.1768837803320562,1566
708,1,0,207,1000,0.25,0.95,0.0001,0,0.5553410553410554,0.2754182754182754,0.2799227799227799,0.2625482625482625,0.1821106821106821,1554
709,1,0,208,1000,0.25,0.95,0.0001,0,0.5312701482914249,0.2746615087040619,0.256608639587363,0.42359767891682787,0.04513217279174726,1551
710,1,0,209,1000,0.25,0.95,0.0001,0,0.4951519069166128,0.2844214608920491,0.21073044602456367,0.45895281189398834,0.04589528118939883,1547
711,1,0,210,1000,0.25,0.95,0.0001,0,0.4405506883604506,0.26595744680851063,0.17459324155193992,0.509386733416771,0.05006257822277847,1598
712,1,0,211,1000,0.25,0.95,0.0001,0,0.39708676377454083,0.2571247625079164,0.13996200126662445,0.5497150094996833,0.05319822672577581,1579
713,1,0,212,1000,0.25,0.95,0.0001,0,0.1278772378516624,0.010869565217391304,0.1170076726342711,0.8190537084398977,0.053069053708439895,1564
714,1,0,213,1000,0.25,0.95,0.0001,0,0.1096813725490196,0.007965686274509803,0.1017156862745098,0.8884803921568627,0.001838235294117647,1632
715,1,0,214,1000,0.25,0.95,0.0001,0,0.09376854599406528,0.011869436201780416,0.08189910979228486,0.9026706231454006,0.0035608308605341245,1685
716,1,0,215,1000,0.25,0.95,0.0001,0,0.07134502923976609,0.006432748538011696,0.06491228070175438,0.9257309941520467,0.0029239766081871343,1710
717,1,0,216,1000,0.25,0.95,0.0001,0,0.05833824395992929,0.005303476723629935,0.05303476723629935,0.5138479670005893,0.4278137890394814,1697
718,1,0,217,1000,0.25,0.95,0.0001,0,0.05982404692082111,0.007038123167155425,0.05278592375366569,0.5096774193548387,0.43049853372434016,1705
719,1,0,218,1000,0.25,0.95,0.0001,0,0.054673721340388004,0.005878894767783657,0.04879482657260435,0.522633744855967,0.4226925338036449,1701
720,1,0,219,1000,0.25,0.95,0.0001,0,0.045481049562682216,0.0052478134110787176,0.0402332361516035,0.5446064139941691,0.4099125364431487,1715
721,1,0,220,1000,0.25,0.95,0.0001,0,0.045936395759717315,0.00530035335689046,0.04063604240282685,0.5347467608951708,0.4193168433451119,1698
722,1,0,221,1000,0.25,0.95,0.0001,0,0.052383755150088286,0.006474396703943496,0.04590935844614479,0.28840494408475575,0.659211300765156,1699
723,1,0,222,1000,0.25,0.95,0.0001,0,0.2894431554524362,0.2476798143851508,0.04176334106728538,0.05394431554524362,0.6566125290023201,1724
724,1,0,223,1000,0.25,0.95,0.0001,0,0.27039904705181655,0.22870756402620607,0.04169148302561048,0.31209053007742704,0.4175104228707564,1679
725,1,0,224,1000,0.25,0.95,0.0001,0,0.25329341317365267,0.2155688622754491,0.03772455089820359,0.3209580838323353,0.42574850299401196,1670
726,1,0,225,1000,0.25,0.95,0.0001,0,0.24166666666666667,0.2113095238095238,0.030357142857142857,0.33630952380952384,0.4220238095238095,1680
727,1,0,226,1000,0.25,0.95,0.0001,0,0.22737955346650998,0.1891891891891892,0.038190364277320796,0.3301997649823737,0.44242068155111636,1702
728,1,0,227,1000,0.25,0.95,0.0001,0,0.21506612995974697,0.17538815411155836,0.039677975848188614,0.3553766532489937,0.42955721679125936,1739
729,1,0,228,1000,0.25,0.95,0.0001,0,0.19611206403659234,0.16066323613493425,0.03544882790165809,0.3510577472841624,0.4528301886792453,1749
730,1,0,229,1000,0.25,0.95,0.0001,0,0.1811926605504587,0.15309633027522937,0.02809633027522936,0.38130733944954126,0.4375,1744
731,1,0,230,1000,0.25,0.95,0.0001,0,0.16043083900226757,0.1349206349206349,0.025510204081632654,0.4064625850340136,0.4331065759637188,1764
732,1,0,231,1000,0.25,0.95,0.0001,0,0.5806451612903226,0.12356478950246036,0.4570803717878622,0.4155276107162384,0.0038272279934390375,1829
733,1,0,232,1000,0.25,0.95,0.0001,0,0.42341842397336293,0.001664816870144284,0.42175360710321863,0.5721420643729189,0.004439511653718091,1802
734,1,0,233,1000,0.25,0.95,0.0001,0,0.3851648351648352,0.360989010989011,0.024175824175824177,0.6120879120879121,0.0027472527472527475,1820
735,1,0,234,1000,0.25,0.95,0.0001,0,0.3384279475982533,0.3193231441048035,0.01910480349344978,0.6588427947598253,0.0027292576419213972,1832
736,1,0,235,1000,0.25,0.95,0.0001,0,0.28876712328767123,0.2717808219178082,0.016986301369863014,0.709041095890411,0.002191780821917808,1825
737,1,0,236,1000,0.25,0.95,0.0001,0,0.24374319912948858,0.2323177366702938,0.011425462459194777,0.7524483133841132,0.003808487486398259,1838
738,1,0,237,1000,0.25,0.95,0.0001,0,0.1917372881355932,0.1816737288135593,0.010063559322033898,0.8061440677966102,0.00211864406779661,1888
739,1,0,238,1000,0.25,0.95,0.0001,0,0.16103896103896104,0.15428571428571428,0.006753246753246753,0.8363636363636363,0.0025974025974025974,1925
740,1,0,239,1000,0.25,0.95,0.0001,0,0.13830334190231364,0.13213367609254498,0.006169665809768638,0.8596401028277635,0.002056555269922879,1945
741,1,0,240,1000,0.25,0.95,0.0001,0,0.1035015447991761,0.09886714727085479,0.004634397528321318,0.8944387229660145,0.0020597322348094747,1942
742,1,0,241,1000,0.25,0.95,0.0001,0,0.08978328173374613,0.08771929824561403,0.0020639834881320948,0.9091847265221878,0.0010319917440660474,1938
743,1,0,242,1000,0.25,0.95,0.0001,0,0.07744994731296101,0.07744994731296101,0.0,0.3119072708113804,0.6106427818756586,1898
744,1,0,243,1000,0.25,0.95,0.0001,0,0.07713199348180337,0.07713199348180337,0.0,0.30635524171645845,0.6165127648017382,1841
745,1,0,244,1000,0.25,0.95,0.0001,0,0.07131192161132281,0.07131192161132281,0.0,0.32879695155144256,0.5998911268372347,1837
746,1,0,245,1000,0.25,0.95,0.0001,0,0.07173913043478261,0.07173913043478261,0.0,0.32554347826086955,0.6027173913043479,1840
747,1,0,246,1000,0.25,0.95,0.0001,0,0.06229685807150596,0.06229685807150596,0.0,0.3217768147345612,0.6159263271939328,1846
748,1,0,247,1000,0.25,0.95,0.0001,0,0.05668449197860963,0.05668449197860963,0.0,0.8491978609625669,0.09411764705882353,1870
749,1,0,248,1000,0.25,0.95,0.0001,0,0.044986449864498644,0.044986449864498644,0.0,0.8569105691056911,0.0981029810298103,1845
750,1,0,249,1000,0.25,0.95,0.0001,0,0.04542996214169821,0.04542996214169821,0.0,0.8577609518658734,0.09680908599242834,1849
751,1,0,250,1000,0.25,0.95,0.0001,0,0.033567948023822416,0.033567948023822416,0.0,0.33567948023822414,0.6307525717379534,1847
752,1,0,251,1000,0.25,0.95,0.0001,0,0.03690036900369004,0.03690036900369004,0.0,0.34791776489193466,0.6151818661043753,1897
753,1,0,252,1000,0.25,0.95,0.0001,0,0.523045054375971,0.038322112894873125,0.4847229414810979,0.36198860693940965,0.11496633868461936,1931
754,1,0,253,1000,0.25,0.95,0.0001,0,0.4890362060173381,0.03671596124426313,0.452320244773075,0.39928607853136155,0.11167771545130036,1961
755,1,0,254,1000,0.25,0.95,0.0001,0,0.026767676767676767,0.026767676767676767,0.0,0.44393939393939397,0.5292929292929293,1980
756,1,0,255,1000,0.25,0.95,0.0001,0,0.018633540372670808,0.018633540372670808,0.0,0.4332298136645963,0.5481366459627329,1932
757,1,0,256,1000,0.25,0.95,0.0001,0,0.015471892728210418,0.015471892728210418,0.0,0.4301186178442496,0.55440948942754,1939
758,1,0,257,1000,0.25,0.95,0.0001,0,0.01415836392239119,0.01415836392239119,0.0,0.44362873623492394,0.5422128998426848,1907
759,1,0,258,1000,0.25,0.95,0.0001,0,0.016515716568993075,0.016515716568993075,0.0,0.8897176345231753,0.09376664890783165,1877
760,1,0,259,1000,0.25,0.95,0.0001,0,0.01279317697228145,0.01279317697228145,0.0,0.894456289978678,0.09275053304904052,1876
761,1,0,260,1000,0.25,0.95,0.0001,0,0.430251202565473,0.430251202565473,0.0,0.47728487439871725,0.09246392303580973,1871
762,1,0,261,1000,0.25,0.95,0.0001,0,0.38461538461538464,0.38461538461538464,0.0,0.5238095238095238,0.09157509157509157,1911
763,1,0,262,1000,0.25,0.95,0.0001,0,0.34715821812596004,0.34715821812596004,0.0,0.0,0.65284178187404,1953
764,1,0,263,1000,0.25,0.95,0.0001,0,0.3557642149191445,0.3557642149191445,0.0,0.0,0.6442357850808555,1917
765,1,0,264,1000,0.25,0.95,0.0001,0,0.3442288049029622,0.3442288049029622,0.0,0.0,0.6557711950970377,1958
766,1,0,265,1000,0.25,0.95,0.0001,0,0.3398106626806178,0.3398106626806178,0.0,0.587942202291978,0.07224713502740408,2007
767,1,0,266,1000,0.25,0.95,0.0001,0,0.28336653386454186,0.28336653386454186,0.0,0.6309760956175299,0.08565737051792828,2008
768,1,0,267,1000,0.25,0.95,0.0001,0,0.2542372881355932,0.2542372881355932,0.0,0.6556900726392252,0.09007263922518159,2065
769,1,0,268,1000,0.25,0.95,0.0001,0,0.21537726838586438,0.21537726838586438,0.0,0.6876790830945558,0.09694364851957975,2094
770,1,0,269,1000,0.25,0.95,0.0001,0,0.8977064220183486,0.8977064220183486,0.0,0.0,0.10229357798165138,2180
771,1,0,270,1000,0.25,0.95,0.0001,0,0.8984126984126984,0.8984126984126984,0.0,0.0,0.10158730158730159,2205
772,1,0,271,1000,0.25,0.95,0.0001,0,0.20447427293064876,0.20447427293064876,0.0,0.6948545861297539,0.10067114093959731,2235
773,1,0,272,1000,0.25,0.95,0.0001,0,0.7208464655560558,0.00405222872579919,0.7167942368302567,0.1760468257541648,0.10310670868977938,2221
774,1,0,273,1000,0.25,0.95,0.0001,0,0.6914749661705006,0.004961659900766802,0.6865133062697338,0.0,0.3085250338294993,2217
775,1,0,274,1000,0.25,0.95,0.0001,0,0.6831145314622001,0.0036215482118605704,0.6794929832503395,0.0,0.3168854685377999,2209
776,1,0,275,1000,0.25,0.95,0.0001,0,0.6915717539863325,0.004100227790432802,0.6874715261958998,0.0,0.3084282460136674,2195
777,1,0,276,1000,0.25,0.95,0.0001,0,0.6905974988420565,0.6905974988420565,0.0,0.0,0.3094025011579435,2159
778,1,0,277,1000,0.25,0.95,0.0001,0,0.6814159292035398,0.6814159292035398,0.0,0.0,0.3185840707964602,2147
779,1,0,278,1000,0.25,0.95,0.0001,0,0.6779661016949152,0.6779661016949152,0.0,0.0,0.3220338983050847,2124
780,1,0,279,1000,0.25,0.95,0.0001,0,0.6766192007349564,0.6766192007349564,0.0,0.0,0.32338079926504365,2177
781,1,0,280,1000,0.25,0.95,0.0001,0,0.6873278236914601,0.6873278236914601,0.0,0.0,0.31267217630853994,2178
782,1,0,281,1000,0.25,0.95,0.0001,0,0.8907712884529648,0.6999554168524298,0.190815871600535,0.0,0.10922871154703521,2243
783,1,0,282,1000,0.25,0.95,0.0001,0,0.8817062445030783,0.012752858399296393,0.8689533861037819,0.0,0.11829375549692173,2274
784,1,0,283,1000,0.25,0.95,0.0001,0,0.887709991158267,0.737842617152962,0.14986737400530503,0.0,0.11229000884173299,2262
785,1,0,284,1000,0.25,0.95,0.0001,0,0.8865309657860546,0.75487223906453,0.13165872672152448,0.0,0.11346903421394543,2309
786,1,0,285,1000,0.25,0.95,0.0001,0,0.8836206896551724,0.781896551724138,0.10172413793103448,0.0,0.11637931034482758,2320
787,1,0,286,1000,0.25,0.95,0.0001,0,0.8860435339308579,0.7985488689714042,0.0874946649594537,0.0,0.11395646606914213,2343
788,1,0,287,1000,0.25,0.95,0.0001,0,0.8777070063694268,0.8008492569002124,0.07685774946921443,0.0,0.12229299363057325,2355
789,1,0,288,1000,0.25,0.95,0.0001,0,0.20217664294683968,0.008790288823775638,0.19338635412306404,0.7978233570531603,0.0,2389
790,1,0,289,1000,0.25,0.95,0.0001,0,0.16194331983805668,0.007692307692307693,0.154251012145749,0.8380566801619433,0.0,2470
791,1,0,290,1000,0.25,0.95,0.0001,0,0.13213572854291417,0.006786427145708583,0.1253493013972056,0.8678642714570858,0.0,2505
792,1,0,291,1000,0.25,0.95,0.0001,0,1.0,0.8916730917501927,0.10832690824980724,0.0,0.0,2594
793,1,0,292,1000,0.25,0.95,0.0001,0,1.0,0.9129106187929718,0.08708938120702826,0.0,0.0,2618
794,1,0,293,1000,0.25,0.95,0.0001,0,1.0,0.9253901789113057,0.07460982108869432,0.0,0.0,2627
795,1,0,294,1000,0.25,0.95,0.0001,0,1.0,0.9386457164234941,0.0613542835765058,0.0,0.0,2673
796,1,0,295,1000,0.25,0.95,0.0001,0,1.0,0.9466469062615783,0.05335309373842164,0.0,0.0,2699
797,1,0,296,1000,0.25,0.95,0.0001,0,1.0,0.9563770794824399,0.043622920517560074,0.0,0.0,2705
798,1,0,297,1000,0.25,0.95,0.0001,0,1.0,0.9649439826526924,0.03505601734730755,0.0,0.0,2767
799,1,0,298,1000,0.25,0.95,0.0001,0,1.0,0.9750445632798574,0.024955436720142603,0.0,0.0,2805
800,1,0,299,1000,0.25,0.95,0.0001,0,1.0,0.9795558688755728,0.020444131124427212,0.0,0.0,2837
801,1,0,300,1000,0.25,0.95,0.0001,0,1.0,0.9839441535776614,0.01605584642233857,0.0,0.0,2865
802,1,0,301,1000,0.25,0.95,0.0001,0,0.01884159106769016,0.008025122121423587,0.010816468946266573,0.9811584089323099,0.0,2866
803,1,0,302,1000,0.25,0.95,0.0001,0,0.01794960303762513,0.00862961684501208,0.009319986192613048,0.9820503969623748,0.0,2897
804,1,0,303,1000,0.25,0.95,0.0001,0,0.013536966331135023,0.005900728913571677,0.0076362374175633465,0.986463033668865,0.0,2881
805,1,0,304,1000,0.25,0.95,0.0001,0,0.01233262861169838,0.003171247357293869,0.009161381254404511,0.9876673713883016,0.0,2838
806,1,0,305,1000,0.25,0.95,0.0001,0,0.008759635599159075,0.001751927119831815,0.00700770847932726,0.991240364400841,0.0,2854
807,1,0,306,1000,0.25,0.95,0.0001,0,0.009996552912788694,0.002412961047914512,0.007583591864874182,0.9900034470872113,0.0,2901
808,1,0,307,1000,0.25,0.95,0.0001,0,0.006949270326615705,0.0034746351633078527,0.0034746351633078527,0.9930507296733843,0.0,2878
809,1,0,308,1000,0.25,0.95,0.0001,0,1.0,0.9955032860601868,0.004496713939813214,0.0,0.0,2891
810,1,0,309,1000,0.25,0.95,0.0001,0,1.0,0.9975862068965518,0.002413793103448276,0.0,0.0,2900
811,1,0,310,1000,0.25,0.95,0.0001,0,0.004686976899899564,0.0013391362571141614,0.0033478406427854034,0.9953130231001004,0.0,2987
812,1,0,311,1000,0.25,0.95,0.0001,0,0.004334778259419807,0.0,0.004334778259419807,0.9956652217405801,0.0,2999
813,1,0,312,1000,0.25,0.95,0.0001,0,1.0,0.0,1.0,0.0,0.0,3035
814,1,0,313,1000,0.25,0.95,0.0001,0,1.0,0.0,1.0,0.0,0.0,3050
815,1,0,314,1000,0.25,0.95,0.0001,0,1.0,0.0,1.0,0.0,0.0,3055
816,1,0,315,1000,0.25,0.95,0.0001,0,0.003929273084479371,0.0,0.003929273084479371,0.0,0.9960707269155207,3054
817,1,0,316,1000,0.25,0.95,0.0001,0,0.0032819166393173614,0.0,0.0032819166393173614,0.0,0.9967180833606827,3047
818,1,0,317,1000,0.25,0.95,0.0001,0,0.002625533311453889,0.0,0.002625533311453889,0.9973744666885461,0.0,3047
819,1,0,318,1000,0.25,0.95,0.0001,0,0.002625533311453889,0.0,0.002625533311453889,0.0,0.9973744666885461,3047
820,1,0,319,1000,0.25,0.95,0.0001,0,0.0022450288646568314,0.0,0.0022450288646568314,0.9977549711353432,0.0,3118
821,1,0,320,1000,0.25,0.95,0.0001,0,0.003585397653194263,0.0,0.003585397653194263,0.0,0.9964146023468058,3068
822,1,0,321,1000,0.25,0.95,0.0001,0,0.0033134526176275677,0.0,0.0033134526176275677,0.0,0.9966865473823724,3018
823,1,0,322,1000,0.25,0.95,0.0001,0,1.0,0.0,1.0,0.0,0.0,3014
824,1,0,323,1000,0.25,0.95,0.0001,0,1.0,0.0,1.0,0.0,0.0,2935
825,1,0,324,1000,0.25,0.95,0.0001,0,1.0,0.9979605710401088,0.0020394289598912306,0.0,0.0,2942
826,1,0,325,1000,0.25,0.95,0.0001,0,1.0,0.9979811574697174,0.002018842530282638,0.0,0.0,2972
827,1,0,326,1000,0.25,0.95,0.0001,0,1.0,0.9986403806934059,0.0013596193065941536,0.0,0.0,2942
828,1,0,327,1000,0.25,0.95,0.0001,0,1.0,0.9989953114534494,0.0010046885465505692,0.0,0.0,2986
829,1,0,328,1000,0.25,0.95,0.0001,0,1.0,0.9993451211525868,0.0006548788474132286,0.0,0.0,3054
830,1,0,329,1000,0.25,0.95,0.0001,0,1.0,1.0,0.0,0.0,0.0,3098
831,1,0,330,1000,0.25,0.95,0.0001,0,0.0,0.0,0.0,1.0,0.0,3121
832,1,0,331,1000,0.25,0.95,0.0001,0,1.0,1.0,0.0,0.0,0.0,3187
833,1,0,332,1000,0.25,0.95,0.0001,0,1.0,0.0,1.0,0.0,0.0,3248
834,1,0,333,1000,0.25,0.95,0.0001,0,0.0,0.0,0.0,0.0,1.0,3232
835,1,0,334,1000,0.25,0.95,0.0001,0,0.0,0.0,0.0,0.0,1.0,3269
836,1,0,335,1000,0.25,0.95,0.0001,0,0.0,0.0,0.0,0.0,1.0,3267
837,1,0,336,1000,0.25,0.95,0.0001,0,0.0,0.0,0.0,0.0,1.0,3325
838,1,0,337,1000,0.25,0.95,0.0001,0,0.0,0.0,0.0,1.0,0.0,3317
839,1,0,338,1000,0.25,0.95,0.0001,0,0.0,0.0,0.0,1.0,0.0,3379
840,1,0,339,1000,0.25,0.95,0.0001,0,0.0,0.0,0.0,0.0,1.0,3399
841,1,0,340,1000,0.25,0.95,0.0001,0,0.0,0.0,0.0,0.0,1.0,3443
842,1,0,341,1000,0.25,0.95,0.0001,0,0.0,0.0,0.0,1.0,0.0,3370
843,1,0,342,1000,0.25,0.95,0.0001,0,0.0,0.0,0.0,1.0,0.0,3385
844,1,0,343,1000,0.25,0.95,0.0001,0,0.0,0.0,0.0,1.0,0.0,3425
845,1,0,344,1000,0.25,0.95,0.0001,0,0.0,0.0,0.0,1.0,0.0,3463
846,1,0,345,1000,0.25,0.95,0.0001,0,0.0,0.0,0.0,1.0,0.0,3510
847,1,0,346,1000,0.25,0.95,0.0001,0,0.0,0.0,0.0,1.0,0.0,3535
848,1,0,347,1000,0.25,0.95,0.0001,0,0.0,0.0,0.0,1.0,0.0,3519
849,1,0,348,1000,0.25,0.95,0.0001,0,0.0,0.0,0.0,0.0,1.0,3529
850,1,0,349,1000,0.25,0.95,0.0001,0,1.0,0.0,1.0,0.0,0.0,3457
851,1,0,350,1000,0.25,0.95,0.0001,0,1.0,0.0,1.0,0.0,0.0,3501
852,1,0,351,1000,0.25,0.95,0.0001,0,1.0,1.0,0.0,0.0,0.0,3586
853,1,0,352,1000,0.25,0.95,0.0001,0,1.0,0.0,1.0,0.0,0.0,3607
854,1,0,353,1000,0.25,0.95,0.0001,0,0.0,0.0,0.0,0.0,1.0,3614
855,1,0,354,1000,0.25,0.95,0.0001,0,0.0,0.0,0.0,0.0,1.0,3557
856,1,0,355,1000,0.25,0.95,0.0001,0,0.0,0.0,0.0,0.0,1.0,3537
857,1,0,356,1000,0.25,0.95,0.0001,0,0.0,0.0,0.0,1.0,0.0,3523
858,1,0,357,1000,0.25,0.95,0.0001,0,0.0,0.0,0.0,1.0,0.0,3517
859,1,0,358,1000,0.25,0.95,0.0001,0,1.0,1.0,0.0,0.0,0.0,3554
860,1,0,359,1000,0.25,0.95,0.0001,0,1.0,1.0,0.0,0.0,0.0,3555
861,1,0,360,1000,0.25,0.95,0.0001,0,1.0,1.0,0.0,0.0,0.0,3617
862,1,0,361,1000,0.25,0.95,0.0001,0,1.0,0.0,1.0,0.0,0.0,3652
863,1,0,362,1000,0.25,0.95,0.0001,0,1.0,0.0,1.0,0.0,0.0,3651
864,1,0,363,1000,0.25,0.95,0.0001,0,1.0,0.0,1.0,0.0,0.0,3622
865,1,0,364,1000,0.25,0.95,0.0001,0,1.0,0.0,1.0,0.0,0.0,3700
866,1,0,365,1000,0.25,0.95,0.0001,0,0.0,0.0,0.0,0.0,1.0,3642
867,1,0,366,1000,0.25,0.95,0.0001,0,0.0,0.0,0.0,0.0,1.0,3663
868,1,0,367,1000,0.25,0.95,0.0001,0,0.0,0.0,0.0,1.0,0.0,3721
869,1,0,368,1000,0.25,0.95,0.0001,0,0.0,0.0,0.0,0.0,1.0,3677
870,1,0,369,1000,0.25,0.95,0.0001,0,0.0,0.0,0.0,0.0,1.0,3704
871,1,0,370,1000,0.25,0.95,0.0001,0,1.0,0.0,1.0,0.0,0.0,3788
872,1,0,371,1000,0.25,0.95,0.0001,0,1.0,0.0,1.0,0.0,0.0,3807
873,1,0,372,1000,0.25,0.95,0.0001,0,1.0,0.0,1.0,0.0,0.0,3800
874,1,0,373,1000,0.25,0.95,0.0001,0,1.0,1.0,0.0,0.0,0.0,3776
875,1,0,374,1000,0.25,0.95,0.0001,0,1.0,1.0,0.0,0.0,0.0,3799
876,1,0,375,1000,0.25,0.95,0.0001,0,0.0,0.0,0.0,1.0,0.0,3831
877,1,0,376,1000,0.25,0.95,0.0001,0,0.0,0.0,0.0,0.0,1.0,3866
878,1,0,377,1000,0.25,0.95,0.0001,0,1.0,0.0,1.0,0.0,0.0,3877
879,1,0,378,1000,0.25,0.95,0.0001,0,1.0,1.0,0.0,0.0,0.0,3882
880,1,0,379,1000,0.25,0.95,0.0001,0,1.0,0.0,1.0,0.0,0.0,3877
881,1,0,380,1000,0.25,0.95,0.0001,0,0.0,0.0,0.0,1.0,0.0,3850
882,1,0,381,1000,0.25,0.95,0.0001,0,0.0,0.0,0.0,0.0,1.0,3785
883,1,0,382,1000,0.25,0.95,0.0001,0,0.0,0.0,0.0,0.0,1.0,3855
884,1,0,383,1000,0.25,0.95,0.0001,0,0.0,0.0,0.0,1.0,0.0,3893
885,1,0,384,1000,0.25,0.95,0.0001,0,1.0,0.0,1.0,0.0,0.0,3928
886,1,0,385,1000,0.25,0.95,0.0001,0,1.0,0.0,1.0,0.0,0.0,3957
887,1,0,386,1000,0.25,0.95,0.0001,0,1.0,0.0,1.0,0.0,0.0,3990
888,1,0,387,1000,0.25,0.95,0.0001,0,0.0,0.0,0.0,0.0,1.0,3878
889,1,0,388,1000,0.25,0.95,0.0001,0,0.0,0.0,0.0,0.0,1.0,3814
890,1,0,389,1000,0.25,0.95,0.0001,0,1.0,0.0,1.0,0.0,0.0,3871
891,1,0,390,1000,0.25,0.95,0.0001,0,1.0,0.0,1.0,0.0,0.0,3908
892,1,0,391,1000,0.25,0.95,0.0001,0,1.0,0.0,1.0,0.0,0.0,3909
893,1,0,392,1000,0.25,0.95,0.0001,0,0.0,0.0,0.0,0.0,1.0,3863
894,1,0,393,1000,0.25,0.95,0.0001,0,0.0,0.0,0.0,1.0,0.0,3828
895,1,0,394,1000,0.25,0.95,0.0001,0,1.0,1.0,0.0,0.0,0.0,3863
896,1,0,395,1000,0.25,0.95,0.0001,0,1.0,0.0,1.0,0.0,0.0,3966
897,1,0,396,1000,0.25,0.95,0.0001,0,0.0,0.0,0.0,0.0,1.0,3944
898,1,0,397,1000,0.25,0.95,0.0001,0,1.0,1.0,0.0,0.0,0.0,3953
899,1,0,398,1000,0.25,0.95,0.0001,0,0.0,0.0,0.0,1.0,0.0,4052
900,1,0,399,1000,0.25,0.95,0.0001,0,0.0,0.0,0.0,0.0,1.0,4028
901,1,0,400,1000,0.25,0.95,0.0001,0,0.0,0.0,0.0,0.0,1.0,4056
902,1,0,401,1000,0.25,0.95,0.0001,0,0.0,0.0,0.0,1.0,0.0,3968
903,1,0,402,1000,0.25,0.95,0.0001,0,0.0,0.0,0.0,1.0,0.0,3959
904,1,0,403,1000,0.25,0.95,0.0001,0,1.0,1.0,0.0,0.0,0.0,3981
905,1,0,404,1000,0.25,0.95,0.0001,0,1.0,0.0,1.0,0.0,0.0,4073
906,1,0,405,1000,0.25,0.95,0.0001,0,1.0,1.0,0.0,0.0,0.0,4008
907,1,0,406,1000,0.25,0.95,0.0001,0,1.0,1.0,0.0,0.0,0.0,4134
908,1,0,407,1000,0.25,0.95,0.0001,0,1.0,1.0,0.0,0.0,0.0,4201
909,1,0,408,1000,0.25,0.95,0.0001,0,0.0,0.0,0.0,0.0,1.0,4217
910,1,0,409,1000,0.25,0.95,0.0001,0,0.0,0.0,0.0,0.0,1.0,4243
911,1,0,410,1000,0.25,0.95,0.0001,0,0.0,0.0,0.0,0.0,1.0,4287
912,1,0,411,1000,0.25,0.95,0.0001,0,0.0,0.0,0.0,1.0,0.0,4318
913,1,0,412,1000,0.25,0.95,0.0001,0,0.0,0.0,0.0,1.0,0.0,4335
914,1,0,413,1000,0.25,0.95,0.0001,0,0.0,0.0,0.0,1.0,0.0,4312
915,1,0,414,1000,0.25,0.95,0.0001,0,0.0,0.0,0.0,1.0,0.0,4308
916,1,0,415,1000,0.25,0.95,0.0001,0,1.0,1.0,0.0,0.0,0.0,4279
917,1,0,416,1000,0.25,0.95,0.0001,0,1.0,0.0,1.0,0.0,0.0,4328
918,1,0,417,1000,0.25,0.95,0.0001,0,0.0,0.0,0.0,0.0,1.0,4374
919,1,0,418,1000,0.25,0.95,0.0001,0,0.0,0.0,0.0,0.0,1.0,4430
920,1,0,419,1000,0.25,0.95,0.0001,0,0.0,0.0,0.0,1.0,0.0,4309
921,1,0,420,1000,0.25,0.95,0.0001,0,0.0,0.0,0.0,0.0,1.0,4317
922,1,0,421,1000,0.25,0.95,0.0001,0,0.0,0.0,0.0,0.0,1.0,4316
923,1,0,422,1000,0.25,0.95,0.0001,0,0.0,0.0,0.0,1.0,0.0,4308
924,1,0,423,1000,0.25,0.95,0.0001,0,1.0,1.0,0.0,0.0,0.0,4381
925,1,0,424,1000,0.25,0.95,0.0001,0,0.0,0.0,0.0,0.0,1.0,4431
926,1,0,425,1000,0.25,0.95,0.0001,0,0.0,0.0,0.0,1.0,0.0,4395
927,1,0,426,1000,0.25,0.95,0.0001,0,0.0,0.0,0.0,1.0,0.0,4407
928,1,0,427,1000,0.25,0.95,0.0001,0,0.0,0.0,0.0,1.0,0.0,4390
929,1,0,428,1000,0.25,0.95,0.0001,0,1.0,1.0,0.0,0.0,0.0,4319
930,1,0,429,1000,0.25,0.95,0.0001,0,0.0,0.0,0.0,1.0,0.0,4352
931,1,0,430,1000,0.25,0.95,0.0001,0,1.0,0.0,1.0,0.0,0.0,4295
932,1,0,431,1000,0.25,0.95,0.0001,0,1.0,0.0,1.0,0.0,0.0,4354
933,1,0,432,1000,0.25,0.95,0.0001,0,1.0,0.0,1.0,0.0,0.0,4337
934,1,0,433,1000,0.25,0.95,0.0001,0,1.0,0.0,1.0,0.0,0.0,4444
935,1,0,434,1000,0.25,0.95,0.0001,0,0.0,0.0,0.0,0.0,1.0,4503
936,1,0,435,1000,0.25,0.95,0.0001,0,0.0,0.0,0.0,1.0,0.0,4483
937,1,0,436,1000,0.25,0.95,0.0001,0,1.0,0.0,1.0,0.0,0.0,4471
938,1,0,437,1000,0.25,0.95,0.0001,0,1.0,1.0,0.0,0.0,0.0,4443
939,1,0,438,1000,0.25,0.95,0.0001,0,0.0,0.0,0.0,1.0,0.0,4454
940,1,0,439,1000,0.25,0.95,0.0001,0,0.0,0.0,0.0,1.0,0.0,4406
941,1,0,440,1000,0.25,0.95,0.0001,0,0.0,0.0,0.0,1.0,0.0,4404
942,1,0,441,1000,0.25,0.95,0.0001,0,1.0,1.0,0.0,0.0,0.0,4378
943,1,0,442,1000,0.25,0.95,0.0001,0,0.0,0.0,0.0,0.0,1.0,4455
944,1,0,443,1000,0.25,0.95,0.0001,0,0.0,0.0,0.0,0.0,1.0,4468
945,1,0,444,1000,0.25,0.95,0.0001,0,0.0,0.0,0.0,1.0,0.0,4454
946,1,0,445,1000,0.25,0.95,0.0001,0,0.0,0.0,0.0,0.0,1.0,4461
947,1,0,446,1000,0.25,0.95,0.0001,0,0.0,0.0,0.0,1.0,0.0,4449
948,1,0,447,1000,0.25,0.95,0.0001,0,0.0,0.0,0.0,1.0,0.0,4412
949,1,0,448,1000,0.25,0.95,0.0001,0,1.0,1.0,0.0,0.0,0.0,4376
950,1,0,449,1000,0.25,0.95,0.0001,0,0.0,0.0,0.0,1.0,0.0,4380
951,1,0,450,1000,0.25,0.95,0.0001,0,0.0,0.0,0.0,0.0,1.0,4427
952,1,0,451,1000,0.25,0.95,0.0001,0,0.0,0.0,0.0,1.0,0.0,4507
953,1,0,452,1000,0.25,0.95,0.0001,0,0.0,0.0,0.0,1.0,0.0,4544
954,1,0,453,1000,0.25,0.95,0.0001,0,0.0,0.0,0.0,1.0,0.0,4544
955,1,0,454,1000,0.25,0.95,0.0001,0,0.0,0.0,0.0,1.0,0.0,4599
956,1,0,455,1000,0.25,0.95,0.0001,0,0.0,0.0,0.0,1.0,0.0,4631
957,1,0,456,1000,0.25,0.95,0.0001,0,1.0,1.0,0.0,0.0,0.0,4585
958,1,0,457,1000,0.25,0.95,0.0001,0,1.0,1.0,0.0,0.0,0.0,4571
959,1,0,458,1000,0.25,0.95,0.0001,0,1.0,1.0,0.0,0.0,0.0,4673
960,1,0,459,1000,0.25,0.95,0.0001,0,1.0,0.0,1.0,0.0,0.0,4789
961,1,0,460,1000,0.25,0.95,0.0001,0,1.0,0.0,1.0,0.0,0.0,4699
962,1,0,461,1000,0.25,0.95,0.0001,0,1.0,1.0,0.0,0.0,0.0,4731
963,1,0,462,1000,0.25,0.95,0.0001,0,1.0,1.0,0.0,0.0,0.0,4748
964,1,0,463,1000,0.25,0.95,0.0001,0,1.0,1.0,0.0,0.0,0.0,4764
965,1,0,464,1000,0.25,0.95,0.0001,0,0.0,0.0,0.0,1.0,0.0,4858
966,1,0,465,1000,0.25,0.95,0.0001,0,0.0,0.0,0.0,1.0,0.0,4874
967,1,0,466,1000,0.25,0.95,0.0001,0,1.0,1.0,0.0,0.0,0.0,4852
968,1,0,467,1000,0.25,0.95,0.0001,0,0.0,0.0,0.0,0.0,1.0,4893
969,1,0,468,1000,0.25,0.95,0.0001,0,1.0,0.0,1.0,0.0,0.0,4829
970,1,0,469,1000,0.25,0.95,0.0001,0,1.0,1.0,0.0,0.0,0.0,4716
971,1,0,470,1000,0.25,0.95,0.0001,0,1.0,0.0,1.0,0.0,0.0,4801
972,1,0,471,1000,0.25,0.95,0.0001,0,1.0,0.0,1.0,0.0,0.0,4797
973,1,0,472,1000,0.25,0.95,0.0001,0,0.0,0.0,0.0,0.0,1.0,4760
974,1,0,473,1000,0.25,0.95,0.0001,0,1.0,1.0,0.0,0.0,0.0,4802
975,1,0,474,1000,0.25,0.95,0.0001,0,1.0,1.0,0.0,0.0,0.0,4887
976,1,0,475,1000,0.25,0.95,0.0001,0,1.0,1.0,0.0,0.0,0.0,4948
977,1,0,476,1000,0.25,0.95,0.0001,0,1.0,0.0,1.0,0.0,0.0,4964
978,1,0,477,1000,0.25,0.95,0.0001,0,1.0,0.0,1.0,0.0,0.0,4991
979,1,0,478,1000,0.25,0.95,0.0001,0,0.0,0.0,0.0,0.0,1.0,5051
980,1,0,479,1000,0.25,0.95,0.0001,0,0.0,0.0,0.0,0.0,1.0,5036
981,1,0,480,1000,0.25,0.95,0.0001,0,1.0,0.0,1.0,0.0,0.0,5045
982,1,0,481,1000,0.25,0.95,0.0001,0,1.0,1.0,0.0,0.0,0.0,5030
983,1,0,482,1000,0.25,0.95,0.0001,0,0.0,0.0,0.0,1.0,0.0,5088
984,1,0,483,1000,0.25,0.95,0.0001,0,1.0,1.0,0.0,0.0,0.0,5137
985,1,0,484,1000,0.25,0.95,0.0001,0,1.0,1.0,0.0,0.0,0.0,5223
986,1,0,485,1000,0.25,0.95,0.0001,0,0.0,0.0,0.0,1.0,0.0,5247
987,1,0,486,1000,0.25,0.95,0.0001,0,0.0,0.0,0.0,1.0,0.0,5330
988,1,0,487,1000,0.25,0.95,0.0001,0,0.0,0.0,0.0,0.0,1.0,5313
989,1,0,488,1000,0.25,0.95,0.0001,0,1.0,0.0,1.0,0.0,0.0,5359
990,1,0,489,1000,0.25,0.95,0.0001,0,0.0,0.0,0.0,0.0,1.0,5418
991,1,0,490,1000,0.25,0.95,0.0001,0,1.0,1.0,0.0,0.0,0.0,5354
992,1,0,491,1000,0.25,0.95,0.0001,0,1.0,1.0,0.0,0.0,0.0,5409
993,1,0,492,1000,0.25,0.95,0.0001,0,1.0,1.0,0.0,0.0,0.0,5513
994,1,0,493,1000,0.25,0.95,0.0001,0,0.0,0.0,0.0,0.0,1.0,5656
995,1,0,494,1000,0.25,0.95,0.0001,0,0.0,0.0,0.0,0.0,1.0,5618
996,1,0,495,1000,0.25,0.95,0.0001,0,1.0,1.0,0.0,0.0,0.0,5695
997,1,0,496,1000,0.25,0.95,0.0001,0,1.0,0.0,1.0,0.0,0.0,5705
998,1,0,497,1000,0.25,0.95,0.0001,0,0.0,0.0,0.0,0.0,1.0,5722
999,1,0,498,1000,0.25,0.95,0.0001,0,1.0,1.0,0.0,0.0,0.0,5690
1000,1,0,499,1000,0.25,0.95,0.0001,0,0.0,0.0,0.0,1.0,0.0,5789
1001,1,0,500,1000,0.25,0.95,0.0001,0,0.0,0.0,0.0,1.0,0.0,5800
