,RunId,iteration,Step,N,r,dr,mr,cr,linkage_dis,altruistic fraction,true beards fraction,suckers fraction,impostors fraction,cowards fraction,n_agents
0,0,0,0,1000,0.25,0.95,0.001,0,False,0.5182266009852217,0.28472906403940884,0.2334975369458128,0.27192118226600986,0.20985221674876847,1015
1,0,0,1,1000,0.25,0.95,0.001,0,False,0.5034414945919371,0.2949852507374631,0.20845624385447395,0.3087512291052114,0.18780727630285152,1017
2,0,0,2,1000,0.25,0.95,0.001,0,False,0.48112294288480156,0.28751210067763794,0.1936108422071636,0.3552758954501452,0.16360116166505323,1033
3,0,0,3,1000,0.25,0.95,0.001,0,False,0.44273339749759383,0.2685274302213667,0.17420596727622714,0.39557266602502406,0.1616939364773821,1039
4,0,0,4,1000,0.25,0.95,0.001,0,False,0.4151309408341416,0.2550921435499515,0.1600387972841901,0.41125121241513096,0.17361784675072744,1031
5,0,0,5,1000,0.25,0.95,0.001,0,False,0.3737864077669903,0.23009708737864076,0.1436893203883495,0.4524271844660194,0.17378640776699028,1030
6,0,0,6,1000,0.25,0.95,0.001,0,False,0.3501984126984127,0.22023809523809523,0.12996031746031747,0.4583333333333333,0.19146825396825398,1008
7,0,0,7,1000,0.25,0.95,0.001,0,False,0.3128103277060576,0.19860973187686196,0.11420059582919563,0.5014895729890765,0.18570009930486595,1007
8,0,0,8,1000,0.25,0.95,0.001,0,False,0.29681647940074907,0.20131086142322097,0.09550561797752809,0.5168539325842697,0.18632958801498128,1068
9,0,0,9,1000,0.25,0.95,0.001,0,False,0.2591549295774648,0.17464788732394365,0.08450704225352113,0.5755868544600939,0.1652582159624413,1065
10,0,0,10,1000,0.25,0.95,0.001,0,False,0.2017126546146527,0.1313035204567079,0.07040913415794481,0.6298763082778306,0.16841103710751665,1051
11,0,0,11,1000,0.25,0.95,0.001,0,False,0.18862559241706162,0.12227488151658768,0.06635071090047394,0.6303317535545023,0.18104265402843603,1055
12,0,0,12,1000,0.25,0.95,0.001,0,False,0.16495806150978565,0.10531220876048462,0.05964585274930102,0.6561043802423113,0.17893755824790308,1073
13,0,0,13,1000,0.25,0.95,0.001,0,False,0.13387978142076504,0.09380692167577413,0.04007285974499089,0.6821493624772313,0.18397085610200364,1098
14,0,0,14,1000,0.25,0.95,0.001,0,False,0.11548791405550582,0.07162041181736795,0.043867502238137866,0.7162041181736795,0.1683079677708147,1117
15,0,0,15,1000,0.25,0.95,0.001,0,False,0.10840108401084012,0.07046070460704607,0.037940379403794036,0.7046070460704607,0.18699186991869918,1107
16,0,0,16,1000,0.25,0.95,0.001,0,False,0.08897126969416126,0.051899907321594066,0.03707136237256719,0.706209453197405,0.20481927710843373,1079
17,0,0,17,1000,0.25,0.95,0.001,0,False,0.0842911877394636,0.05172413793103448,0.032567049808429116,0.7097701149425287,0.20593869731800765,1044
18,0,0,18,1000,0.25,0.95,0.001,0,False,0.05684007707129094,0.03564547206165703,0.02119460500963391,0.7379576107899807,0.20520231213872833,1038
19,0,0,19,1000,0.25,0.95,0.001,0,False,0.05674418604651163,0.03348837209302326,0.023255813953488372,0.7255813953488373,0.21767441860465117,1075
20,0,0,20,1000,0.25,0.95,0.001,0,False,0.05272895467160037,0.03700277520814061,0.01572617946345976,0.7502312673450509,0.19703977798334876,1081
21,0,0,21,1000,0.25,0.95,0.001,0,False,0.05961538461538462,0.046153846153846156,0.013461538461538462,0.7461538461538462,0.19423076923076923,1040
22,0,0,22,1000,0.25,0.95,0.001,0,False,0.03857008466603951,0.028222013170272814,0.010348071495766699,0.7695202257761053,0.19190968955785512,1063
23,0,0,23,1000,0.25,0.95,0.001,0,False,0.04335260115606936,0.03564547206165703,0.007707129094412331,0.7764932562620424,0.18015414258188825,1038
24,0,0,24,1000,0.25,0.95,0.001,0,False,0.03753609239653513,0.03368623676612127,0.0038498556304138597,0.7872954764196343,0.1751684311838306,1039
25,0,0,25,1000,0.25,0.95,0.001,0,False,0.035916824196597356,0.034026465028355386,0.001890359168241966,0.7930056710775047,0.17107750472589792,1058
26,0,0,26,1000,0.25,0.95,0.001,0,False,0.02913533834586466,0.02631578947368421,0.002819548872180451,0.7951127819548872,0.17575187969924813,1064
27,0,0,27,1000,0.25,0.95,0.001,0,False,0.029080675422138838,0.027204502814258912,0.001876172607879925,0.7804878048780488,0.1904315196998124,1066
28,0,0,28,1000,0.25,0.95,0.001,0,False,0.020095693779904306,0.019138755980861243,0.0009569377990430622,0.7827751196172249,0.19712918660287082,1045
29,0,0,29,1000,0.25,0.95,0.001,0,False,0.017191977077363897,0.017191977077363897,0.0,0.7860553963705826,0.19675262655205347,1047
30,0,0,30,1000,0.25,0.95,0.001,0,False,0.011639185257032008,0.01066925315227934,0.0009699321047526673,0.7992240543161979,0.18913676042677013,1031
31,0,0,31,1000,0.25,0.95,0.001,0,False,0.009633911368015413,0.008670520231213872,0.0009633911368015414,0.7784200385356455,0.2119460500963391,1038
32,0,0,32,1000,0.25,0.95,0.001,0,False,0.014245014245014245,0.011396011396011397,0.002849002849002849,0.7834757834757835,0.2022792022792023,1053
33,0,0,33,1000,0.25,0.95,0.001,0,False,0.011753183153770812,0.009794319294809012,0.0019588638589618022,0.7639569049951028,0.22428991185112634,1021
34,0,0,34,1000,0.25,0.95,0.001,0,False,0.013618677042801557,0.011673151750972763,0.0019455252918287938,0.7616731517509727,0.2247081712062257,1028
35,0,0,35,1000,0.25,0.95,0.001,0,False,0.01669941060903733,0.0137524557956778,0.0029469548133595285,0.7544204322200393,0.2288801571709234,1018
36,0,0,36,1000,0.25,0.95,0.001,0,False,0.014245014245014245,0.012345679012345678,0.001899335232668566,0.7445394112060779,0.24121557454890788,1053
37,0,0,37,1000,0.25,0.95,0.001,0,False,0.007850834151128557,0.0068694798822374874,0.0009813542688910696,0.7703631010794897,0.22178606476938176,1019
38,0,0,38,1000,0.25,0.95,0.001,0,False,0.002926829268292683,0.001951219512195122,0.000975609756097561,0.7853658536585366,0.21170731707317073,1025
39,0,0,39,1000,0.25,0.95,0.001,0,False,0.002824858757062147,0.0018832391713747645,0.0009416195856873823,0.788135593220339,0.20903954802259886,1062
40,0,0,40,1000,0.25,0.95,0.001,0,False,0.0029154518950437317,0.0029154518950437317,0.0,0.7920310981535471,0.20505344995140914,1029
41,0,0,41,1000,0.25,0.95,0.001,0,False,0.003838771593090211,0.003838771593090211,0.0,0.8119001919385797,0.18426103646833014,1042
42,0,0,42,1000,0.25,0.95,0.001,0,False,0.0009433962264150943,0.0009433962264150943,0.0,0.810377358490566,0.18867924528301888,1060
43,0,0,43,1000,0.25,0.95,0.001,0,False,0.0018399264029438822,0.0018399264029438822,0.0,0.8298068077276909,0.16835326586936522,1087
44,0,0,44,1000,0.25,0.95,0.001,0,False,0.0009293680297397769,0.0,0.0009293680297397769,0.8420074349442379,0.1570631970260223,1076
45,0,0,45,1000,0.25,0.95,0.001,0,False,0.0018587360594795538,0.0009293680297397769,0.0009293680297397769,0.8262081784386617,0.17193308550185873,1076
46,0,0,46,1000,0.25,0.95,0.001,0,False,0.0037002775208140612,0.0037002775208140612,0.0,0.8464384828862165,0.1498612395929695,1081
47,0,0,47,1000,0.25,0.95,0.001,0,False,0.0037105751391465678,0.0037105751391465678,0.0,0.8506493506493507,0.1456400742115028,1078
48,0,0,48,1000,0.25,0.95,0.001,0,False,0.001838235294117647,0.001838235294117647,0.0,0.8612132352941176,0.13694852941176472,1088
49,0,0,49,1000,0.25,0.95,0.001,0,False,0.0045045045045045045,0.0036036036036036037,0.0009009009009009009,0.8477477477477477,0.14774774774774774,1110
50,0,0,50,1000,0.25,0.95,0.001,0,False,0.002680965147453083,0.0017873100983020554,0.0008936550491510277,0.8525469168900804,0.1447721179624665,1119
51,0,0,51,1000,0.25,0.95,0.001,0,False,0.0008818342151675485,0.0008818342151675485,0.0,0.8474426807760141,0.15167548500881833,1134
52,0,0,52,1000,0.25,0.95,0.001,0,False,0.00354924578527063,0.00354924578527063,0.0,0.842058562555457,0.1543921916592724,1127
53,0,0,53,1000,0.25,0.95,0.001,0,False,0.003568242640499554,0.0026761819803746653,0.0008920606601248885,0.8465655664585192,0.14986619090098127,1121
54,0,0,54,1000,0.25,0.95,0.001,0,False,0.0017985611510791368,0.0008992805755395684,0.0008992805755395684,0.8480215827338129,0.15017985611510792,1112
55,0,0,55,1000,0.25,0.95,0.001,0,False,0.0018018018018018018,0.0009009009009009009,0.0009009009009009009,0.845945945945946,0.15225225225225225,1110
56,0,0,56,1000,0.25,0.95,0.001,0,False,0.0009233610341643582,0.0009233610341643582,0.0,0.827331486611265,0.17174515235457063,1083
57,0,0,57,1000,0.25,0.95,0.001,0,False,0.0009250693802035153,0.0009250693802035153,0.0,0.8334875115633672,0.16558741905642924,1081
58,0,0,58,1000,0.25,0.95,0.001,0,False,0.0018365472910927456,0.0018365472910927456,0.0,0.820018365472911,0.1781450872359963,1089
59,0,0,59,1000,0.25,0.95,0.001,0,False,0.0028544243577545195,0.0019029495718363464,0.0009514747859181732,0.8001902949571836,0.19695528068506185,1051
60,0,0,60,1000,0.25,0.95,0.001,0,False,0.0037914691943127963,0.0037914691943127963,0.0,0.7990521327014218,0.1971563981042654,1055
61,0,0,61,1000,0.25,0.95,0.001,0,False,0.005560704355885079,0.004633920296570899,0.0009267840593141798,0.7970342910101946,0.1974050046339203,1079
62,0,0,62,1000,0.25,0.95,0.001,0,False,0.006433823529411764,0.006433823529411764,0.0,0.8088235294117647,0.18474264705882354,1088
63,0,0,63,1000,0.25,0.95,0.001,0,False,0.007971656333038087,0.007971656333038087,0.0,0.8325952170062002,0.15943312666076173,1129
64,0,0,64,1000,0.25,0.95,0.001,0,False,0.007079646017699115,0.007079646017699115,0.0,0.8371681415929203,0.15575221238938053,1130
65,0,0,65,1000,0.25,0.95,0.001,0,False,0.003499562554680665,0.003499562554680665,0.0,0.8696412948381452,0.1268591426071741,1143
66,0,0,66,1000,0.25,0.95,0.001,0,False,0.0034602076124567475,0.0034602076124567475,0.0,0.8771626297577855,0.11937716262975778,1156
67,0,0,67,1000,0.25,0.95,0.001,0,False,0.0016906170752324597,0.0008453085376162299,0.0008453085376162299,0.8774302620456467,0.12087912087912088,1183
68,0,0,68,1000,0.25,0.95,0.001,0,False,0.000846740050804403,0.000846740050804403,0.0,0.8924640135478408,0.10668924640135478,1181
69,0,0,69,1000,0.25,0.95,0.001,0,False,0.0008375209380234506,0.0008375209380234506,0.0,0.8793969849246231,0.11976549413735343,1194
70,0,0,70,1000,0.25,0.95,0.001,0,False,0.0,0.0,0.0,0.8756177924217463,0.1243822075782537,1214
71,0,0,71,1000,0.25,0.95,0.001,0,False,0.0,0.0,0.0,0.8730548730548731,0.12694512694512694,1221
72,0,0,72,1000,0.25,0.95,0.001,0,False,0.0008312551953449709,0.0008312551953449709,0.0,0.8877805486284289,0.1113881961762261,1203
73,0,0,73,1000,0.25,0.95,0.001,0,False,0.0016142050040355124,0.0016142050040355124,0.0,0.8902340597255851,0.10815173527037934,1239
74,0,0,74,1000,0.25,0.95,0.001,0,False,0.002411575562700965,0.002411575562700965,0.0,0.8946945337620579,0.10289389067524116,1244
75,0,0,75,1000,0.25,0.95,0.001,0,False,0.0015822784810126582,0.0015822784810126582,0.0,0.8884493670886076,0.10996835443037975,1264
76,0,0,76,1000,0.25,0.95,0.001,0,False,0.004720692368214005,0.004720692368214005,0.0,0.8819826907946499,0.11329661683713611,1271
77,0,0,77,1000,0.25,0.95,0.001,0,False,0.0064672594987873885,0.0064672594987873885,0.0,0.8811641067097817,0.11236863379143087,1237
78,0,0,78,1000,0.25,0.95,0.001,0,False,0.00734094616639478,0.00734094616639478,0.0,0.8784665579119086,0.11419249592169657,1226
79,0,0,79,1000,0.25,0.95,0.001,0,False,0.00819000819000819,0.00819000819000819,0.0,0.8730548730548731,0.11875511875511875,1221
80,0,0,80,1000,0.25,0.95,0.001,0,False,0.006389776357827476,0.006389776357827476,0.0,0.8738019169329073,0.11980830670926518,1252
81,0,0,81,1000,0.25,0.95,0.001,0,False,0.0031031807602792862,0.0023273855702094647,0.0007757951900698216,0.8727695888285493,0.12412723041117145,1289
82,0,0,82,1000,0.25,0.95,0.001,0,False,0.003915426781519186,0.0031323414252153485,0.0007830853563038371,0.8778386844166014,0.1182458888018794,1277
83,0,0,83,1000,0.25,0.95,0.001,0,False,0.008695652173913044,0.005533596837944664,0.0031620553359683794,0.8743083003952569,0.11699604743083004,1265
84,0,0,84,1000,0.25,0.95,0.001,0,False,0.011801730920535013,0.007867820613690008,0.003933910306845004,0.8804091266719118,0.1077891424075531,1271
85,0,0,85,1000,0.25,0.95,0.001,0,False,0.013481363996827915,0.008723235527359239,0.004758128469468675,0.8905630452022204,0.09595559080095163,1261
86,0,0,86,1000,0.25,0.95,0.001,0,False,0.012048192771084338,0.00963855421686747,0.0024096385542168677,0.9116465863453815,0.07630522088353414,1245
87,0,0,87,1000,0.25,0.95,0.001,0,False,0.012305168170631665,0.007383100902378999,0.004922067268252666,0.9089417555373257,0.07875307629204266,1219
88,0,0,88,1000,0.25,0.95,0.001,0,False,0.011382113821138212,0.00894308943089431,0.0024390243902439024,0.9089430894308943,0.07967479674796749,1230
89,0,0,89,1000,0.25,0.95,0.001,0,False,0.00967741935483871,0.007258064516129033,0.0024193548387096775,0.9096774193548387,0.08064516129032258,1240
90,0,0,90,1000,0.25,0.95,0.001,0,False,0.0032232070910556,0.0032232070910556,0.0,0.9170024174053183,0.07977437550362611,1241
91,0,0,91,1000,0.25,0.95,0.001,0,False,0.0024154589371980675,0.0024154589371980675,0.0,0.9202898550724637,0.07729468599033816,1242
92,0,0,92,1000,0.25,0.95,0.001,0,False,0.0016515276630883566,0.0016515276630883566,0.0,0.9199009083402147,0.07844756399669695,1211
93,0,0,93,1000,0.25,0.95,0.001,0,False,0.004125412541254125,0.004125412541254125,0.0,0.9158415841584159,0.08003300330033003,1212
94,0,0,94,1000,0.25,0.95,0.001,0,False,0.004979253112033195,0.004979253112033195,0.0,0.91701244813278,0.07800829875518672,1205
95,0,0,95,1000,0.25,0.95,0.001,0,False,0.009205020920502092,0.008368200836820083,0.0008368200836820083,0.9112970711297071,0.0794979079497908,1195
96,0,0,96,1000,0.25,0.95,0.001,0,False,0.00741962077493817,0.004122011541632316,0.0032976092333058533,0.8903544929925804,0.10222588623248145,1213
97,0,0,97,1000,0.25,0.95,0.001,0,False,0.0032733224222585926,0.0016366612111292963,0.0016366612111292963,0.8739770867430442,0.12274959083469722,1222
98,0,0,98,1000,0.25,0.95,0.001,0,False,0.004180602006688963,0.0016722408026755853,0.002508361204013378,0.8921404682274248,0.10367892976588629,1196
99,0,0,99,1000,0.25,0.95,0.001,0,False,0.008680555555555556,0.006076388888888889,0.0026041666666666665,0.890625,0.10069444444444445,1152
100,0,0,100,1000,0.25,0.95,0.001,0,False,0.008756567425569177,0.0070052539404553416,0.0017513134851138354,0.8949211908931699,0.09632224168126094,1142
101,0,0,101,1000,0.25,0.95,0.001,0,False,0.006222222222222222,0.0044444444444444444,0.0017777777777777779,0.888,0.10577777777777778,1125
102,0,0,102,1000,0.25,0.95,0.001,0,False,0.0025210084033613447,0.0025210084033613447,0.0,0.8890756302521008,0.10840336134453782,1190
103,0,0,103,1000,0.25,0.95,0.001,0,False,0.0017123287671232876,0.0017123287671232876,0.0,0.901541095890411,0.09674657534246575,1168
104,0,0,104,1000,0.25,0.95,0.001,0,False,0.0008298755186721991,0.0008298755186721991,0.0,0.9145228215767635,0.08464730290456432,1205
105,0,0,105,1000,0.25,0.95,0.001,0,False,0.003281378178835111,0.003281378178835111,0.0,0.9130434782608695,0.08367514356029532,1219
106,0,0,106,1000,0.25,0.95,0.001,0,False,0.0008210180623973727,0.0008210180623973727,0.0,0.909688013136289,0.08949096880131363,1218
107,0,0,107,1000,0.25,0.95,0.001,0,False,0.0008333333333333334,0.0008333333333333334,0.0,0.9041666666666667,0.095,1200
108,0,0,108,1000,0.25,0.95,0.001,0,False,0.0024958402662229617,0.0024958402662229617,0.0,0.908485856905158,0.08901830282861897,1202
109,0,0,109,1000,0.25,0.95,0.001,0,False,0.002437043054427295,0.002437043054427295,0.0,0.9082047116165719,0.08935824532900082,1231
110,0,0,110,1000,0.25,0.95,0.001,0,False,0.006578947368421052,0.006578947368421052,0.0,0.899671052631579,0.09375,1216
111,0,0,111,1000,0.25,0.95,0.001,0,False,0.00832639467110741,0.00832639467110741,0.0,0.88759367194005,0.10407993338884262,1201
112,0,0,112,1000,0.25,0.95,0.001,0,False,0.009417808219178082,0.009417808219178082,0.0,0.8681506849315068,0.12243150684931507,1168
113,0,0,113,1000,0.25,0.95,0.001,0,False,0.009259259259259259,0.008417508417508417,0.0008417508417508417,0.8585858585858586,0.13215488215488216,1188
114,0,0,114,1000,0.25,0.95,0.001,0,False,0.006509357200976403,0.006509357200976403,0.0,0.8649308380797396,0.12855980471928397,1229
115,0,0,115,1000,0.25,0.95,0.001,0,False,0.009345794392523364,0.009345794392523364,0.0,0.8632115548003398,0.1274426508071368,1177
116,0,0,116,1000,0.25,0.95,0.001,0,False,0.005897219882055603,0.005054759898904802,0.0008424599831508003,0.8576242628475147,0.13647851727042964,1187
117,0,0,117,1000,0.25,0.95,0.001,0,False,0.008244023083264633,0.00741962077493817,0.0008244023083264633,0.8499587798845837,0.14179719703215168,1213
118,0,0,118,1000,0.25,0.95,0.001,0,False,0.007462686567164179,0.007462686567164179,0.0,0.8507462686567164,0.1417910447761194,1206
119,0,0,119,1000,0.25,0.95,0.001,0,False,0.003286770747740345,0.003286770747740345,0.0,0.8783894823336073,0.11832374691865243,1217
120,0,0,120,1000,0.25,0.95,0.001,0,False,0.0008084074373484236,0.0008084074373484236,0.0,0.8601455133387227,0.13904607922392886,1237
121,0,0,121,1000,0.25,0.95,0.001,0,False,0.000779423226812159,0.000779423226812159,0.0,0.8589243959469992,0.1402961808261886,1283
122,0,0,122,1000,0.25,0.95,0.001,0,False,0.0038729666924864447,0.0038729666924864447,0.0,0.8574748257164988,0.1386522075910147,1291
123,0,0,123,1000,0.25,0.95,0.001,0,False,0.004491017964071856,0.004491017964071856,0.0,0.844311377245509,0.15119760479041916,1336
124,0,0,124,1000,0.25,0.95,0.001,0,False,0.0037537537537537537,0.0037537537537537537,0.0,0.8581081081081081,0.13813813813813813,1332
125,0,0,125,1000,0.25,0.95,0.001,0,False,0.006772009029345372,0.006772009029345372,0.0,0.872084273890143,0.12114371708051166,1329
126,0,0,126,1000,0.25,0.95,0.001,0,False,0.0030097817908201654,0.002257336343115124,0.0007524454477050414,0.8668171557562077,0.13017306245297217,1329
127,0,0,127,1000,0.25,0.95,0.001,0,False,0.00452147701582517,0.0037678975131876413,0.0007535795026375283,0.8628485305199699,0.13262999246420498,1327
128,0,0,128,1000,0.25,0.95,0.001,0,False,0.0029985007496251873,0.0014992503748125937,0.0014992503748125937,0.856071964017991,0.1409295352323838,1334
129,0,0,129,1000,0.25,0.95,0.001,0,False,0.0022692889561270802,0.0015128593040847202,0.0007564296520423601,0.8472012102874432,0.15052950075642965,1322
130,0,0,130,1000,0.25,0.95,0.001,0,False,0.0015444015444015444,0.0,0.0015444015444015444,0.8424710424710424,0.155984555984556,1295
131,0,0,131,1000,0.25,0.95,0.001,0,False,0.0037735849056603774,0.0022641509433962265,0.0015094339622641509,0.8264150943396227,0.16981132075471697,1325
132,0,0,132,1000,0.25,0.95,0.001,0,False,0.003032600454890068,0.0,0.003032600454890068,0.8150113722517058,0.1819560272934041,1319
133,0,0,133,1000,0.25,0.95,0.001,0,False,0.006430868167202572,0.0008038585209003215,0.005627009646302251,0.8127009646302251,0.18086816720257234,1244
134,0,0,134,1000,0.25,0.95,0.001,0,False,0.009685230024213076,0.002421307506053269,0.007263922518159807,0.8200161420500404,0.17029862792574657,1239
135,0,0,135,1000,0.25,0.95,0.001,0,False,0.012274959083469721,0.0032733224222585926,0.00900163666121113,0.820785597381342,0.16693944353518822,1222
136,0,0,136,1000,0.25,0.95,0.001,0,False,0.021617293835068056,0.008807045636509208,0.012810248198558846,0.8182546036829463,0.16012810248198558,1249
137,0,0,137,1000,0.25,0.95,0.001,0,False,0.011618257261410789,0.004979253112033195,0.006639004149377593,0.8315352697095436,0.15684647302904564,1205
138,0,0,138,1000,0.25,0.95,0.001,0,False,0.010851419031719533,0.005008347245409015,0.005843071786310518,0.8196994991652755,0.169449081803005,1198
139,0,0,139,1000,0.25,0.95,0.001,0,False,0.008382229673093043,0.003352891869237217,0.005029337803855826,0.829002514668902,0.16261525565800503,1193
140,0,0,140,1000,0.25,0.95,0.001,0,False,0.007640067911714771,0.005942275042444821,0.001697792869269949,0.8353140916808149,0.1570458404074703,1178
141,0,0,141,1000,0.25,0.95,0.001,0,False,0.005809128630705394,0.004979253112033195,0.0008298755186721991,0.8365145228215768,0.15767634854771784,1205
142,0,0,142,1000,0.25,0.95,0.001,0,False,0.005037783375314861,0.005037783375314861,0.0,0.8371116708648195,0.15785054575986565,1191
143,0,0,143,1000,0.25,0.95,0.001,0,False,0.005084745762711864,0.005084745762711864,0.0,0.8254237288135593,0.1694915254237288,1180
144,0,0,144,1000,0.25,0.95,0.001,0,False,0.006151142355008787,0.005272407732864675,0.0008787346221441124,0.8268892794376098,0.16695957820738136,1138
145,0,0,145,1000,0.25,0.95,0.001,0,False,0.0052173913043478265,0.004347826086956522,0.0008695652173913044,0.831304347826087,0.1634782608695652,1150
146,0,0,146,1000,0.25,0.95,0.001,0,False,0.007168458781362007,0.0062724014336917565,0.0008960573476702509,0.8270609318996416,0.16577060931899643,1116
147,0,0,147,1000,0.25,0.95,0.001,0,False,0.011807447774750226,0.009082652134423252,0.0027247956403269754,0.8219800181653043,0.16621253405994552,1101
148,0,0,148,1000,0.25,0.95,0.001,0,False,0.010638297872340425,0.007978723404255319,0.0026595744680851063,0.8351063829787234,0.15425531914893617,1128
149,0,0,149,1000,0.25,0.95,0.001,0,False,0.009074410163339383,0.0054446460980036296,0.003629764065335753,0.8484573502722323,0.1424682395644283,1102
150,0,0,150,1000,0.25,0.95,0.001,0,False,0.009892086330935251,0.006294964028776978,0.0035971223021582736,0.8489208633093526,0.14118705035971224,1112
151,0,0,151,1000,0.25,0.95,0.001,0,False,0.011029411764705883,0.006433823529411764,0.004595588235294118,0.8639705882352942,0.125,1088
152,0,0,152,1000,0.25,0.95,0.001,0,False,0.007252946509519492,0.005439709882139619,0.001813236627379873,0.8821396192203083,0.11060743427017226,1103
153,0,0,153,1000,0.25,0.95,0.001,0,False,0.004456327985739751,0.0035650623885918,0.00089126559714795,0.8787878787878788,0.11675579322638147,1122
154,0,0,154,1000,0.25,0.95,0.001,0,False,0.007136485280999108,0.006244424620874219,0.0008920606601248885,0.8652988403211418,0.12756467439785907,1121
155,0,0,155,1000,0.25,0.95,0.001,0,False,0.0,0.0,0.0,0.8605683836589698,0.13943161634103018,1126
156,0,0,156,1000,0.25,0.95,0.001,0,False,0.0008833922261484099,0.0,0.0008833922261484099,0.8692579505300353,0.12985865724381626,1132
157,0,0,157,1000,0.25,0.95,0.001,0,False,0.0009124087591240876,0.0,0.0009124087591240876,0.8585766423357665,0.14051094890510948,1096
158,0,0,158,1000,0.25,0.95,0.001,0,False,0.00089126559714795,0.00089126559714795,0.0,0.8618538324420677,0.13725490196078433,1122
159,0,0,159,1000,0.25,0.95,0.001,0,False,0.0008818342151675485,0.0008818342151675485,0.0,0.8624338624338624,0.13668430335097,1134
160,0,0,160,1000,0.25,0.95,0.001,0,False,0.0034873583260680036,0.0034873583260680036,0.0,0.8605056669572798,0.13600697471665213,1147
161,0,0,161,1000,0.25,0.95,0.001,0,False,0.00422654268808115,0.0033812341504649195,0.0008453085376162299,0.8554522400676247,0.14032121724429417,1183
162,0,0,162,1000,0.25,0.95,0.001,0,False,0.005016722408026756,0.004180602006688963,0.0008361204013377926,0.8570234113712375,0.13795986622073578,1196
163,0,0,163,1000,0.25,0.95,0.001,0,False,0.002471169686985173,0.0016474464579901153,0.0008237232289950577,0.8542009884678748,0.14332784184514002,1214
164,0,0,164,1000,0.25,0.95,0.001,0,False,0.004966887417218543,0.0024834437086092716,0.0024834437086092716,0.8559602649006622,0.1390728476821192,1208
165,0,0,165,1000,0.25,0.95,0.001,0,False,0.008257638315441783,0.004128819157720892,0.004128819157720892,0.8505367464905037,0.1412056151940545,1211
166,0,0,166,1000,0.25,0.95,0.001,0,False,0.008051529790660225,0.001610305958132045,0.00644122383252818,0.8534621578099839,0.13848631239935588,1242
167,0,0,167,1000,0.25,0.95,0.001,0,False,0.008237232289950576,0.002471169686985173,0.005766062602965404,0.8533772652388797,0.13838550247116968,1214
168,0,0,168,1000,0.25,0.95,0.001,0,False,0.001607717041800643,0.0008038585209003215,0.0008038585209003215,0.8866559485530546,0.11173633440514469,1244
169,0,0,169,1000,0.25,0.95,0.001,0,False,0.0008012820512820513,0.0,0.0008012820512820513,0.8950320512820513,0.10416666666666667,1248
170,0,0,170,1000,0.25,0.95,0.001,0,False,0.0031446540880503146,0.0015723270440251573,0.0015723270440251573,0.9088050314465409,0.0880503144654088,1272
171,0,0,171,1000,0.25,0.95,0.001,0,False,0.0016625103906899418,0.0,0.0016625103906899418,0.9218620116375728,0.07647547797173733,1203
172,0,0,172,1000,0.25,0.95,0.001,0,False,0.0025020850708924102,0.0008340283569641367,0.0016680567139282735,0.9015846538782318,0.09591326105087573,1199
173,0,0,173,1000,0.25,0.95,0.001,0,False,0.0008340283569641367,0.0008340283569641367,0.0,0.9015846538782318,0.097581317764804,1199
174,0,0,174,1000,0.25,0.95,0.001,0,False,0.0017241379310344827,0.0017241379310344827,0.0,0.9120689655172414,0.08620689655172414,1160
175,0,0,175,1000,0.25,0.95,0.001,0,False,0.0008771929824561404,0.0008771929824561404,0.0,0.9122807017543859,0.0868421052631579,1140
176,0,0,176,1000,0.25,0.95,0.001,0,False,0.0,0.0,0.0,0.9148936170212766,0.0851063829787234,1128
177,0,0,177,1000,0.25,0.95,0.001,0,False,0.0,0.0,0.0,0.9266609145815358,0.07333908541846419,1159
178,0,0,178,1000,0.25,0.95,0.001,0,False,0.0008583690987124463,0.0008583690987124463,0.0,0.934763948497854,0.06437768240343347,1165
179,0,0,179,1000,0.25,0.95,0.001,0,False,0.0017513134851138354,0.0017513134851138354,0.0,0.9352014010507881,0.06304728546409807,1142
180,0,0,180,1000,0.25,0.95,0.001,0,False,0.0018674136321195146,0.0018674136321195146,0.0,0.927170868347339,0.07096171802054155,1071
181,0,0,181,1000,0.25,0.95,0.001,0,False,0.0028517110266159697,0.0019011406844106464,0.0009505703422053232,0.9192015209125475,0.0779467680608365,1052
182,0,0,182,1000,0.25,0.95,0.001,0,False,0.003766478342749529,0.003766478342749529,0.0,0.9265536723163842,0.0696798493408663,1062
183,0,0,183,1000,0.25,0.95,0.001,0,False,0.001892147587511826,0.001892147587511826,0.0,0.9318826868495743,0.06622516556291391,1057
184,0,0,184,1000,0.25,0.95,0.001,0,False,0.0038204393505253103,0.0038204393505253103,0.0,0.9130850047755492,0.0830945558739255,1047
185,0,0,185,1000,0.25,0.95,0.001,0,False,0.0028680688336520078,0.0028680688336520078,0.0,0.9168260038240917,0.08030592734225621,1046
186,0,0,186,1000,0.25,0.95,0.001,0,False,0.002859866539561487,0.0019065776930409914,0.0009532888465204957,0.90371782650143,0.09342230695900858,1049
187,0,0,187,1000,0.25,0.95,0.001,0,False,0.007820136852394917,0.007820136852394917,0.0,0.8993157380254154,0.09286412512218964,1023
188,0,0,188,1000,0.25,0.95,0.001,0,False,0.007952286282306162,0.006958250497017893,0.0009940357852882703,0.9125248508946322,0.07952286282306163,1006
189,0,0,189,1000,0.25,0.95,0.001,0,False,0.006829268292682927,0.004878048780487805,0.001951219512195122,0.9092682926829269,0.08390243902439025,1025
190,0,0,190,1000,0.25,0.95,0.001,0,False,0.008806262230919765,0.00684931506849315,0.0019569471624266144,0.9158512720156555,0.07534246575342465,1022
191,0,0,191,1000,0.25,0.95,0.001,0,False,0.011571841851494697,0.009643201542912247,0.0019286403085824494,0.8987463837994214,0.08968177434908389,1037
192,0,0,192,1000,0.25,0.95,0.001,0,False,0.007804878048780488,0.006829268292682927,0.000975609756097561,0.9131707317073171,0.07902439024390244,1025
193,0,0,193,1000,0.25,0.95,0.001,0,False,0.007774538386783284,0.0058309037900874635,0.001943634596695821,0.924198250728863,0.06802721088435375,1029
194,0,0,194,1000,0.25,0.95,0.001,0,False,0.009578544061302681,0.008620689655172414,0.0009578544061302681,0.9281609195402298,0.06226053639846743,1044
195,0,0,195,1000,0.25,0.95,0.001,0,False,0.0056657223796034,0.0056657223796034,0.0,0.9216241737488197,0.07271010387157696,1059
196,0,0,196,1000,0.25,0.95,0.001,0,False,0.0027829313543599257,0.0027829313543599257,0.0,0.9183673469387755,0.07884972170686456,1078
197,0,0,197,1000,0.25,0.95,0.001,0,False,0.0009199632014719411,0.0009199632014719411,0.0,0.9126034958601656,0.08647654093836246,1087
198,0,0,198,1000,0.25,0.95,0.001,0,False,0.0,0.0,0.0,0.9241842610364683,0.07581573896353166,1042
199,0,0,199,1000,0.25,0.95,0.001,0,False,0.000970873786407767,0.000970873786407767,0.0,0.929126213592233,0.06990291262135923,1030
200,0,0,200,1000,0.25,0.95,0.001,0,False,0.002898550724637681,0.002898550724637681,0.0,0.936231884057971,0.06086956521739131,1035
201,0,0,201,1000,0.25,0.95,0.001,0,False,0.0,0.0,0.0,0.9282250242483027,0.07177497575169738,1031
202,0,0,202,1000,0.25,0.95,0.001,0,False,0.002843601895734597,0.002843601895734597,0.0,0.9327014218009478,0.06445497630331753,1055
203,0,0,203,1000,0.25,0.95,0.001,0,False,0.0018867924528301887,0.0018867924528301887,0.0,0.9386792452830188,0.059433962264150944,1060
204,0,0,204,1000,0.25,0.95,0.001,0,False,0.002840909090909091,0.002840909090909091,0.0,0.9450757575757576,0.052083333333333336,1056
205,0,0,205,1000,0.25,0.95,0.001,0,False,0.003857280617164899,0.003857280617164899,0.0,0.9392478302796529,0.05689488910318226,1037
206,0,0,206,1000,0.25,0.95,0.001,0,False,0.005940594059405941,0.005940594059405941,0.0,0.9237623762376238,0.0702970297029703,1010
207,0,0,207,1000,0.25,0.95,0.001,0,False,0.005940594059405941,0.005940594059405941,0.0,0.9227722772277228,0.07128712871287128,1010
208,0,0,208,1000,0.25,0.95,0.001,0,False,0.003972194637537239,0.003972194637537239,0.0,0.9235352532274081,0.07249255213505462,1007
209,0,0,209,1000,0.25,0.95,0.001,0,False,0.0020429009193054137,0.0020429009193054137,0.0,0.9366700715015321,0.06128702757916241,979
210,0,0,210,1000,0.25,0.95,0.001,0,False,0.0,0.0,0.0,0.939795918367347,0.06020408163265306,980
211,0,0,211,1000,0.25,0.95,0.001,0,False,0.0,0.0,0.0,0.939060939060939,0.060939060939060936,1001
212,0,0,212,1000,0.25,0.95,0.001,0,False,0.0010193679918450561,0.0010193679918450561,0.0,0.9459734964322121,0.053007135575942915,981
213,0,0,213,1000,0.25,0.95,0.001,0,False,0.001984126984126984,0.001984126984126984,0.0,0.9444444444444444,0.05357142857142857,1008
214,0,0,214,1000,0.25,0.95,0.001,0,False,0.004955401387512388,0.004955401387512388,0.0,0.9236868186323092,0.07135777998017839,1009
215,0,0,215,1000,0.25,0.95,0.001,0,False,0.00303951367781155,0.00303951367781155,0.0,0.9108409321175278,0.08611955420466058,987
216,0,0,216,1000,0.25,0.95,0.001,0,False,0.003929273084479371,0.003929273084479371,0.0,0.9135559921414538,0.0825147347740668,1018
217,0,0,217,1000,0.25,0.95,0.001,0,False,0.0087890625,0.0087890625,0.0,0.9189453125,0.072265625,1024
218,0,0,218,1000,0.25,0.95,0.001,0,False,0.014895729890764648,0.014895729890764648,0.0,0.9046673286991063,0.0804369414101291,1007
219,0,0,219,1000,0.25,0.95,0.001,0,False,0.007042253521126761,0.006036217303822937,0.001006036217303823,0.8933601609657947,0.09959758551307847,994
220,0,0,220,1000,0.25,0.95,0.001,0,False,0.005202913631633715,0.005202913631633715,0.0,0.9084287200832466,0.08636836628511967,961
221,0,0,221,1000,0.25,0.95,0.001,0,False,0.005252100840336135,0.005252100840336135,0.0,0.8928571428571429,0.10189075630252101,952
222,0,0,222,1000,0.25,0.95,0.001,0,False,0.0031779661016949155,0.0031779661016949155,0.0,0.8951271186440678,0.1016949152542373,944
223,0,0,223,1000,0.25,0.95,0.001,0,False,0.003080082135523614,0.003080082135523614,0.0,0.9075975359342916,0.08932238193018481,974
224,0,0,224,1000,0.25,0.95,0.001,0,False,0.00102880658436214,0.00102880658436214,0.0,0.9207818930041153,0.07818930041152264,972
225,0,0,225,1000,0.25,0.95,0.001,0,False,0.0,0.0,0.0,0.9090909090909091,0.09090909090909091,979
226,0,0,226,1000,0.25,0.95,0.001,0,False,0.0,0.0,0.0,0.908080808080808,0.09191919191919191,990
227,0,0,227,1000,0.25,0.95,0.001,0,False,0.001,0.0,0.001,0.89,0.109,1000
228,0,0,228,1000,0.25,0.95,0.001,0,False,0.002008032128514056,0.001004016064257028,0.001004016064257028,0.9036144578313253,0.09437751004016064,996
229,0,0,229,1000,0.25,0.95,0.001,0,False,0.002002002002002002,0.002002002002002002,0.0,0.9129129129129129,0.08508508508508508,999
230,0,0,230,1000,0.25,0.95,0.001,0,False,0.0009823182711198428,0.0009823182711198428,0.0,0.9243614931237721,0.07465618860510806,1018
231,0,0,231,1000,0.25,0.95,0.001,0,False,0.0009442870632672333,0.0009442870632672333,0.0,0.931067044381492,0.0679886685552408,1059
232,0,0,232,1000,0.25,0.95,0.001,0,False,0.0009389671361502347,0.0009389671361502347,0.0,0.9267605633802817,0.07230046948356808,1065
233,0,0,233,1000,0.25,0.95,0.001,0,False,0.0028708133971291866,0.0028708133971291866,0.0,0.9349282296650717,0.06220095693779904,1045
234,0,0,234,1000,0.25,0.95,0.001,0,False,0.0038498556304138597,0.0038498556304138597,0.0,0.9384023099133783,0.05774783445620789,1039
235,0,0,235,1000,0.25,0.95,0.001,0,False,0.0038461538461538464,0.0038461538461538464,0.0,0.9346153846153846,0.06153846153846154,1040
236,0,0,236,1000,0.25,0.95,0.001,0,False,0.0038240917782026767,0.0038240917782026767,0.0,0.9206500956022945,0.07552581261950286,1046
237,0,0,237,1000,0.25,0.95,0.001,0,False,0.003864734299516908,0.003864734299516908,0.0,0.9323671497584541,0.06376811594202898,1035
238,0,0,238,1000,0.25,0.95,0.001,0,False,0.004766444232602479,0.004766444232602479,0.0,0.9170638703527169,0.07816968541468065,1049
239,0,0,239,1000,0.25,0.95,0.001,0,False,0.0038314176245210726,0.0038314176245210726,0.0,0.9147509578544061,0.08141762452107279,1044
240,0,0,240,1000,0.25,0.95,0.001,0,False,0.0019249278152069298,0.0019249278152069298,0.0,0.9124157844080847,0.08565928777670838,1039
241,0,0,241,1000,0.25,0.95,0.001,0,False,0.002806361085126286,0.002806361085126286,0.0,0.9073900841908326,0.08980355472404115,1069
242,0,0,242,1000,0.25,0.95,0.001,0,False,0.0,0.0,0.0,0.9251893939393939,0.07481060606060606,1056
243,0,0,243,1000,0.25,0.95,0.001,0,False,0.000992063492063492,0.000992063492063492,0.0,0.9107142857142857,0.0882936507936508,1008
244,0,0,244,1000,0.25,0.95,0.001,0,False,0.0009699321047526673,0.0009699321047526673,0.0,0.9117361784675073,0.08729388942774007,1031
245,0,0,245,1000,0.25,0.95,0.001,0,False,0.0009328358208955224,0.0009328358208955224,0.0,0.914179104477612,0.08488805970149253,1072
246,0,0,246,1000,0.25,0.95,0.001,0,False,0.0018552875695732839,0.0018552875695732839,0.0,0.9341372912801484,0.0640074211502783,1078
247,0,0,247,1000,0.25,0.95,0.001,0,False,0.0036663611365719525,0.0036663611365719525,0.0,0.9266727772685609,0.06966086159486709,1091
248,0,0,248,1000,0.25,0.95,0.001,0,False,0.005410279531109108,0.005410279531109108,0.0,0.9188458070333634,0.0757439134355275,1109
249,0,0,249,1000,0.25,0.95,0.001,0,False,0.0072992700729927005,0.006386861313868613,0.0009124087591240876,0.9151459854014599,0.07755474452554745,1096
250,0,0,250,1000,0.25,0.95,0.001,0,False,0.0053285968028419185,0.0053285968028419185,0.0,0.9129662522202486,0.08170515097690942,1126
251,0,0,251,1000,0.25,0.95,0.001,0,False,0.0008460236886632825,0.0008460236886632825,0.0,0.9018612521150592,0.09729272419627749,1182
252,0,0,252,1000,0.25,0.95,0.001,0,False,0.002555366269165247,0.002555366269165247,0.0,0.8841567291311755,0.11328790459965929,1174
253,0,0,253,1000,0.25,0.95,0.001,0,False,0.000855431993156544,0.000855431993156544,0.0,0.8751069289991446,0.12403763900769889,1169
254,0,0,254,1000,0.25,0.95,0.001,0,False,0.0017079419299743809,0.0008539709649871904,0.0008539709649871904,0.8992314261315115,0.0990606319385141,1171
255,0,0,255,1000,0.25,0.95,0.001,0,False,0.0008650519031141869,0.0,0.0008650519031141869,0.9005190311418685,0.0986159169550173,1156
256,0,0,256,1000,0.25,0.95,0.001,0,False,0.0008650519031141869,0.0008650519031141869,0.0,0.9048442906574394,0.09429065743944637,1156
257,0,0,257,1000,0.25,0.95,0.001,0,False,0.0008488964346349745,0.0008488964346349745,0.0,0.9142614601018676,0.08488964346349745,1178
258,0,0,258,1000,0.25,0.95,0.001,0,False,0.0025380710659898475,0.0025380710659898475,0.0,0.8967851099830795,0.10067681895093063,1182
259,0,0,259,1000,0.25,0.95,0.001,0,False,0.0017241379310344827,0.0017241379310344827,0.0,0.9025862068965518,0.09568965517241379,1160
260,0,0,260,1000,0.25,0.95,0.001,0,False,0.002555366269165247,0.002555366269165247,0.0,0.9122657580919932,0.08517887563884156,1174
261,0,0,261,1000,0.25,0.95,0.001,0,False,0.0016863406408094434,0.0016863406408094434,0.0,0.9156829679595279,0.08263069139966273,1186
262,0,0,262,1000,0.25,0.95,0.001,0,False,0.0008496176720475786,0.0008496176720475786,0.0,0.9226847918436704,0.07646559048428207,1177
263,0,0,263,1000,0.25,0.95,0.001,0,False,0.003369839932603201,0.003369839932603201,0.0,0.9174389216512215,0.07919123841617523,1187
264,0,0,264,1000,0.25,0.95,0.001,0,False,0.00253592561284869,0.00253592561284869,0.0,0.9188503803888419,0.07861369399830938,1183
265,0,0,265,1000,0.25,0.95,0.001,0,False,0.004095004095004095,0.004095004095004095,0.0,0.9180999180999181,0.07780507780507781,1221
266,0,0,266,1000,0.25,0.95,0.001,0,False,0.007395234182415777,0.007395234182415777,0.0,0.9087921117502055,0.0838126540673788,1217
267,0,0,267,1000,0.25,0.95,0.001,0,False,0.00411522633744856,0.00411522633744856,0.0,0.9069958847736626,0.08888888888888889,1215
268,0,0,268,1000,0.25,0.95,0.001,0,False,0.0032546786004882017,0.0032546786004882017,0.0,0.8917819365337672,0.10496338486574451,1229
269,0,0,269,1000,0.25,0.95,0.001,0,False,0.005658852061438965,0.004850444624090542,0.0008084074373484236,0.9078415521422797,0.08649959579628133,1237
270,0,0,270,1000,0.25,0.95,0.001,0,False,0.0024509803921568627,0.0024509803921568627,0.0,0.9183006535947712,0.07924836601307189,1224
271,0,0,271,1000,0.25,0.95,0.001,0,False,0.0008136696501220504,0.0008136696501220504,0.0,0.9243287225386493,0.07485760781122865,1229
272,0,0,272,1000,0.25,0.95,0.001,0,False,0.0016849199663016006,0.0016849199663016006,0.0,0.9174389216512215,0.08087615838247683,1187
273,0,0,273,1000,0.25,0.95,0.001,0,False,0.004142502071251036,0.004142502071251036,0.0,0.908036454018227,0.08782104391052195,1207
274,0,0,274,1000,0.25,0.95,0.001,0,False,0.003270645952575634,0.003270645952575634,0.0,0.9035159443990188,0.09321340964840556,1223
275,0,0,275,1000,0.25,0.95,0.001,0,False,0.002435064935064935,0.002435064935064935,0.0,0.900974025974026,0.09659090909090909,1232
276,0,0,276,1000,0.25,0.95,0.001,0,False,0.0032921810699588477,0.0032921810699588477,0.0,0.9135802469135802,0.0831275720164609,1215
277,0,0,277,1000,0.25,0.95,0.001,0,False,0.0008230452674897119,0.0008230452674897119,0.0,0.9152263374485596,0.08395061728395062,1215
278,0,0,278,1000,0.25,0.95,0.001,0,False,0.00502092050209205,0.00502092050209205,0.0,0.9205020920502092,0.07447698744769875,1195
279,0,0,279,1000,0.25,0.95,0.001,0,False,0.00507185122569738,0.00507185122569738,0.0,0.9196956889264581,0.07523245984784446,1183
280,0,0,280,1000,0.25,0.95,0.001,0,False,0.005809128630705394,0.005809128630705394,0.0,0.921161825726141,0.07302904564315353,1205
281,0,0,281,1000,0.25,0.95,0.001,0,False,0.0025466893039049238,0.0025466893039049238,0.0,0.9363327674023769,0.06112054329371817,1178
282,0,0,282,1000,0.25,0.95,0.001,0,False,0.0,0.0,0.0,0.9449152542372882,0.05508474576271186,1180
283,0,0,283,1000,0.25,0.95,0.001,0,False,0.0008285004142502071,0.0008285004142502071,0.0,0.9469759734879868,0.05219552609776305,1207
284,0,0,284,1000,0.25,0.95,0.001,0,False,0.001682085786375105,0.001682085786375105,0.0,0.9394449116904963,0.05887300252312868,1189
285,0,0,285,1000,0.25,0.95,0.001,0,False,0.003965107057890563,0.003965107057890563,0.0,0.9524187153053132,0.04361617763679619,1261
286,0,0,286,1000,0.25,0.95,0.001,0,False,0.003286770747740345,0.003286770747740345,0.0,0.9515201314708299,0.04519309778142974,1217
287,0,0,287,1000,0.25,0.95,0.001,0,False,0.0024650780608052587,0.0024650780608052587,0.0,0.9498767460969597,0.047658175842235,1217
288,0,0,288,1000,0.25,0.95,0.001,0,False,0.004132231404958678,0.004132231404958678,0.0,0.9347107438016529,0.06115702479338843,1210
289,0,0,289,1000,0.25,0.95,0.001,0,False,0.001638001638001638,0.001638001638001638,0.0,0.9303849303849304,0.06797706797706797,1221
290,0,0,290,1000,0.25,0.95,0.001,0,False,0.004095004095004095,0.004095004095004095,0.0,0.923013923013923,0.0728910728910729,1221
291,0,0,291,1000,0.25,0.95,0.001,0,False,0.0033222591362126247,0.0033222591362126247,0.0,0.9161129568106312,0.08056478405315615,1204
292,0,0,292,1000,0.25,0.95,0.001,0,False,0.0033585222502099076,0.0033585222502099076,0.0,0.9042821158690176,0.09235936188077246,1191
293,0,0,293,1000,0.25,0.95,0.001,0,False,0.005012531328320802,0.005012531328320802,0.0,0.9022556390977443,0.09273182957393483,1197
294,0,0,294,1000,0.25,0.95,0.001,0,False,0.0049261083743842365,0.0049261083743842365,0.0,0.8981937602627258,0.09688013136288999,1218
295,0,0,295,1000,0.25,0.95,0.001,0,False,0.00564516129032258,0.00564516129032258,0.0,0.9008064516129032,0.0935483870967742,1240
296,0,0,296,1000,0.25,0.95,0.001,0,False,0.006294256490952006,0.006294256490952006,0.0,0.8953579858379229,0.0983477576711251,1271
297,0,0,297,1000,0.25,0.95,0.001,0,False,0.0038669760247486465,0.0038669760247486465,0.0,0.9017788089713844,0.09435421500386698,1293
298,0,0,298,1000,0.25,0.95,0.001,0,False,0.007125890736342043,0.006334125098970704,0.000791765637371338,0.8883610451306413,0.10451306413301663,1263
299,0,0,299,1000,0.25,0.95,0.001,0,False,0.011391375101708706,0.011391375101708706,0.0,0.8901545972335232,0.0984540276647681,1229
300,0,0,300,1000,0.25,0.95,0.001,0,False,0.0032336297493936943,0.0032336297493936943,0.0,0.9021827000808408,0.09458367016976556,1237
301,0,0,301,1000,0.25,0.95,0.001,0,False,0.007252215954875101,0.0064464141821112,0.0008058017727639,0.8936341659951652,0.0991136180499597,1241
302,0,0,302,1000,0.25,0.95,0.001,0,False,0.006359300476947536,0.0047694753577106515,0.001589825119236884,0.8934817170111288,0.10015898251192369,1258
303,0,0,303,1000,0.25,0.95,0.001,0,False,0.0033112582781456954,0.0033112582781456954,0.0,0.902317880794702,0.09437086092715231,1208
304,0,0,304,1000,0.25,0.95,0.001,0,False,0.0033613445378151263,0.0033613445378151263,0.0,0.9168067226890756,0.07983193277310924,1190
305,0,0,305,1000,0.25,0.95,0.001,0,False,0.0017006802721088435,0.0017006802721088435,0.0,0.9149659863945578,0.08333333333333333,1176
306,0,0,306,1000,0.25,0.95,0.001,0,False,0.0017079419299743809,0.0017079419299743809,0.0,0.9111870196413322,0.08710503842869342,1171
307,0,0,307,1000,0.25,0.95,0.001,0,False,0.0033444816053511705,0.002508361204013378,0.0008361204013377926,0.9013377926421404,0.09531772575250837,1196
308,0,0,308,1000,0.25,0.95,0.001,0,False,0.004344048653344918,0.004344048653344918,0.0,0.9000868809730669,0.09556907037358818,1151
309,0,0,309,1000,0.25,0.95,0.001,0,False,0.0035714285714285713,0.0035714285714285713,0.0,0.8892857142857142,0.10714285714285714,1120
310,0,0,310,1000,0.25,0.95,0.001,0,False,0.006357856494096276,0.006357856494096276,0.0,0.8801089918256131,0.11353315168029064,1101
311,0,0,311,1000,0.25,0.95,0.001,0,False,0.004549590536851683,0.004549590536851683,0.0,0.8971792538671519,0.09827115559599636,1099
312,0,0,312,1000,0.25,0.95,0.001,0,False,0.004405286343612335,0.004405286343612335,0.0,0.8960352422907489,0.09955947136563877,1135
313,0,0,313,1000,0.25,0.95,0.001,0,False,0.0044014084507042256,0.0044014084507042256,0.0,0.8987676056338029,0.09683098591549295,1136
314,0,0,314,1000,0.25,0.95,0.001,0,False,0.006102877070619006,0.006102877070619006,0.0,0.8840453356582388,0.10985178727114212,1147
315,0,0,315,1000,0.25,0.95,0.001,0,False,0.009433962264150943,0.009433962264150943,0.0,0.8747855917667239,0.11578044596912522,1166
316,0,0,316,1000,0.25,0.95,0.001,0,False,0.009830205540661306,0.009830205540661306,0.0,0.8614834673815907,0.128686327077748,1119
317,0,0,317,1000,0.25,0.95,0.001,0,False,0.008904719501335707,0.008904719501335707,0.0,0.8646482635796973,0.12644701691896706,1123
318,0,0,318,1000,0.25,0.95,0.001,0,False,0.011648745519713262,0.011648745519713262,0.0,0.8485663082437276,0.13978494623655913,1116
319,0,0,319,1000,0.25,0.95,0.001,0,False,0.007366482504604052,0.006445672191528545,0.0009208103130755065,0.8324125230202578,0.16022099447513813,1086
320,0,0,320,1000,0.25,0.95,0.001,0,False,0.011754068716094032,0.011754068716094032,0.0,0.8363471971066908,0.1518987341772152,1106
321,0,0,321,1000,0.25,0.95,0.001,0,False,0.0036330608537693005,0.0036330608537693005,0.0,0.8274296094459582,0.16893732970027248,1101
322,0,0,322,1000,0.25,0.95,0.001,0,False,0.006404391582799634,0.006404391582799634,0.0,0.8334858188472095,0.16010978956999086,1093
323,0,0,323,1000,0.25,0.95,0.001,0,False,0.0027472527472527475,0.0027472527472527475,0.0,0.8342490842490843,0.163003663003663,1092
324,0,0,324,1000,0.25,0.95,0.001,0,False,0.0018264840182648401,0.0018264840182648401,0.0,0.8438356164383561,0.154337899543379,1095
325,0,0,325,1000,0.25,0.95,0.001,0,False,0.0027598896044158236,0.0027598896044158236,0.0,0.8380864765409384,0.15915363385464582,1087
326,0,0,326,1000,0.25,0.95,0.001,0,False,0.007326007326007326,0.005494505494505495,0.0018315018315018315,0.8223443223443223,0.17032967032967034,1092
327,0,0,327,1000,0.25,0.95,0.001,0,False,0.00631768953068592,0.005415162454873646,0.0009025270758122744,0.8375451263537906,0.15613718411552346,1108
328,0,0,328,1000,0.25,0.95,0.001,0,False,0.006433823529411764,0.003676470588235294,0.0027573529411764708,0.8345588235294118,0.15900735294117646,1088
329,0,0,329,1000,0.25,0.95,0.001,0,False,0.0065420560747663555,0.003738317757009346,0.002803738317757009,0.8317757009345794,0.1616822429906542,1070
330,0,0,330,1000,0.25,0.95,0.001,0,False,0.0018099547511312218,0.0009049773755656109,0.0009049773755656109,0.832579185520362,0.16561085972850678,1105
331,0,0,331,1000,0.25,0.95,0.001,0,False,0.0035938903863432167,0.0008984725965858042,0.0026954177897574125,0.816711590296496,0.17969451931716082,1113
332,0,0,332,1000,0.25,0.95,0.001,0,False,0.006352087114337568,0.0018148820326678765,0.004537205081669692,0.8157894736842105,0.17785843920145192,1102
333,0,0,333,1000,0.25,0.95,0.001,0,False,0.0028089887640449437,0.0018726591760299626,0.0009363295880149813,0.8174157303370787,0.1797752808988764,1068
334,0,0,334,1000,0.25,0.95,0.001,0,False,0.0009337068160597573,0.0009337068160597573,0.0,0.8281979458450047,0.17086834733893558,1071
335,0,0,335,1000,0.25,0.95,0.001,0,False,0.0018450184501845018,0.0018450184501845018,0.0,0.8173431734317343,0.18081180811808117,1084
336,0,0,336,1000,0.25,0.95,0.001,0,False,0.0008928571428571428,0.0008928571428571428,0.0,0.8205357142857143,0.17857142857142858,1120
337,0,0,337,1000,0.25,0.95,0.001,0,False,0.0008703220191470844,0.0008703220191470844,0.0,0.824194952132289,0.17493472584856398,1149
338,0,0,338,1000,0.25,0.95,0.001,0,False,0.001755926251097454,0.001755926251097454,0.0,0.8086040386303776,0.18964003511852504,1139
339,0,0,339,1000,0.25,0.95,0.001,0,False,0.0008795074758135445,0.0008795074758135445,0.0,0.8047493403693932,0.1943711521547933,1137
340,0,0,340,1000,0.25,0.95,0.001,0,False,0.0008741258741258741,0.0008741258741258741,0.0,0.8068181818181818,0.19230769230769232,1144
341,0,0,341,1000,0.25,0.95,0.001,0,False,0.0,0.0,0.0,0.798462852263023,0.20153714773697695,1171
342,0,0,342,1000,0.25,0.95,0.001,0,False,0.000847457627118644,0.0,0.000847457627118644,0.8059322033898305,0.19322033898305085,1180
343,0,0,343,1000,0.25,0.95,0.001,0,False,0.002544529262086514,0.0016963528413910093,0.0008481764206955047,0.8023748939779474,0.19508057675996607,1179
344,0,0,344,1000,0.25,0.95,0.001,0,False,0.0016849199663016006,0.0008424599831508003,0.0008424599831508003,0.8180286436394272,0.18028643639427128,1187
345,0,0,345,1000,0.25,0.95,0.001,0,False,0.0017376194613379669,0.0,0.0017376194613379669,0.8132059079061685,0.18505647263249347,1151
346,0,0,346,1000,0.25,0.95,0.001,0,False,0.0008849557522123894,0.0008849557522123894,0.0,0.8141592920353983,0.18495575221238938,1130
347,0,0,347,1000,0.25,0.95,0.001,0,False,0.0036900369003690036,0.0036900369003690036,0.0,0.7961254612546126,0.20018450184501846,1084
348,0,0,348,1000,0.25,0.95,0.001,0,False,0.002849002849002849,0.002849002849002849,0.0,0.8091168091168092,0.18803418803418803,1053
349,0,0,349,1000,0.25,0.95,0.001,0,False,0.0028763183125599234,0.0028763183125599234,0.0,0.7948226270373921,0.20230105465004794,1043
350,0,0,350,1000,0.25,0.95,0.001,0,False,0.006660323501427212,0.006660323501427212,0.0,0.7811607992388202,0.21217887725975262,1051
351,0,0,351,1000,0.25,0.95,0.001,0,False,0.001976284584980237,0.001976284584980237,0.0,0.7895256916996047,0.208498023715415,1012
352,0,0,352,1000,0.25,0.95,0.001,0,False,0.001951219512195122,0.001951219512195122,0.0,0.7804878048780488,0.2175609756097561,1025
353,0,0,353,1000,0.25,0.95,0.001,0,False,0.0029239766081871343,0.0029239766081871343,0.0,0.7729044834307992,0.22417153996101363,1026
354,0,0,354,1000,0.25,0.95,0.001,0,False,0.0018570102135561746,0.0018570102135561746,0.0,0.7502321262766946,0.2479108635097493,1077
355,0,0,355,1000,0.25,0.95,0.001,0,False,0.002857142857142857,0.0019047619047619048,0.0009523809523809524,0.7666666666666667,0.23047619047619047,1050
356,0,0,356,1000,0.25,0.95,0.001,0,False,0.004708097928436911,0.002824858757062147,0.0018832391713747645,0.7598870056497176,0.23540489642184556,1062
357,0,0,357,1000,0.25,0.95,0.001,0,False,0.0028011204481792717,0.0028011204481792717,0.0,0.7843137254901961,0.21288515406162464,1071
358,0,0,358,1000,0.25,0.95,0.001,0,False,0.003683241252302026,0.003683241252302026,0.0,0.7937384898710865,0.20257826887661143,1086
359,0,0,359,1000,0.25,0.95,0.001,0,False,0.008458646616541353,0.008458646616541353,0.0,0.7885338345864662,0.20300751879699247,1064
360,0,0,360,1000,0.25,0.95,0.001,0,False,0.011299435028248588,0.011299435028248588,0.0,0.7966101694915254,0.192090395480226,1062
361,0,0,361,1000,0.25,0.95,0.001,0,False,0.007575757575757576,0.007575757575757576,0.0,0.8115530303030303,0.18087121212121213,1056
362,0,0,362,1000,0.25,0.95,0.001,0,False,0.012218045112781954,0.012218045112781954,0.0,0.8214285714285714,0.16635338345864661,1064
363,0,0,363,1000,0.25,0.95,0.001,0,False,0.004699248120300752,0.0037593984962406013,0.0009398496240601503,0.8204887218045113,0.17481203007518797,1064
364,0,0,364,1000,0.25,0.95,0.001,0,False,0.004761904761904762,0.0019047619047619048,0.002857142857142857,0.8295238095238096,0.1657142857142857,1050
365,0,0,365,1000,0.25,0.95,0.001,0,False,0.0019212295869356388,0.0009606147934678194,0.0009606147934678194,0.8280499519692603,0.17002881844380405,1041
366,0,0,366,1000,0.25,0.95,0.001,0,False,0.0029498525073746312,0.0,0.0029498525073746312,0.8298918387413963,0.1671583087512291,1017
367,0,0,367,1000,0.25,0.95,0.001,0,False,0.001968503937007874,0.0,0.001968503937007874,0.8346456692913385,0.16338582677165353,1016
368,0,0,368,1000,0.25,0.95,0.001,0,False,0.0009861932938856016,0.0009861932938856016,0.0,0.8422090729783037,0.15680473372781065,1014
369,0,0,369,1000,0.25,0.95,0.001,0,False,0.00303951367781155,0.00303951367781155,0.0,0.8378926038500507,0.1590678824721378,987
370,0,0,370,1000,0.25,0.95,0.001,0,False,0.008324661810613945,0.007284079084287201,0.001040582726326743,0.858480749219563,0.1331945889698231,961
371,0,0,371,1000,0.25,0.95,0.001,0,False,0.007423117709437964,0.006362672322375398,0.0010604453870625664,0.8589607635206787,0.13361611876988336,943
372,0,0,372,1000,0.25,0.95,0.001,0,False,0.005192107995846314,0.005192107995846314,0.0,0.8598130841121495,0.13499480789200416,963
373,0,0,373,1000,0.25,0.95,0.001,0,False,0.0030241935483870967,0.0020161290322580645,0.0010080645161290322,0.8578629032258065,0.13911290322580644,992
374,0,0,374,1000,0.25,0.95,0.001,0,False,0.002061855670103093,0.0010309278350515464,0.0010309278350515464,0.8618556701030928,0.1360824742268041,970
375,0,0,375,1000,0.25,0.95,0.001,0,False,0.002955665024630542,0.0009852216748768472,0.0019704433497536944,0.8817733990147784,0.11527093596059114,1015
376,0,0,376,1000,0.25,0.95,0.001,0,False,0.003956478733926805,0.0009891196834817012,0.002967359050445104,0.8733926805143423,0.12265084075173097,1011
377,0,0,377,1000,0.25,0.95,0.001,0,False,0.0049261083743842365,0.003940886699507389,0.0009852216748768472,0.8620689655172413,0.1330049261083744,1015
378,0,0,378,1000,0.25,0.95,0.001,0,False,0.0009823182711198428,0.0009823182711198428,0.0,0.8742632612966601,0.12475442043222004,1018
379,0,0,379,1000,0.25,0.95,0.001,0,False,0.003992015968063872,0.003992015968063872,0.0,0.8602794411177644,0.13572854291417166,1002
380,0,0,380,1000,0.25,0.95,0.001,0,False,0.003913894324853229,0.003913894324853229,0.0,0.8365949119373777,0.15949119373776907,1022
381,0,0,381,1000,0.25,0.95,0.001,0,False,0.0030181086519114686,0.0030181086519114686,0.0,0.8209255533199196,0.176056338028169,994
382,0,0,382,1000,0.25,0.95,0.001,0,False,0.002890173410404624,0.002890173410404624,0.0,0.825626204238921,0.17148362235067438,1038
383,0,0,383,1000,0.25,0.95,0.001,0,False,0.0029013539651837525,0.0029013539651837525,0.0,0.8326885880077369,0.1644100580270793,1034
384,0,0,384,1000,0.25,0.95,0.001,0,False,0.002859866539561487,0.002859866539561487,0.0,0.8226882745471878,0.1744518589132507,1049
385,0,0,385,1000,0.25,0.95,0.001,0,False,0.0048216007714561235,0.0048216007714561235,0.0,0.8148505303760849,0.18032786885245902,1037
386,0,0,386,1000,0.25,0.95,0.001,0,False,0.009487666034155597,0.008538899430740038,0.0009487666034155598,0.801707779886148,0.1888045540796964,1054
387,0,0,387,1000,0.25,0.95,0.001,0,False,0.01431297709923664,0.01431297709923664,0.0,0.7958015267175572,0.1898854961832061,1048
388,0,0,388,1000,0.25,0.95,0.001,0,False,0.013220018885741265,0.013220018885741265,0.0,0.8054768649669499,0.1813031161473088,1059
389,0,0,389,1000,0.25,0.95,0.001,0,False,0.013986013986013986,0.013986013986013986,0.0,0.8201798201798202,0.16583416583416583,1001
390,0,0,390,1000,0.25,0.95,0.001,0,False,0.015763546798029555,0.013793103448275862,0.0019704433497536944,0.8236453201970443,0.1605911330049261,1015
391,0,0,391,1000,0.25,0.95,0.001,0,False,0.010848126232741617,0.008875739644970414,0.0019723865877712033,0.8224852071005917,0.16666666666666666,1014
392,0,0,392,1000,0.25,0.95,0.001,0,False,0.012133468149646108,0.011122345803842264,0.0010111223458038423,0.8200202224469161,0.1678463094034378,989
393,0,0,393,1000,0.25,0.95,0.001,0,False,0.016966067864271458,0.016966067864271458,0.0,0.8183632734530938,0.16467065868263472,1002
394,0,0,394,1000,0.25,0.95,0.001,0,False,0.00841908325537886,0.007483629560336763,0.0009354536950420954,0.8278765201122544,0.1637043966323667,1069
395,0,0,395,1000,0.25,0.95,0.001,0,False,0.006266786034019696,0.005371530886302597,0.0008952551477170994,0.8182632050134289,0.17547000895255147,1117
396,0,0,396,1000,0.25,0.95,0.001,0,False,0.004440497335701598,0.003552397868561279,0.0008880994671403197,0.8117229129662522,0.18383658969804617,1126
397,0,0,397,1000,0.25,0.95,0.001,0,False,0.0045662100456621,0.0045662100456621,0.0,0.821917808219178,0.1735159817351598,1095
398,0,0,398,1000,0.25,0.95,0.001,0,False,0.01098901098901099,0.009157509157509158,0.0018315018315018315,0.8223443223443223,0.16666666666666666,1092
399,0,0,399,1000,0.25,0.95,0.001,0,False,0.007220216606498195,0.004512635379061372,0.002707581227436823,0.822202166064982,0.17057761732851986,1108
400,0,0,400,1000,0.25,0.95,0.001,0,False,0.0045045045045045045,0.0036036036036036037,0.0009009009009009009,0.8189189189189189,0.17657657657657658,1110
401,0,0,401,1000,0.25,0.95,0.001,0,False,0.008968609865470852,0.007174887892376682,0.0017937219730941704,0.810762331838565,0.18026905829596412,1115
402,0,0,402,1000,0.25,0.95,0.001,0,False,0.005361930294906166,0.0035746201966041107,0.0017873100983020554,0.8114387846291331,0.18319928507596067,1119
403,0,0,403,1000,0.25,0.95,0.001,0,False,0.005420054200542005,0.005420054200542005,0.0,0.7859078590785907,0.2086720867208672,1107
404,0,0,404,1000,0.25,0.95,0.001,0,False,0.00718132854578097,0.00718132854578097,0.0,0.7854578096947935,0.2073608617594255,1114
405,0,0,405,1000,0.25,0.95,0.001,0,False,0.0034904013961605585,0.0034904013961605585,0.0,0.7661431064572426,0.23036649214659685,1146
406,0,0,406,1000,0.25,0.95,0.001,0,False,0.0027002700270027003,0.0027002700270027003,0.0,0.7551755175517552,0.24212421242124213,1111
407,0,0,407,1000,0.25,0.95,0.001,0,False,0.0008960573476702509,0.0008960573476702509,0.0,0.7491039426523297,0.25,1116
408,0,0,408,1000,0.25,0.95,0.001,0,False,0.0,0.0,0.0,0.726159230096238,0.27384076990376205,1143
409,0,0,409,1000,0.25,0.95,0.001,0,False,0.0,0.0,0.0,0.7202797202797203,0.27972027972027974,1144
410,0,0,410,1000,0.25,0.95,0.001,0,False,0.0,0.0,0.0,0.7231040564373897,0.2768959435626102,1134
411,0,0,411,1000,0.25,0.95,0.001,0,False,0.0018115942028985507,0.0018115942028985507,0.0,0.7282608695652174,0.26992753623188404,1104
412,0,0,412,1000,0.25,0.95,0.001,0,False,0.0035810205908683975,0.0035810205908683975,0.0,0.7287376902417189,0.26768128916741274,1117
413,0,0,413,1000,0.25,0.95,0.001,0,False,0.0062836624775583485,0.0062836624775583485,0.0,0.7244165170556554,0.26929982046678635,1114
414,0,0,414,1000,0.25,0.95,0.001,0,False,0.005410279531109108,0.004508566275924256,0.0009017132551848512,0.7204688908926962,0.27412082957619477,1109
415,0,0,415,1000,0.25,0.95,0.001,0,False,0.007233273056057866,0.006329113924050633,0.0009041591320072332,0.705244122965642,0.2875226039783002,1106
416,0,0,416,1000,0.25,0.95,0.001,0,False,0.008764241893076249,0.007887817703768623,0.0008764241893076249,0.7204206836108676,0.2708150744960561,1141
417,0,0,417,1000,0.25,0.95,0.001,0,False,0.006124234470691163,0.004374453193350831,0.0017497812773403325,0.7471566054243219,0.24671916010498687,1143
418,0,0,418,1000,0.25,0.95,0.001,0,False,0.004370629370629371,0.0008741258741258741,0.0034965034965034965,0.7622377622377622,0.23339160839160839,1144
419,0,0,419,1000,0.25,0.95,0.001,0,False,0.007373271889400922,0.0018433179723502304,0.005529953917050691,0.7539170506912443,0.23870967741935484,1085
420,0,0,420,1000,0.25,0.95,0.001,0,False,0.0027573529411764708,0.001838235294117647,0.0009191176470588235,0.7454044117647058,0.25183823529411764,1088
421,0,0,421,1000,0.25,0.95,0.001,0,False,0.0035938903863432167,0.0017969451931716084,0.0017969451931716084,0.7304582210242587,0.265947888589398,1113
422,0,0,422,1000,0.25,0.95,0.001,0,False,0.004500450045004501,0.0027002700270027003,0.0018001800180018,0.7371737173717372,0.2583258325832583,1111
423,0,0,423,1000,0.25,0.95,0.001,0,False,0.0036496350364963502,0.002737226277372263,0.0009124087591240876,0.739963503649635,0.2563868613138686,1096
424,0,0,424,1000,0.25,0.95,0.001,0,False,0.003639672429481347,0.00272975432211101,0.0009099181073703367,0.7306642402183804,0.2656960873521383,1099
425,0,0,425,1000,0.25,0.95,0.001,0,False,0.008333333333333333,0.005555555555555556,0.002777777777777778,0.7379629629629629,0.2537037037037037,1080
426,0,0,426,1000,0.25,0.95,0.001,0,False,0.013011152416356878,0.006505576208178439,0.006505576208178439,0.724907063197026,0.2620817843866171,1076
427,0,0,427,1000,0.25,0.95,0.001,0,False,0.017009847806624886,0.007162041181736795,0.009847806624888093,0.6947179946284691,0.288272157564906,1117
428,0,0,428,1000,0.25,0.95,0.001,0,False,0.015775635407537247,0.006134969325153374,0.009640666082383873,0.6932515337423313,0.2909728308501315,1141
429,0,0,429,1000,0.25,0.95,0.001,0,False,0.022628372497824196,0.010443864229765013,0.012184508268059183,0.6919060052219321,0.2854656222802437,1149
430,0,0,430,1000,0.25,0.95,0.001,0,False,0.02040816326530612,0.009760425909494233,0.01064773735581189,0.712511091393079,0.2670807453416149,1127
431,0,0,431,1000,0.25,0.95,0.001,0,False,0.022589052997393572,0.010425716768027803,0.01216333622936577,0.7158992180712423,0.26151172893136404,1151
432,0,0,432,1000,0.25,0.95,0.001,0,False,0.02336028751123091,0.008984725965858042,0.014375561545372867,0.710691823899371,0.265947888589398,1113
433,0,0,433,1000,0.25,0.95,0.001,0,False,0.03275705186533212,0.014558689717925387,0.018198362147406732,0.7170154686078253,0.2502274795268426,1099
434,0,0,434,1000,0.25,0.95,0.001,0,False,0.014571948998178506,0.00819672131147541,0.006375227686703097,0.7285974499089253,0.2568306010928962,1098
435,0,0,435,1000,0.25,0.95,0.001,0,False,0.015625,0.004595588235294118,0.011029411764705883,0.71875,0.265625,1088
436,0,0,436,1000,0.25,0.95,0.001,0,False,0.010073260073260074,0.003663003663003663,0.00641025641025641,0.728021978021978,0.2619047619047619,1092
437,0,0,437,1000,0.25,0.95,0.001,0,False,0.007359705611775529,0.0009199632014719411,0.006439742410303588,0.7470101195952162,0.24563017479300828,1087
438,0,0,438,1000,0.25,0.95,0.001,0,False,0.008333333333333333,0.0,0.008333333333333333,0.7444444444444445,0.24722222222222223,1080
439,0,0,439,1000,0.25,0.95,0.001,0,False,0.005509641873278237,0.0,0.005509641873278237,0.7557392102846648,0.23875114784205692,1089
440,0,0,440,1000,0.25,0.95,0.001,0,False,0.009149130832570906,0.0009149130832570906,0.008234217749313814,0.7584629460201281,0.232387923147301,1093
441,0,0,441,1000,0.25,0.95,0.001,0,False,0.008411214953271028,0.001869158878504673,0.0065420560747663555,0.7551401869158878,0.23644859813084113,1070
442,0,0,442,1000,0.25,0.95,0.001,0,False,0.007597340930674264,0.003798670465337132,0.003798670465337132,0.7331433998100665,0.25925925925925924,1053
443,0,0,443,1000,0.25,0.95,0.001,0,False,0.006591337099811676,0.0009416195856873823,0.005649717514124294,0.7250470809792844,0.268361581920904,1062
444,0,0,444,1000,0.25,0.95,0.001,0,False,0.007455731593662628,0.0009319664492078285,0.0065237651444548,0.7381174277726001,0.25442684063373716,1073
445,0,0,445,1000,0.25,0.95,0.001,0,False,0.006776379477250726,0.000968054211035818,0.005808325266214908,0.7357212003872217,0.2575024201355276,1033
446,0,0,446,1000,0.25,0.95,0.001,0,False,0.006809338521400778,0.0029182879377431907,0.0038910505836575876,0.7441634241245136,0.2490272373540856,1028
447,0,0,447,1000,0.25,0.95,0.001,0,False,0.005676442762535478,0.002838221381267739,0.002838221381267739,0.7350993377483444,0.25922421948912017,1057
448,0,0,448,1000,0.25,0.95,0.001,0,False,0.008662175168431183,0.004812319538017324,0.0038498556304138597,0.7459095283926853,0.24542829643888353,1039
449,0,0,449,1000,0.25,0.95,0.001,0,False,0.003838771593090211,0.0028790786948176585,0.0009596928982725527,0.7428023032629558,0.2533589251439539,1042
450,0,0,450,1000,0.25,0.95,0.001,0,False,0.002912621359223301,0.000970873786407767,0.001941747572815534,0.7407766990291262,0.2563106796116505,1030
451,0,0,451,1000,0.25,0.95,0.001,0,False,0.001893939393939394,0.0,0.001893939393939394,0.7395833333333334,0.2585227272727273,1056
452,0,0,452,1000,0.25,0.95,0.001,0,False,0.0029069767441860465,0.0009689922480620155,0.001937984496124031,0.7189922480620154,0.27810077519379844,1032
453,0,0,453,1000,0.25,0.95,0.001,0,False,0.0019801980198019802,0.0,0.0019801980198019802,0.7495049504950495,0.2485148514851485,1010
454,0,0,454,1000,0.25,0.95,0.001,0,False,0.002053388090349076,0.0,0.002053388090349076,0.7320328542094456,0.26591375770020537,974
455,0,0,455,1000,0.25,0.95,0.001,0,False,0.0,0.0,0.0,0.7382892057026477,0.26171079429735233,982
456,0,0,456,1000,0.25,0.95,0.001,0,False,0.0,0.0,0.0,0.7164480322906155,0.28355196770938446,991
457,0,0,457,1000,0.25,0.95,0.001,0,False,0.0,0.0,0.0,0.7242798353909465,0.2757201646090535,972
458,0,0,458,1000,0.25,0.95,0.001,0,False,0.0010224948875255625,0.0010224948875255625,0.0,0.7280163599182005,0.27096114519427406,978
459,0,0,459,1000,0.25,0.95,0.001,0,False,0.0021321961620469083,0.0021321961620469083,0.0,0.7036247334754797,0.2942430703624733,938
460,0,0,460,1000,0.25,0.95,0.001,0,False,0.002105263157894737,0.002105263157894737,0.0,0.7094736842105264,0.28842105263157897,950
461,0,0,461,1000,0.25,0.95,0.001,0,False,0.0020920502092050207,0.0020920502092050207,0.0,0.700836820083682,0.29707112970711297,956
462,0,0,462,1000,0.25,0.95,0.001,0,False,0.002081165452653486,0.002081165452653486,0.0,0.72840790842872,0.2695109261186264,961
463,0,0,463,1000,0.25,0.95,0.001,0,False,0.002072538860103627,0.002072538860103627,0.0,0.7129533678756477,0.2849740932642487,965
464,0,0,464,1000,0.25,0.95,0.001,0,False,0.0010395010395010396,0.0010395010395010396,0.0,0.7193347193347194,0.2796257796257796,962
465,0,0,465,1000,0.25,0.95,0.001,0,False,0.002044989775051125,0.0010224948875255625,0.0010224948875255625,0.7208588957055214,0.2770961145194274,978
466,0,0,466,1000,0.25,0.95,0.001,0,False,0.004073319755600814,0.004073319755600814,0.0,0.7281059063136456,0.26782077393075354,982
467,0,0,467,1000,0.25,0.95,0.001,0,False,0.0020855057351407717,0.0020855057351407717,0.0,0.748696558915537,0.2492179353493222,959
468,0,0,468,1000,0.25,0.95,0.001,0,False,0.004223864836325237,0.004223864836325237,0.0,0.7349524815205913,0.2608236536430834,947
469,0,0,469,1000,0.25,0.95,0.001,0,False,0.006342494714587738,0.006342494714587738,0.0,0.7473572938689218,0.2463002114164905,946
470,0,0,470,1000,0.25,0.95,0.001,0,False,0.0075107296137339056,0.0075107296137339056,0.0,0.7199570815450643,0.27253218884120173,932
471,0,0,471,1000,0.25,0.95,0.001,0,False,0.008264462809917356,0.007231404958677686,0.0010330578512396695,0.7221074380165289,0.26962809917355374,968
472,0,0,472,1000,0.25,0.95,0.001,0,False,0.01131687242798354,0.009259259259259259,0.00205761316872428,0.7283950617283951,0.2602880658436214,972
473,0,0,473,1000,0.25,0.95,0.001,0,False,0.014285714285714285,0.01020408163265306,0.004081632653061225,0.746938775510204,0.23877551020408164,980
474,0,0,474,1000,0.25,0.95,0.001,0,False,0.017241379310344827,0.014198782961460446,0.0030425963488843813,0.7210953346855984,0.2616632860040568,986
475,0,0,475,1000,0.25,0.95,0.001,0,False,0.022110552763819097,0.018090452261306532,0.004020100502512563,0.714572864321608,0.2633165829145729,995
476,0,0,476,1000,0.25,0.95,0.001,0,False,0.02888446215139442,0.02091633466135458,0.00796812749003984,0.7051792828685259,0.26593625498007967,1004
477,0,0,477,1000,0.25,0.95,0.001,0,False,0.023976023976023976,0.02197802197802198,0.001998001998001998,0.7152847152847153,0.26073926073926074,1001
478,0,0,478,1000,0.25,0.95,0.001,0,False,0.024714828897338403,0.021863117870722433,0.0028517110266159697,0.7072243346007605,0.26806083650190116,1052
479,0,0,479,1000,0.25,0.95,0.001,0,False,0.028462998102466792,0.023719165085388995,0.004743833017077799,0.6888045540796964,0.2827324478178368,1054
480,0,0,480,1000,0.25,0.95,0.001,0,False,0.02902621722846442,0.02247191011235955,0.006554307116104869,0.6985018726591761,0.27247191011235955,1068
481,0,0,481,1000,0.25,0.95,0.001,0,False,0.02530459231490159,0.01874414245548266,0.006560449859418931,0.6925960637300843,0.28209934395501407,1067
482,0,0,482,1000,0.25,0.95,0.001,0,False,0.029783393501805054,0.019855595667870037,0.009927797833935019,0.7030685920577617,0.26714801444043323,1108
483,0,0,483,1000,0.25,0.95,0.001,0,False,0.02408563782337199,0.014272970561998216,0.009812667261373774,0.7074041034790366,0.26851025869759143,1121
484,0,0,484,1000,0.25,0.95,0.001,0,False,0.022321428571428572,0.01607142857142857,0.00625,0.7178571428571429,0.2598214285714286,1120
485,0,0,485,1000,0.25,0.95,0.001,0,False,0.02422145328719723,0.015570934256055362,0.00865051903114187,0.6963667820069204,0.27941176470588236,1156
486,0,0,486,1000,0.25,0.95,0.001,0,False,0.020627062706270627,0.01485148514851485,0.005775577557755775,0.7103960396039604,0.26897689768976896,1212
487,0,0,487,1000,0.25,0.95,0.001,0,False,0.023255813953488372,0.018272425249169437,0.0049833887043189366,0.7084717607973422,0.26827242524916944,1204
488,0,0,488,1000,0.25,0.95,0.001,0,False,0.019409282700421943,0.014345991561181435,0.005063291139240506,0.7097046413502109,0.2708860759493671,1185
489,0,0,489,1000,0.25,0.95,0.001,0,False,0.01800327332242226,0.013911620294599018,0.004091653027823241,0.7086743044189853,0.2733224222585925,1222
490,0,0,490,1000,0.25,0.95,0.001,0,False,0.017170891251022075,0.016353229762878167,0.0008176614881439084,0.7219950940310711,0.2608340147179068,1223
491,0,0,491,1000,0.25,0.95,0.001,0,False,0.015126050420168067,0.015126050420168067,0.0,0.7277310924369748,0.2571428571428571,1190
492,0,0,492,1000,0.25,0.95,0.001,0,False,0.013949433304272014,0.013949433304272014,0.0,0.7210113339145597,0.26503923278116825,1147
493,0,0,493,1000,0.25,0.95,0.001,0,False,0.014285714285714285,0.014285714285714285,0.0,0.7366071428571429,0.24910714285714286,1120
494,0,0,494,1000,0.25,0.95,0.001,0,False,0.0026690391459074734,0.0026690391459074734,0.0,0.7179715302491103,0.2793594306049822,1124
495,0,0,495,1000,0.25,0.95,0.001,0,False,0.0,0.0,0.0,0.7115551694178974,0.2884448305821025,1151
496,0,0,496,1000,0.25,0.95,0.001,0,False,0.002527379949452401,0.002527379949452401,0.0,0.7219882055602359,0.2754844144903117,1187
497,0,0,497,1000,0.25,0.95,0.001,0,False,0.0034129692832764505,0.0034129692832764505,0.0,0.726962457337884,0.2696245733788396,1172
498,0,0,498,1000,0.25,0.95,0.001,0,False,0.0016652789342214821,0.0016652789342214821,0.0,0.7335553705245629,0.26477935054121565,1201
499,0,0,499,1000,0.25,0.95,0.001,0,False,0.004815409309791332,0.004815409309791332,0.0,0.7471910112359551,0.2479935794542536,1246
500,0,0,500,1000,0.25,0.95,0.001,0,False,0.0024330900243309003,0.0024330900243309003,0.0,0.7242497972424979,0.2733171127331711,1233
