,RunId,iteration,Step,N,r,dr,mr,altruistic fraction,mean rep,max rep,min rep
0,0,0,0,1000,0.5,0.95,0.001,0.5226666666666666,0.18278998050348202,1.0,2.6149931758731397e-16
1,0,0,1,1000,0.5,0.95,0.001,0.5446666666666666,0.19151410970162513,1.0,2.6149931758731397e-16
2,0,0,2,1000,0.5,0.95,0.001,0.5246666666666666,0.19103681755304616,0.9999000049998333,3.7425286324541754e-16
3,0,0,3,1000,0.5,0.95,0.001,0.5573333333333333,0.19668791509186,0.9999000049998333,3.7425286324541754e-16
4,0,0,4,1000,0.5,0.95,0.001,0.5433333333333333,0.19848355772072518,1.0,2.319522830243586e-16
5,0,0,5,1000,0.5,0.95,0.001,0.5493333333333333,0.1941688692860519,1.0,4.2158932381742975e-16
6,0,0,6,1000,0.5,0.95,0.001,0.5766666666666667,0.19551145821182497,1.0,4.2158932381742975e-16
7,0,0,7,1000,0.5,0.95,0.001,0.5806666666666667,0.22077649233413074,1.0,4.748180480405052e-16
8,0,0,8,1000,0.5,0.95,0.001,0.5726666666666667,0.23741283533573096,1.0,3.7425286324541754e-16
9,0,0,9,1000,0.5,0.95,0.001,0.5686666666666667,0.2515742120215313,1.0,3.4759797958349404e-15
10,0,0,10,1000,0.5,0.95,0.001,0.5813333333333334,0.28400642798058506,1.0,2.319522830243586e-16
11,0,0,11,1000,0.5,0.95,0.001,0.5746666666666667,0.32382545047779865,1.0,5.346603438079534e-16
12,0,0,12,1000,0.5,0.95,0.001,0.586,0.34537527199780993,1.0,3.7425286324541754e-16
13,0,0,13,1000,0.5,0.95,0.001,0.5866666666666667,0.40006727318186336,0.9999000049998333,1.1253517471925912e-07
14,0,0,14,1000,0.5,0.95,0.001,0.5973333333333334,0.43663476086038616,0.9999000049998333,3.321649470137545e-16
15,0,0,15,1000,0.5,0.95,0.001,0.608,0.4842797005652732,1.0,4.1288801039157497e-13
16,0,0,16,1000,0.5,0.95,0.001,0.63,0.564507644095248,1.0,4.25968686179362e-07
17,0,0,17,1000,0.5,0.95,0.001,0.642,0.6487575856375124,0.9999000049998333,1.9471687509222587e-15
18,0,0,18,1000,0.5,0.95,0.001,0.6586666666666666,0.6824551185536288,1.0,3.0968219087897956e-15
19,0,0,19,1000,0.5,0.95,0.001,0.6526666666666666,0.6857647361255498,1.0,3.7425286324541754e-16
20,0,0,20,1000,0.5,0.95,0.001,0.6566666666666666,0.696697779632063,0.9999000049998333,9.6500344752062e-16
21,0,0,21,1000,0.5,0.95,0.001,0.64,0.6992214395027601,0.9999000049998333,2.319522830243586e-16
22,0,0,22,1000,0.5,0.95,0.001,0.6493333333333333,0.7139960205889623,1.0,4.748180480405052e-16
23,0,0,23,1000,0.5,0.95,0.001,0.6413333333333333,0.7266223321425939,1.0,5.2346045504421516e-14
24,0,0,24,1000,0.5,0.95,0.001,0.636,0.7393089101755,1.0,3.7425286324541754e-16
25,0,0,25,1000,0.5,0.95,0.001,0.6426666666666667,0.7556336451674042,0.9999000049998333,2.1470424745640796e-14
26,0,0,26,1000,0.5,0.95,0.001,0.636,0.7637560042387053,0.9999000049998333,3.321649470137545e-16
27,0,0,27,1000,0.5,0.95,0.001,0.64,0.7724926047044304,1.0,7.28772409581977e-14
28,0,0,28,1000,0.5,0.95,0.001,0.6633333333333333,0.7896706335351394,0.9999000049998333,1.3720094196451332e-15
29,0,0,29,1000,0.5,0.95,0.001,0.668,0.793105261967562,1.0,0.00031416255969013765
30,0,0,30,1000,0.5,0.95,0.001,0.6846666666666666,0.8012587752730648,1.0,2.319522830243586e-16
31,0,0,31,1000,0.5,0.95,0.001,0.658,0.7946614900428633,0.9999000049998333,0.009828194835379707
32,0,0,32,1000,0.5,0.95,0.001,0.6746666666666666,0.7949392755265993,1.0,3.321649470137545e-16
33,0,0,33,1000,0.5,0.95,0.001,0.6773333333333333,0.7965209843684251,0.9999000049998333,4.2158932381742975e-16
34,0,0,34,1000,0.5,0.95,0.001,0.6866666666666666,0.8076186964885257,1.0,7.28772409581977e-14
35,0,0,35,1000,0.5,0.95,0.001,0.6773333333333333,0.8183146458577473,0.9999000049998333,3.321649470137545e-16
36,0,0,36,1000,0.5,0.95,0.001,0.688,0.826477799763974,0.9999000049998333,4.6860560534755285e-14
37,0,0,37,1000,0.5,0.95,0.001,0.7106666666666667,0.8340786456292093,1.0,0.46098028621083387
38,0,0,38,1000,0.5,0.95,0.001,0.706,0.8420074376010936,0.9999000049998333,0.46098028621083387
39,0,0,39,1000,0.5,0.95,0.001,0.696,0.8397412873422587,1.0,9.741317689600643e-15
40,0,0,40,1000,0.5,0.95,0.001,0.7026666666666667,0.8372076382119172,1.0,3.003539125673675e-14
41,0,0,41,1000,0.5,0.95,0.001,0.708,0.8494391537585323,1.0,1.2599930548477503e-13
42,0,0,42,1000,0.5,0.95,0.001,0.7106666666666667,0.8512492101205023,1.0,1.5662844292073588e-13
43,0,0,43,1000,0.5,0.95,0.001,0.7233333333333334,0.8541497454191309,1.0,3.357817810813982e-14
44,0,0,44,1000,0.5,0.95,0.001,0.7306666666666667,0.8555781927375818,1.0,1.9189752160660364e-14
45,0,0,45,1000,0.5,0.95,0.001,0.754,0.8579418433862939,1.0,1.2599930548477503e-13
46,0,0,46,1000,0.5,0.95,0.001,0.782,0.8659894208528015,1.0,7.28772409581977e-14
47,0,0,47,1000,0.5,0.95,0.001,0.772,0.8671043676169549,1.0,8.134313119733389e-14
48,0,0,48,1000,0.5,0.95,0.001,0.7606666666666667,0.8681570890022293,1.0,3.003539125673675e-14
49,0,0,49,1000,0.5,0.95,0.001,0.758,0.8686159991389227,0.9999000049998333,8.694376130955623e-15
50,0,0,50,1000,0.5,0.95,0.001,0.7633333333333333,0.8721429135839497,0.9999000049998333,4.545037702317879e-11
51,0,0,51,1000,0.5,0.95,0.001,0.768,0.8746048827003606,1.0,0.46098028621083387
52,0,0,52,1000,0.5,0.95,0.001,0.7813333333333333,0.868156386215921,1.0,0.0005195746821548384
53,0,0,53,1000,0.5,0.95,0.001,0.7973333333333333,0.8697985697922738,0.9999000049998333,6.527939187098889e-14
54,0,0,54,1000,0.5,0.95,0.001,0.7993333333333333,0.8720659036586281,0.9999000049998333,1.3684672281265072e-14
55,0,0,55,1000,0.5,0.95,0.001,0.8213333333333334,0.8762466655163547,0.9999000049998333,5.84619663484747e-14
56,0,0,56,1000,0.5,0.95,0.001,0.8293333333333334,0.8768622462749432,1.0,0.005782610816074656
57,0,0,57,1000,0.5,0.95,0.001,0.8233333333333334,0.8746934287441916,1.0,2.401734781620995e-14
58,0,0,58,1000,0.5,0.95,0.001,0.822,0.8761297750528596,1.0,1.0127872757821504e-13
59,0,0,59,1000,0.5,0.95,0.001,0.8113333333333334,0.8753233097168959,0.9999000049998333,2.7830182019669878e-11
60,0,0,60,1000,0.5,0.95,0.001,0.818,0.8803309150605969,0.9999000049998333,0.005278570270681239
61,0,0,61,1000,0.5,0.95,0.001,0.834,0.8802270703643951,0.9999000049998333,5.84619663484747e-14
62,0,0,62,1000,0.5,0.95,0.001,0.846,0.8853021655773913,0.9999000049998333,0.0019304541362277093
63,0,0,63,1000,0.5,0.95,0.001,0.826,0.889539923060867,1.0,1.745788312961695e-13
64,0,0,64,1000,0.5,0.95,0.001,0.83,0.888626023813418,1.0,1.5662844292073588e-13
65,0,0,65,1000,0.5,0.95,0.001,0.8246666666666667,0.889790073935393,1.0,2.2840176579937187e-11
66,0,0,66,1000,0.5,0.95,0.001,0.8546666666666667,0.8896446718767532,1.0,3.003539125673675e-14
67,0,0,67,1000,0.5,0.95,0.001,0.83,0.8891579925041934,1.0,4.545037702317879e-11
68,0,0,68,1000,0.5,0.95,0.001,0.83,0.8954099986025557,1.0,0.012675300775043056
69,0,0,69,1000,0.5,0.95,0.001,0.8313333333333334,0.8922616088315439,0.9999000049998333,6.527939187098889e-14
70,0,0,70,1000,0.5,0.95,0.001,0.8446666666666667,0.8956270058625161,0.9999000049998333,0.00016616986660727734
71,0,0,71,1000,0.5,0.95,0.001,0.844,0.895731308873528,1.0,2.7830182019669878e-11
72,0,0,72,1000,0.5,0.95,0.001,0.846,0.8990965099420667,1.0,2.1470424745640796e-14
73,0,0,73,1000,0.5,0.95,0.001,0.826,0.8990001976354567,1.0,6.527939187098889e-14
74,0,0,74,1000,0.5,0.95,0.001,0.82,0.9007189637590601,1.0,0.00028031404332390706
75,0,0,75,1000,0.5,0.95,0.001,0.814,0.8990207726937941,1.0,3.357817810813982e-14
76,0,0,76,1000,0.5,0.95,0.001,0.8226666666666667,0.9014153668496417,0.9999000049998333,4.121989861814309e-11
77,0,0,77,1000,0.5,0.95,0.001,0.8313333333333334,0.9045112702602262,0.9999000049998333,1.5662844292073588e-13
78,0,0,78,1000,0.5,0.95,0.001,0.8293333333333334,0.9069334944782538,0.9999000049998333,1.745788312961695e-13
79,0,0,79,1000,0.5,0.95,0.001,0.812,0.9050884198472171,1.0,1.745788312961695e-13
80,0,0,80,1000,0.5,0.95,0.001,0.8206666666666667,0.9082126312367746,0.9999000049998333,5.010501565371957e-11
81,0,0,81,1000,0.5,0.95,0.001,0.824,0.9083811268943556,1.0,0.0008454851105595821
82,0,0,82,1000,0.5,0.95,0.001,0.8206666666666667,0.909147067836635,1.0,7.385628541580608e-11
83,0,0,83,1000,0.5,0.95,0.001,0.8286666666666667,0.9098645893226576,1.0,8.134313119733389e-14
84,0,0,84,1000,0.5,0.95,0.001,0.828,0.9074847986726063,0.9999000049998333,3.710275783094772e-13
85,0,0,85,1000,0.5,0.95,0.001,0.8253333333333334,0.9105451684540614,1.0,1.2221251895185477e-14
86,0,0,86,1000,0.5,0.95,0.001,0.8146666666666667,0.9080465427961129,0.9999000049998333,7.385628541580608e-11
87,0,0,87,1000,0.5,0.95,0.001,0.7986666666666666,0.9097507935474101,0.9996000799893344,8.133863475611782e-11
88,0,0,88,1000,0.5,0.95,0.001,0.8026666666666666,0.9127929538181063,0.9996000799893344,1.1941694584983065e-10
89,0,0,89,1000,0.5,0.95,0.001,0.7926666666666666,0.9076012769826441,0.9999000049998333,1.8729898848394072e-11
90,0,0,90,1000,0.5,0.95,0.001,0.8053333333333333,0.9082579691190452,0.9999000049998333,0.00021006364536448158
91,0,0,91,1000,0.5,0.95,0.001,0.79,0.909987329447031,0.9999000049998333,0.008261905731180314
92,0,0,92,1000,0.5,0.95,0.001,0.8033333333333333,0.9115840847585758,0.9999000049998333,1.129761116357873e-13
93,0,0,93,1000,0.5,0.95,0.001,0.808,0.9149847403370572,0.9999000049998333,1.2221251895185477e-14
94,0,0,94,1000,0.5,0.95,0.001,0.7993333333333333,0.9153530077829852,0.9999000049998333,1.2565074698305122e-11
95,0,0,95,1000,0.5,0.95,0.001,0.806,0.9207687302141303,1.0,1.8729898848394072e-11
96,0,0,96,1000,0.5,0.95,0.001,0.808,0.9186539104109277,0.9999000049998333,1.2565074698305122e-11
97,0,0,97,1000,0.5,0.95,0.001,0.8113333333333334,0.9201928820723136,1.0,0.0009400288421806862
98,0,0,98,1000,0.5,0.95,0.001,0.8133333333333334,0.9195840066898768,0.9999000049998333,6.527939187098889e-14
99,0,0,99,1000,0.5,0.95,0.001,0.828,0.9161127813762752,1.0,4.593793755418009e-13
100,0,0,100,1000,0.5,0.95,0.001,0.8126666666666666,0.9195976792867756,1.0,0.0008016006634314276
101,0,0,101,1000,0.5,0.95,0.001,0.8206666666666667,0.9215306134110041,1.0,1.136593945408875e-11
102,0,0,102,1000,0.5,0.95,0.001,0.8213333333333334,0.92250108876144,0.9999000049998333,0.3752735696180075
103,0,0,103,1000,0.5,0.95,0.001,0.82,0.919582826217341,0.9999000049998333,5.522529637251578e-11
104,0,0,104,1000,0.5,0.95,0.001,0.808,0.9226033149542262,1.0,9.859505575991516e-11
105,0,0,105,1000,0.5,0.95,0.001,0.8146666666666667,0.920068095632716,1.0,1.9454750889660788e-13
106,0,0,106,1000,0.5,0.95,0.001,0.806,0.9254870992765243,1.0,5.522529637251578e-11
107,0,0,107,1000,0.5,0.95,0.001,0.8,0.9291924332115118,1.0,1.2565074698305122e-11
108,0,0,108,1000,0.5,0.95,0.001,0.794,0.9313929732874601,1.0,0.0008915937199952196
109,0,0,109,1000,0.5,0.95,0.001,0.7926666666666666,0.9292649014247139,1.0,0.0007201147382282985
110,0,0,110,1000,0.5,0.95,0.001,0.7886666666666666,0.9245421533526059,1.0,1.745788312961695e-13
111,0,0,111,1000,0.5,0.95,0.001,0.784,0.9291771698961978,1.0,3.710275783094772e-13
112,0,0,112,1000,0.5,0.95,0.001,0.7986666666666666,0.9316174367991177,1.0,9.077431715764327e-14
113,0,0,113,1000,0.5,0.95,0.001,0.8093333333333333,0.9302328827933356,1.0,1.695598918950491e-11
114,0,0,114,1000,0.5,0.95,0.001,0.8026666666666666,0.9316219080352905,0.9999000049998333,3.3883260976308163e-11
115,0,0,115,1000,0.5,0.95,0.001,0.8026666666666666,0.9333396591488194,1.0,2.5214547657040056e-11
116,0,0,116,1000,0.5,0.95,0.001,0.78,0.9351049525216051,1.0,6.704882705102745e-11
117,0,0,117,1000,0.5,0.95,0.001,0.7973333333333333,0.9316722069790485,1.0,0.000682328052756376
118,0,0,118,1000,0.5,0.95,0.001,0.7993333333333333,0.9370540551254364,1.0,2.319522830243586e-16
119,0,0,119,1000,0.5,0.95,0.001,0.8106666666666666,0.9348652271353799,0.9999000049998333,0.0010443088499356792
120,0,0,120,1000,0.5,0.95,0.001,0.794,0.9345238669761449,1.0,2.5214547657040056e-11
121,0,0,121,1000,0.5,0.95,0.001,0.778,0.9355526428024122,0.9999000049998333,9.29448409306692e-12
122,0,0,122,1000,0.5,0.95,0.001,0.77,0.933358500645341,1.0,1.136593945408875e-11
123,0,0,123,1000,0.5,0.95,0.001,0.7766666666666666,0.9348064814886178,0.9999000049998333,2.2840176579937187e-11
124,0,0,124,1000,0.5,0.95,0.001,0.7966666666666666,0.9358471084609589,0.9999000049998333,2.7830182019669878e-11
125,0,0,125,1000,0.5,0.95,0.001,0.8093333333333333,0.9369795660281134,1.0,2.99428720701259e-13
126,0,0,126,1000,0.5,0.95,0.001,0.8026666666666666,0.939705706343479,1.0,3.003539125673675e-14
127,0,0,127,1000,0.5,0.95,0.001,0.806,0.9398745096721397,0.9999000049998333,2.947512186391271e-16
128,0,0,128,1000,0.5,0.95,0.001,0.7933333333333333,0.9419465939846192,0.9999000049998333,1.9454750889660788e-13
129,0,0,129,1000,0.5,0.95,0.001,0.8133333333333334,0.9433612789045411,1.0,0.000682328052756376
130,0,0,130,1000,0.5,0.95,0.001,0.8073333333333333,0.939999005651872,0.9999000049998333,1.2565074698305122e-11
131,0,0,131,1000,0.5,0.95,0.001,0.8066666666666666,0.9433851352884028,0.9999000049998333,4.121989861814309e-11
132,0,0,132,1000,0.5,0.95,0.001,0.8206666666666667,0.9491998126961827,1.0,9.640820401801103e-13
133,0,0,133,1000,0.5,0.95,0.001,0.822,0.9487612257925583,1.0,0.0005195746821548384
134,0,0,134,1000,0.5,0.95,0.001,0.8366666666666667,0.947679314355095,1.0,1.136593945408875e-11
135,0,0,135,1000,0.5,0.95,0.001,0.8266666666666667,0.9484065861330064,1.0,1.7147911622436055e-14
136,0,0,136,1000,0.5,0.95,0.001,0.8213333333333334,0.9466839458167412,1.0,1.8058314375132107e-12
137,0,0,137,1000,0.5,0.95,0.001,0.82,0.9504385340723781,1.0,0.00029678576779321067
138,0,0,138,1000,0.5,0.95,0.001,0.8133333333333334,0.9503851184448762,1.0,0.0008454851105595821
139,0,0,139,1000,0.5,0.95,0.001,0.7966666666666666,0.95213199775889,0.9999000049998333,0.0002226298569188886
140,0,0,140,1000,0.5,0.95,0.001,0.8013333333333333,0.9501717488754657,1.0,6.085665105518354e-11
141,0,0,141,1000,0.5,0.95,0.001,0.7986666666666666,0.9482765020980288,1.0,9.29448409306692e-12
142,0,0,142,1000,0.5,0.95,0.001,0.7866666666666666,0.9529701820889978,1.0,1.2565074698305122e-11
143,0,0,143,1000,0.5,0.95,0.001,0.784,0.9511539570508963,0.9999000049998333,0.00021006364536448158
144,0,0,144,1000,0.5,0.95,0.001,0.8146666666666667,0.9527904771994965,1.0,1.0279186430862793e-11
145,0,0,145,1000,0.5,0.95,0.001,0.8106666666666666,0.9508311193894403,1.0,0.0007201147382282985
146,0,0,146,1000,0.5,0.95,0.001,0.792,0.9508696612345021,1.0,0.0007598420311792391
147,0,0,147,1000,0.5,0.95,0.001,0.7993333333333333,0.95421288051582,1.0,1.8729898848394072e-11
148,0,0,148,1000,0.5,0.95,0.001,0.764,0.9530425727794586,1.0,7.808447878255516e-13
149,0,0,149,1000,0.5,0.95,0.001,0.7726666666666666,0.9549641559426134,1.0,2.5214547657040056e-11
150,0,0,150,1000,0.5,0.95,0.001,0.778,0.9523184286340748,1.0,1.8729898848394072e-11
151,0,0,151,1000,0.5,0.95,0.001,0.7793333333333333,0.9559438637584688,1.0,0.0002226298569188886
152,0,0,152,1000,0.5,0.95,0.001,0.7833333333333333,0.9517368917604463,1.0,6.319285885175368e-13
153,0,0,153,1000,0.5,0.95,0.001,0.7886666666666666,0.9565358133369476,1.0,0.0005488968616229591
154,0,0,154,1000,0.5,0.95,0.001,0.7813333333333333,0.956511669859028,1.0,9.29448409306692e-12
155,0,0,155,1000,0.5,0.95,0.001,0.7546666666666667,0.953433503854185,1.0,0.004596776417277874
156,0,0,156,1000,0.5,0.95,0.001,0.748,0.9544863230745932,1.0,2.7830182019669878e-11
157,0,0,157,1000,0.5,0.95,0.001,0.7593333333333333,0.9562678118669979,0.9999000049998333,1.0851854889521883e-10
158,0,0,158,1000,0.5,0.95,0.001,0.7533333333333333,0.9543037981070994,1.0,1.0279186430862793e-11
159,0,0,159,1000,0.5,0.95,0.001,0.748,0.9558154900003354,1.0,2.5214547657040056e-11
160,0,0,160,1000,0.5,0.95,0.001,0.7533333333333333,0.9560115699461309,1.0,2.0685254758342638e-11
161,0,0,161,1000,0.5,0.95,0.001,0.748,0.9579644110797886,1.0,0.00028031404332390706
162,0,0,162,1000,0.5,0.95,0.001,0.762,0.9567774966562392,1.0,4.593793755418009e-13
163,0,0,163,1000,0.5,0.95,0.001,0.7573333333333333,0.9578485015604918,1.0,6.319285885175368e-13
164,0,0,164,1000,0.5,0.95,0.001,0.7673333333333333,0.9568052114967669,1.0,3.710275783094772e-13
165,0,0,165,1000,0.5,0.95,0.001,0.7713333333333333,0.9591534541018182,1.0,1.695598918950491e-11
166,0,0,166,1000,0.5,0.95,0.001,0.7733333333333333,0.9580046567475425,1.0,1.466122434384686e-12
167,0,0,167,1000,0.5,0.95,0.001,0.7706666666666667,0.9577484091973553,1.0,1.0279186430862793e-11
168,0,0,168,1000,0.5,0.95,0.001,0.7753333333333333,0.9645406227103689,1.0,0.6297703814010036
169,0,0,169,1000,0.5,0.95,0.001,0.766,0.9601913990577188,1.0,3.3334446838486426e-13
170,0,0,170,1000,0.5,0.95,0.001,0.77,0.9601170024953614,1.0,2.5214547657040056e-11
171,0,0,171,1000,0.5,0.95,0.001,0.7773333333333333,0.9620740380028252,1.0,0.000646394861629999
172,0,0,172,1000,0.5,0.95,0.001,0.7753333333333333,0.9618466251288718,1.0,2.7830182019669878e-11
173,0,0,173,1000,0.5,0.95,0.001,0.77,0.9598806277650733,1.0,4.121989861814309e-11
174,0,0,174,1000,0.5,0.95,0.001,0.7946666666666666,0.961287980908665,1.0,0.0005195746821548384
175,0,0,175,1000,0.5,0.95,0.001,0.7846666666666666,0.9612622259898074,1.0,9.29448409306692e-12
176,0,0,176,1000,0.5,0.95,0.001,0.7793333333333333,0.961923802380141,1.0,9.29448409306692e-12
177,0,0,177,1000,0.5,0.95,0.001,0.802,0.959456942843683,1.0,1.136593945408875e-11
178,0,0,178,1000,0.5,0.95,0.001,0.8173333333333334,0.9599118698918234,1.0,4.593793755418009e-13
179,0,0,179,1000,0.5,0.95,0.001,0.8113333333333334,0.9624643526812997,0.9999000049998333,2.5214547657040056e-11
180,0,0,180,1000,0.5,0.95,0.001,0.8193333333333334,0.9604274644828874,1.0,1.2565074698305122e-11
181,0,0,181,1000,0.5,0.95,0.001,0.818,0.9601129189777733,1.0,1.136593945408875e-11
182,0,0,182,1000,0.5,0.95,0.001,0.804,0.9591292684560017,1.0,1.0279186430862793e-11
183,0,0,183,1000,0.5,0.95,0.001,0.7833333333333333,0.9594189430199749,1.0,1.3887943864964021e-11
184,0,0,184,1000,0.5,0.95,0.001,0.7993333333333333,0.9590381159767059,0.9999000049998333,1.2599930548477503e-13
185,0,0,185,1000,0.5,0.95,0.001,0.7946666666666666,0.9603643033714814,1.0,6.085665105518354e-11
186,0,0,186,1000,0.5,0.95,0.001,0.794,0.9607127262787185,1.0,2.0035510194454984e-12
187,0,0,187,1000,0.5,0.95,0.001,0.7846666666666666,0.9597094550602533,1.0,9.29448409306692e-12
188,0,0,188,1000,0.5,0.95,0.001,0.7946666666666666,0.959163682049665,1.0,2.0685254758342638e-11
189,0,0,189,1000,0.5,0.95,0.001,0.7873333333333333,0.9580529769184166,1.0,1.136593945408875e-11
190,0,0,190,1000,0.5,0.95,0.001,0.792,0.9610593691878215,1.0,7.385628541580608e-11
191,0,0,191,1000,0.5,0.95,0.001,0.788,0.9582973819867767,1.0,4.5672949542654595e-12
192,0,0,192,1000,0.5,0.95,0.001,0.8113333333333334,0.9575647601762866,1.0,9.29448409306692e-12
193,0,0,193,1000,0.5,0.95,0.001,0.816,0.961537779704157,0.9999000049998333,0.0008915937199952196
194,0,0,194,1000,0.5,0.95,0.001,0.8113333333333334,0.9592817793523091,0.9999000049998333,5.683153139634406e-13
195,0,0,195,1000,0.5,0.95,0.001,0.7973333333333333,0.9616567119804582,0.9999000049998333,1.136593945408875e-11
196,0,0,196,1000,0.5,0.95,0.001,0.8146666666666667,0.9588724757447944,1.0,3.710275783094772e-13
197,0,0,197,1000,0.5,0.95,0.001,0.798,0.9599100546772276,1.0,1.7147911622436055e-14
198,0,0,198,1000,0.5,0.95,0.001,0.81,0.9600069551697217,1.0,9.29448409306692e-12
199,0,0,199,1000,0.5,0.95,0.001,0.8233333333333334,0.9604152634830729,1.0,6.704882705102745e-11
200,0,0,200,1000,0.5,0.95,0.001,0.8326666666666667,0.9562503616192236,1.0,7.025217734136226e-13
201,0,0,201,1000,0.5,0.95,0.001,0.8133333333333334,0.9579522806706624,1.0,1.695598918950491e-11
202,0,0,202,1000,0.5,0.95,0.001,0.8193333333333334,0.9569218679332148,1.0,9.29448409306692e-12
203,0,0,203,1000,0.5,0.95,0.001,0.8233333333333334,0.9597450648810228,1.0,9.29448409306692e-12
204,0,0,204,1000,0.5,0.95,0.001,0.826,0.958459624867913,0.9999000049998333,1.0279186430862793e-11
205,0,0,205,1000,0.5,0.95,0.001,0.8073333333333333,0.9619468493588358,1.0,0.0009400288421806862
206,0,0,206,1000,0.5,0.95,0.001,0.7933333333333333,0.960433402438285,1.0,0.00021006364536448158
207,0,0,207,1000,0.5,0.95,0.001,0.7906666666666666,0.9612129772851287,1.0,3.071100673562344e-11
208,0,0,208,1000,0.5,0.95,0.001,0.7806666666666666,0.9623167547627594,1.0,0.0005797578741186226
209,0,0,209,1000,0.5,0.95,0.001,0.8033333333333333,0.9617492789706865,1.0,0.0008016006634314276
210,0,0,210,1000,0.5,0.95,0.001,0.804,0.961048932850914,1.0,1.8729898848394072e-11
211,0,0,211,1000,0.5,0.95,0.001,0.8026666666666666,0.9596558125606817,1.0,9.29448409306692e-12
212,0,0,212,1000,0.5,0.95,0.001,0.7906666666666666,0.9573415396114604,1.0,1.0279186430862793e-11
213,0,0,213,1000,0.5,0.95,0.001,0.7826666666666666,0.9584282549779974,1.0,3.321649470137545e-16
214,0,0,214,1000,0.5,0.95,0.001,0.7713333333333333,0.9594061886119288,1.0,1.0279186430862793e-11
215,0,0,215,1000,0.5,0.95,0.001,0.752,0.9609719036591129,1.0,1.136593945408875e-11
216,0,0,216,1000,0.5,0.95,0.001,0.76,0.9607967424911681,1.0,1.3684672281265072e-14
217,0,0,217,1000,0.5,0.95,0.001,0.768,0.9617442424563442,1.0,5.522529637251578e-11
218,0,0,218,1000,0.5,0.95,0.001,0.7693333333333333,0.9626484340051125,1.0,1.2565074698305122e-11
219,0,0,219,1000,0.5,0.95,0.001,0.7673333333333333,0.9615809932856244,1.0,1.136593945408875e-11
220,0,0,220,1000,0.5,0.95,0.001,0.766,0.9656458357080571,1.0,0.0008454851105595821
221,0,0,221,1000,0.5,0.95,0.001,0.754,0.9628040653683763,1.0,3.3334446838486426e-13
222,0,0,222,1000,0.5,0.95,0.001,0.7533333333333333,0.9613498493485213,1.0,0.0003721922634404363
223,0,0,223,1000,0.5,0.95,0.001,0.7573333333333333,0.9626979268191836,1.0,2.0685254758342638e-11
224,0,0,224,1000,0.5,0.95,0.001,0.7533333333333333,0.9595667245105266,1.0,1.136593945408875e-11
225,0,0,225,1000,0.5,0.95,0.001,0.7726666666666666,0.9626800178007306,1.0,0.0007598420311792391
226,0,0,226,1000,0.5,0.95,0.001,0.7686666666666667,0.9649659343735366,1.0,1.2565074698305122e-11
227,0,0,227,1000,0.5,0.95,0.001,0.7653333333333333,0.9628056743532574,1.0,0.0006122315483683621
228,0,0,228,1000,0.5,0.95,0.001,0.7586666666666667,0.9620098387792292,1.0,1.6272982364050097e-12
229,0,0,229,1000,0.5,0.95,0.001,0.7753333333333333,0.9629343176412655,1.0,1.2565074698305122e-11
230,0,0,230,1000,0.5,0.95,0.001,0.7893333333333333,0.960955094143266,0.9991004048785274,1.0279186430862793e-11
231,0,0,231,1000,0.5,0.95,0.001,0.8013333333333333,0.9629162312643912,1.0,3.358253730908905e-12
232,0,0,232,1000,0.5,0.95,0.001,0.8026666666666666,0.9624001918779672,0.9996000799893344,2.0685254758342638e-11
233,0,0,233,1000,0.5,0.95,0.001,0.7913333333333333,0.9639052027442725,1.0,0.0008915937199952196
234,0,0,234,1000,0.5,0.95,0.001,0.762,0.963196467312335,1.0,1.136593945408875e-11
235,0,0,235,1000,0.5,0.95,0.001,0.7613333333333333,0.9627004142783072,1.0,1.136593945408875e-11
236,0,0,236,1000,0.5,0.95,0.001,0.7566666666666667,0.9660379762410353,1.0,1.136593945408875e-11
237,0,0,237,1000,0.5,0.95,0.001,0.742,0.9675332092787873,1.0,0.0008016006634314276
238,0,0,238,1000,0.5,0.95,0.001,0.746,0.9655037228472654,1.0,1.2565074698305122e-11
239,0,0,239,1000,0.5,0.95,0.001,0.7373333333333333,0.964043481692462,0.9999000049998333,1.136593945408875e-11
240,0,0,240,1000,0.5,0.95,0.001,0.732,0.9610089676176642,1.0,1.136593945408875e-11
241,0,0,241,1000,0.5,0.95,0.001,0.7366666666666667,0.9639621721405207,0.9999000049998333,1.2565074698305122e-11
242,0,0,242,1000,0.5,0.95,0.001,0.7473333333333333,0.9630160190427215,1.0,1.1941694584983065e-10
243,0,0,243,1000,0.5,0.95,0.001,0.736,0.9671324805141703,1.0,0.0008016006634314276
244,0,0,244,1000,0.5,0.95,0.001,0.7446666666666667,0.9650593655334089,0.9999000049998333,1.0279186430862793e-11
245,0,0,245,1000,0.5,0.95,0.001,0.7446666666666667,0.9681782637765306,0.9999000049998333,9.29448409306692e-12
246,0,0,246,1000,0.5,0.95,0.001,0.7633333333333333,0.964446798987337,0.9999000049998333,3.3334446838486426e-13
247,0,0,247,1000,0.5,0.95,0.001,0.7726666666666666,0.9670641892827998,1.0,1.5347016892998482e-11
248,0,0,248,1000,0.5,0.95,0.001,0.7773333333333333,0.9687349597739955,0.9999000049998333,9.29448409306692e-12
249,0,0,249,1000,0.5,0.95,0.001,0.7893333333333333,0.9643095454656002,1.0,1.136593945408875e-11
250,0,0,250,1000,0.5,0.95,0.001,0.7746666666666666,0.9657391707720665,1.0,9.29448409306692e-12
251,0,0,251,1000,0.5,0.95,0.001,0.7786666666666666,0.9686590556323018,1.0,1.2565074698305122e-11
252,0,0,252,1000,0.5,0.95,0.001,0.766,0.9697391519200902,1.0,2.5214547657040056e-11
253,0,0,253,1000,0.5,0.95,0.001,0.764,0.9697376039509703,0.9999000049998333,1.2565074698305122e-11
254,0,0,254,1000,0.5,0.95,0.001,0.7473333333333333,0.9670476165598658,1.0,1.136593945408875e-11
255,0,0,255,1000,0.5,0.95,0.001,0.7653333333333333,0.965731205818167,0.9999000049998333,9.640820401801103e-13
256,0,0,256,1000,0.5,0.95,0.001,0.762,0.9663737578217313,1.0,9.29448409306692e-12
257,0,0,257,1000,0.5,0.95,0.001,0.7673333333333333,0.9685551390838171,1.0,3.3334446838486426e-13
258,0,0,258,1000,0.5,0.95,0.001,0.75,0.9664903828971622,1.0,3.3334446838486426e-13
259,0,0,259,1000,0.5,0.95,0.001,0.7453333333333333,0.9659312163032013,1.0,9.29448409306692e-12
260,0,0,260,1000,0.5,0.95,0.001,0.75,0.9686211490383163,0.9999000049998333,1.3887943864964021e-11
261,0,0,261,1000,0.5,0.95,0.001,0.7433333333333333,0.9664351486001924,0.9999000049998333,4.593793755418009e-13
262,0,0,262,1000,0.5,0.95,0.001,0.7446666666666667,0.9686862763603079,0.9999000049998333,0.15730007376080368
263,0,0,263,1000,0.5,0.95,0.001,0.754,0.9674408139028933,1.0,1.2565074698305122e-11
264,0,0,264,1000,0.5,0.95,0.001,0.7646666666666667,0.969273215160192,1.0,1.136593945408875e-11
265,0,0,265,1000,0.5,0.95,0.001,0.7646666666666667,0.9677645886769677,1.0,0.0006122315483683621
266,0,0,266,1000,0.5,0.95,0.001,0.7906666666666666,0.9648943695972462,1.0,1.695598918950491e-11
267,0,0,267,1000,0.5,0.95,0.001,0.7853333333333333,0.9654463449682276,1.0,1.0279186430862793e-11
268,0,0,268,1000,0.5,0.95,0.001,0.7786666666666666,0.96592294672182,1.0,1.0279186430862793e-11
269,0,0,269,1000,0.5,0.95,0.001,0.782,0.9699640905119231,1.0,2.947512186391271e-16
270,0,0,270,1000,0.5,0.95,0.001,0.7766666666666666,0.9670760064964565,1.0,0.0005488968616229591
271,0,0,271,1000,0.5,0.95,0.001,0.7753333333333333,0.9659810892530089,1.0,3.710275783094772e-13
272,0,0,272,1000,0.5,0.95,0.001,0.78,0.9692326170286255,0.9999000049998333,9.640820401801103e-13
273,0,0,273,1000,0.5,0.95,0.001,0.7493333333333333,0.9673005892911148,1.0,9.29448409306692e-12
274,0,0,274,1000,0.5,0.95,0.001,0.77,0.9716587562674672,1.0,9.29448409306692e-12
275,0,0,275,1000,0.5,0.95,0.001,0.7733333333333333,0.9689751846512419,1.0,1.136593945408875e-11
276,0,0,276,1000,0.5,0.95,0.001,0.774,0.9709050801430538,1.0,0.0003518167902881352
277,0,0,277,1000,0.5,0.95,0.001,0.7953333333333333,0.9710682456594827,1.0,2.7830182019669878e-11
278,0,0,278,1000,0.5,0.95,0.001,0.8126666666666666,0.9716618604228748,1.0,5.010501565371957e-11
279,0,0,279,1000,0.5,0.95,0.001,0.806,0.9724667495239153,0.9999000049998333,0.003305723231888142
280,0,0,280,1000,0.5,0.95,0.001,0.8106666666666666,0.9733537395321901,0.9999000049998333,0.0003518167902881352
281,0,0,281,1000,0.5,0.95,0.001,0.8086666666666666,0.9685709948007514,1.0,1.2565074698305122e-11
282,0,0,282,1000,0.5,0.95,0.001,0.8193333333333334,0.9695543083472932,1.0,3.710275783094772e-13
283,0,0,283,1000,0.5,0.95,0.001,0.8213333333333334,0.9722780026573644,1.0,0.0004652665922469586
284,0,0,284,1000,0.5,0.95,0.001,0.806,0.9689915348088626,0.9999000049998333,9.29448409306692e-12
285,0,0,285,1000,0.5,0.95,0.001,0.7986666666666666,0.9704500608118416,0.9999000049998333,7.025217734136226e-13
286,0,0,286,1000,0.5,0.95,0.001,0.8073333333333333,0.972917960430096,1.0,1.0279186430862793e-11
287,0,0,287,1000,0.5,0.95,0.001,0.816,0.9721955105834328,1.0,9.29448409306692e-12
288,0,0,288,1000,0.5,0.95,0.001,0.8066666666666666,0.9691199635029176,1.0,9.29448409306692e-12
289,0,0,289,1000,0.5,0.95,0.001,0.798,0.971032574091274,0.9999000049998333,9.29448409306692e-12
290,0,0,290,1000,0.5,0.95,0.001,0.7926666666666666,0.9731961509996778,0.9999000049998333,0.0018361211557324242
291,0,0,291,1000,0.5,0.95,0.001,0.8033333333333333,0.9693966164580221,0.9996000799893344,4.593793755418009e-13
292,0,0,292,1000,0.5,0.95,0.001,0.8033333333333333,0.972960521575323,1.0,1.0279186430862793e-11
293,0,0,293,1000,0.5,0.95,0.001,0.8253333333333334,0.9711200453929919,1.0,1.136593945408875e-11
294,0,0,294,1000,0.5,0.95,0.001,0.824,0.9714345185440755,1.0,2.0685254758342638e-11
295,0,0,295,1000,0.5,0.95,0.001,0.8126666666666666,0.9725988158694588,1.0,0.0008915937199952196
296,0,0,296,1000,0.5,0.95,0.001,0.8246666666666667,0.9724092100646691,1.0,1.136593945408875e-11
297,0,0,297,1000,0.5,0.95,0.001,0.8106666666666666,0.9727155741253297,1.0,4.1288801039157497e-13
298,0,0,298,1000,0.5,0.95,0.001,0.8233333333333334,0.973603924023001,0.9999000049998333,1.0279186430862793e-11
299,0,0,299,1000,0.5,0.95,0.001,0.8173333333333334,0.9722729857672949,0.9999000049998333,4.593793755418009e-13
300,0,0,300,1000,0.5,0.95,0.001,0.8353333333333334,0.9716382710661954,0.9999000049998333,1.136593945408875e-11
301,0,0,301,1000,0.5,0.95,0.001,0.8246666666666667,0.9694463482018746,0.9999000049998333,1.0279186430862793e-11
302,0,0,302,1000,0.5,0.95,0.001,0.816,0.972947742104404,0.9999000049998333,0.14085842092104495
303,0,0,303,1000,0.5,0.95,0.001,0.8186666666666667,0.9736444076501893,0.9996000799893344,5.058252742843803e-12
304,0,0,304,1000,0.5,0.95,0.001,0.7893333333333333,0.9730494633298818,0.9999000049998333,2.7830182019669878e-11
305,0,0,305,1000,0.5,0.95,0.001,0.786,0.9718226622738328,0.9996000799893344,1.8729898848394072e-11
306,0,0,306,1000,0.5,0.95,0.001,0.782,0.9698557370007448,0.9999000049998333,1.3887943864964021e-11
307,0,0,307,1000,0.5,0.95,0.001,0.7933333333333333,0.9710057652832159,0.9999000049998333,4.593793755418009e-13
308,0,0,308,1000,0.5,0.95,0.001,0.78,0.9749298915627493,0.9999000049998333,9.29448409306692e-12
309,0,0,309,1000,0.5,0.95,0.001,0.7746666666666666,0.9739225368958957,1.0,1.136593945408875e-11
310,0,0,310,1000,0.5,0.95,0.001,0.784,0.9723364643332086,0.9999000049998333,4.593793755418009e-13
311,0,0,311,1000,0.5,0.95,0.001,0.786,0.9730837233001263,1.0,9.29448409306692e-12
312,0,0,312,1000,0.5,0.95,0.001,0.8013333333333333,0.9713650647611158,1.0,1.2565074698305122e-11
313,0,0,313,1000,0.5,0.95,0.001,0.798,0.9752797035705253,1.0,0.0008915937199952196
314,0,0,314,1000,0.5,0.95,0.001,0.806,0.9722072953546657,0.9999000049998333,3.710275783094772e-13
315,0,0,315,1000,0.5,0.95,0.001,0.8046666666666666,0.974307765730456,0.9999000049998333,7.025217734136226e-13
316,0,0,316,1000,0.5,0.95,0.001,0.806,0.9739465062472797,0.9975031223974601,0.0008016006634314276
317,0,0,317,1000,0.5,0.95,0.001,0.8046666666666666,0.973652352145776,0.9999000049998333,0.1022739788062698
318,0,0,318,1000,0.5,0.95,0.001,0.8113333333333334,0.9746104681134629,0.9999000049998333,1.136593945408875e-11
319,0,0,319,1000,0.5,0.95,0.001,0.794,0.9717219402989087,0.9991004048785274,5.683153139634406e-13
320,0,0,320,1000,0.5,0.95,0.001,0.796,0.9721577458411895,0.9991004048785274,4.121989861814309e-11
321,0,0,321,1000,0.5,0.95,0.001,0.8066666666666666,0.97104367977537,0.9999000049998333,1.2565074698305122e-11
322,0,0,322,1000,0.5,0.95,0.001,0.8046666666666666,0.9722622907808995,0.9999000049998333,9.29448409306692e-12
323,0,0,323,1000,0.5,0.95,0.001,0.8053333333333333,0.9722525109887941,0.9999000049998333,3.358253730908905e-12
324,0,0,324,1000,0.5,0.95,0.001,0.8193333333333334,0.9730207013816061,0.9996000799893344,1.136593945408875e-11
325,0,0,325,1000,0.5,0.95,0.001,0.8146666666666667,0.9711712993857685,0.9991004048785274,8.677263456038793e-13
326,0,0,326,1000,0.5,0.95,0.001,0.8153333333333334,0.9719943971209867,1.0,1.136593945408875e-11
327,0,0,327,1000,0.5,0.95,0.001,0.8106666666666666,0.9733943003871642,0.9991004048785274,0.0007201147382282985
328,0,0,328,1000,0.5,0.95,0.001,0.8206666666666667,0.9718731325225878,0.9999000049998333,4.593793755418009e-13
329,0,0,329,1000,0.5,0.95,0.001,0.8366666666666667,0.972472612688046,0.9999000049998333,0.0008016006634314276
330,0,0,330,1000,0.5,0.95,0.001,0.8373333333333334,0.9733710515409175,0.9999000049998333,2.0685254758342638e-11
331,0,0,331,1000,0.5,0.95,0.001,0.8346666666666667,0.9707798433639906,0.9999000049998333,4.593793755418009e-13
332,0,0,332,1000,0.5,0.95,0.001,0.8346666666666667,0.9695316011378321,0.9999000049998333,9.29448409306692e-12
333,0,0,333,1000,0.5,0.95,0.001,0.82,0.9706268985042978,0.9999000049998333,1.2565074698305122e-11
334,0,0,334,1000,0.5,0.95,0.001,0.8126666666666666,0.9728559613076432,0.9999000049998333,0.00041630183329071675
335,0,0,335,1000,0.5,0.95,0.001,0.8213333333333334,0.9701923035661462,1.0,3.358253730908905e-12
336,0,0,336,1000,0.5,0.95,0.001,0.8406666666666667,0.9709730170467332,0.9991004048785274,1.136593945408875e-11
337,0,0,337,1000,0.5,0.95,0.001,0.8593333333333333,0.9695245699954641,0.9999000049998333,1.2565074698305122e-11
338,0,0,338,1000,0.5,0.95,0.001,0.8633333333333333,0.9690069171960981,1.0,0.0008016006634314276
339,0,0,339,1000,0.5,0.95,0.001,0.876,0.9712529021975623,0.9999000049998333,1.2565074698305122e-11
340,0,0,340,1000,0.5,0.95,0.001,0.892,0.9706478120011156,0.9999000049998333,1.3684672281265072e-14
341,0,0,341,1000,0.5,0.95,0.001,0.8866666666666667,0.9706645535872801,0.9999000049998333,1.2565074698305122e-11
342,0,0,342,1000,0.5,0.95,0.001,0.8793333333333333,0.9693973495949696,0.9999000049998333,4.1288801039157497e-13
343,0,0,343,1000,0.5,0.95,0.001,0.8846666666666667,0.9730123597601241,1.0,7.025217734136226e-13
344,0,0,344,1000,0.5,0.95,0.001,0.8726666666666667,0.9704420434470863,0.9999000049998333,5.683153139634406e-13
345,0,0,345,1000,0.5,0.95,0.001,0.86,0.9729512329027971,0.9999000049998333,1.2565074698305122e-11
346,0,0,346,1000,0.5,0.95,0.001,0.846,0.9725301796488421,0.9999000049998333,1.2565074698305122e-11
347,0,0,347,1000,0.5,0.95,0.001,0.8346666666666667,0.9752172237426432,0.9999000049998333,0.0003721922634404363
348,0,0,348,1000,0.5,0.95,0.001,0.8366666666666667,0.9717570717077821,0.9999000049998333,3.710275783094772e-13
349,0,0,349,1000,0.5,0.95,0.001,0.8273333333333334,0.974674315841478,0.9975031223974601,5.522529637251578e-11
350,0,0,350,1000,0.5,0.95,0.001,0.8433333333333334,0.9723853047088138,0.9999000049998333,4.593793755418009e-13
351,0,0,351,1000,0.5,0.95,0.001,0.8273333333333334,0.974284426435662,0.9999000049998333,1.2565074698305122e-11
352,0,0,352,1000,0.5,0.95,0.001,0.8386666666666667,0.9747325877137241,0.9999000049998333,0.000646394861629999
353,0,0,353,1000,0.5,0.95,0.001,0.834,0.9747887689048443,0.9999000049998333,1.2565074698305122e-11
354,0,0,354,1000,0.5,0.95,0.001,0.822,0.974210118315822,0.9999000049998333,1.2565074698305122e-11
355,0,0,355,1000,0.5,0.95,0.001,0.8213333333333334,0.9748319483343817,0.9999000049998333,1.0279186430862793e-11
356,0,0,356,1000,0.5,0.95,0.001,0.8246666666666667,0.9734825689015945,0.9999000049998333,1.0279186430862793e-11
357,0,0,357,1000,0.5,0.95,0.001,0.832,0.9731718213337358,0.9996000799893344,1.0279186430862793e-11
358,0,0,358,1000,0.5,0.95,0.001,0.8333333333333334,0.9737389892252701,1.0,0.0039958458300846395
359,0,0,359,1000,0.5,0.95,0.001,0.828,0.9756698395764568,0.9996000799893344,0.0003324902571839746
360,0,0,360,1000,0.5,0.95,0.001,0.8386666666666667,0.9756714139172077,0.9996000799893344,0.0962409823570778
361,0,0,361,1000,0.5,0.95,0.001,0.8286666666666667,0.9730496245409659,0.9999000049998333,4.593793755418009e-13
362,0,0,362,1000,0.5,0.95,0.001,0.8246666666666667,0.974482128997841,0.9999000049998333,1.136593945408875e-11
363,0,0,363,1000,0.5,0.95,0.001,0.836,0.970326464150996,0.9999000049998333,0.0005488968616229591
364,0,0,364,1000,0.5,0.95,0.001,0.826,0.9740486412904481,1.0,0.0008454851105595821
365,0,0,365,1000,0.5,0.95,0.001,0.8286666666666667,0.970433536426085,0.9996000799893344,1.5347016892998482e-11
366,0,0,366,1000,0.5,0.95,0.001,0.832,0.9743414775703588,1.0,1.2565074698305122e-11
367,0,0,367,1000,0.5,0.95,0.001,0.8426666666666667,0.9713945203184602,0.9999000049998333,5.110034772170968e-13
368,0,0,368,1000,0.5,0.95,0.001,0.8266666666666667,0.9720962992199437,0.9999000049998333,1.2565074698305122e-11
369,0,0,369,1000,0.5,0.95,0.001,0.832,0.9710187697129363,0.9999000049998333,1.0279186430862793e-11
370,0,0,370,1000,0.5,0.95,0.001,0.8253333333333334,0.972874864103211,1.0,0.0008915937199952196
371,0,0,371,1000,0.5,0.95,0.001,0.844,0.9729999318563088,0.9999000049998333,0.0008454851105595821
372,0,0,372,1000,0.5,0.95,0.001,0.842,0.9692420543239699,0.9999000049998333,9.29448409306692e-12
373,0,0,373,1000,0.5,0.95,0.001,0.8306666666666667,0.9733364852796741,0.9999000049998333,2.222474280317864e-12
374,0,0,374,1000,0.5,0.95,0.001,0.8453333333333334,0.9705847872552839,0.9999000049998333,9.741317689600643e-15
375,0,0,375,1000,0.5,0.95,0.001,0.8326666666666667,0.9737296202064691,0.9996000799893344,0.0008016006634314276
376,0,0,376,1000,0.5,0.95,0.001,0.826,0.9722109212127791,0.9996000799893344,9.29448409306692e-12
377,0,0,377,1000,0.5,0.95,0.001,0.826,0.9769300922134038,0.9999000049998333,0.14484370709466704
378,0,0,378,1000,0.5,0.95,0.001,0.82,0.9757147758839293,0.9996000799893344,0.0009400288421806862
379,0,0,379,1000,0.5,0.95,0.001,0.824,0.9736065839620782,0.9975031223974601,0.0005195746821548384
380,0,0,380,1000,0.5,0.95,0.001,0.8266666666666667,0.9753893149009426,0.9996000799893344,0.004387919860797265
381,0,0,381,1000,0.5,0.95,0.001,0.8313333333333334,0.9733810099391688,0.9999000049998333,0.0004917205453989815
382,0,0,382,1000,0.5,0.95,0.001,0.8293333333333334,0.9731165345590841,0.9999000049998333,4.1288801039157497e-13
383,0,0,383,1000,0.5,0.95,0.001,0.8246666666666667,0.9737619054201423,0.9999000049998333,1.0279186430862793e-11
384,0,0,384,1000,0.5,0.95,0.001,0.82,0.9726995595936402,0.9999000049998333,4.593793755418009e-13
385,0,0,385,1000,0.5,0.95,0.001,0.818,0.9742224770943079,0.9999000049998333,0.0008016006634314276
386,0,0,386,1000,0.5,0.95,0.001,0.8113333333333334,0.9744891800687313,0.9999000049998333,0.0007598420311792391
387,0,0,387,1000,0.5,0.95,0.001,0.812,0.9725473375860271,0.9999000049998333,0.0008915937199952196
388,0,0,388,1000,0.5,0.95,0.001,0.802,0.9691413259470655,0.9999000049998333,5.683153139634406e-13
389,0,0,389,1000,0.5,0.95,0.001,0.796,0.9704097137772537,0.9999000049998333,1.136593945408875e-11
390,0,0,390,1000,0.5,0.95,0.001,0.8026666666666666,0.9731524892552238,0.9999000049998333,1.8729898848394072e-11
391,0,0,391,1000,0.5,0.95,0.001,0.802,0.9740671506510227,0.9991004048785274,9.29448409306692e-12
392,0,0,392,1000,0.5,0.95,0.001,0.8046666666666666,0.9722463015993993,0.9999000049998333,1.2565074698305122e-11
393,0,0,393,1000,0.5,0.95,0.001,0.8006666666666666,0.9729136227206784,0.9996000799893344,0.004596776417277874
394,0,0,394,1000,0.5,0.95,0.001,0.8086666666666666,0.9700333894600334,1.0,5.600865368705584e-12
395,0,0,395,1000,0.5,0.95,0.001,0.8146666666666667,0.9747826907924727,0.9991004048785274,0.0008016006634314276
396,0,0,396,1000,0.5,0.95,0.001,0.808,0.973262917244856,1.0,1.0279186430862793e-11
397,0,0,397,1000,0.5,0.95,0.001,0.8173333333333334,0.9719282413295177,0.9999000049998333,5.522529637251578e-11
398,0,0,398,1000,0.5,0.95,0.001,0.83,0.9710900138832047,0.9996000799893344,1.136593945408875e-11
399,0,0,399,1000,0.5,0.95,0.001,0.838,0.9721182030353502,1.0,1.136593945408875e-11
400,0,0,400,1000,0.5,0.95,0.001,0.8266666666666667,0.9737922287676957,1.0,3.710275783094772e-13
401,0,0,401,1000,0.5,0.95,0.001,0.8313333333333334,0.9728205813759861,0.9999000049998333,4.1288801039157497e-13
402,0,0,402,1000,0.5,0.95,0.001,0.8326666666666667,0.971816518718565,0.9991004048785274,1.0279186430862793e-11
403,0,0,403,1000,0.5,0.95,0.001,0.8433333333333334,0.9734926561604449,0.9999000049998333,0.0008016006634314276
404,0,0,404,1000,0.5,0.95,0.001,0.852,0.9745654691663964,0.9996000799893344,0.13313388539428175
405,0,0,405,1000,0.5,0.95,0.001,0.8373333333333334,0.9685764381037114,1.0,0.000646394861629999
406,0,0,406,1000,0.5,0.95,0.001,0.8426666666666667,0.9716308674998358,0.9999000049998333,1.136593945408875e-11
407,0,0,407,1000,0.5,0.95,0.001,0.846,0.971858509040746,0.9999000049998333,9.29448409306692e-12
408,0,0,408,1000,0.5,0.95,0.001,0.85,0.974770836295361,0.9999000049998333,0.12939312864329125
409,0,0,409,1000,0.5,0.95,0.001,0.8433333333333334,0.9733535330349296,1.0,0.000682328052756376
410,0,0,410,1000,0.5,0.95,0.001,0.8133333333333334,0.9756430141229125,1.0,1.3887943864964021e-11
411,0,0,411,1000,0.5,0.95,0.001,0.8153333333333334,0.9736997344635216,0.9996000799893344,1.2565074698305122e-11
412,0,0,412,1000,0.5,0.95,0.001,0.8293333333333334,0.9762262268395037,0.9999000049998333,1.2565074698305122e-11
413,0,0,413,1000,0.5,0.95,0.001,0.8333333333333334,0.9747770804274959,0.9975031223974601,1.2565074698305122e-11
414,0,0,414,1000,0.5,0.95,0.001,0.8426666666666667,0.9748423545366697,0.9991004048785274,1.0279186430862793e-11
415,0,0,415,1000,0.5,0.95,0.001,0.852,0.9752497047177356,0.9975031223974601,9.29448409306692e-12
416,0,0,416,1000,0.5,0.95,0.001,0.8526666666666667,0.9774543867828526,0.9991004048785274,0.12939312864329125
417,0,0,417,1000,0.5,0.95,0.001,0.844,0.9764319223899679,0.9999000049998333,3.710275783094772e-13
418,0,0,418,1000,0.5,0.95,0.001,0.8373333333333334,0.9791628773394486,0.9999000049998333,0.000682328052756376
419,0,0,419,1000,0.5,0.95,0.001,0.848,0.9775009965632807,0.9999000049998333,1.695598918950491e-11
420,0,0,420,1000,0.5,0.95,0.001,0.856,0.9741925161592063,0.9991004048785274,1.136593945408875e-11
421,0,0,421,1000,0.5,0.95,0.001,0.86,0.9743082738916007,0.9999000049998333,1.0279186430862793e-11
422,0,0,422,1000,0.5,0.95,0.001,0.8606666666666667,0.9784135189793689,0.9999000049998333,0.0007201147382282985
423,0,0,423,1000,0.5,0.95,0.001,0.8666666666666667,0.9780734570461372,0.9991004048785274,9.29448409306692e-12
424,0,0,424,1000,0.5,0.95,0.001,0.864,0.9769396235832302,0.9996000799893344,1.0279186430862793e-11
425,0,0,425,1000,0.5,0.95,0.001,0.8653333333333333,0.9787973338724633,0.9984012793176064,0.0008016006634314276
426,0,0,426,1000,0.5,0.95,0.001,0.8793333333333333,0.9771246858867879,0.9996000799893344,1.0279186430862793e-11
427,0,0,427,1000,0.5,0.95,0.001,0.8973333333333333,0.9769321282695537,0.9999000049998333,1.0279186430862793e-11
428,0,0,428,1000,0.5,0.95,0.001,0.902,0.9770370017689326,0.9951119854158298,0.0007598420311792391
429,0,0,429,1000,0.5,0.95,0.001,0.9166666666666666,0.9772449910284912,0.9964064722309933,1.2565074698305122e-11
430,0,0,430,1000,0.5,0.95,0.001,0.9206666666666666,0.9752962646790112,0.9975031223974601,9.29448409306692e-12
431,0,0,431,1000,0.5,0.95,0.001,0.9253333333333333,0.9774194900832075,0.9999000049998333,9.29448409306692e-12
432,0,0,432,1000,0.5,0.95,0.001,0.928,0.9747446650000137,0.9999000049998333,1.2565074698305122e-11
433,0,0,433,1000,0.5,0.95,0.001,0.944,0.9741486263031612,0.9999000049998333,1.0279186430862793e-11
434,0,0,434,1000,0.5,0.95,0.001,0.95,0.9751532058786498,0.9975031223974601,0.0007598420311792391
435,0,0,435,1000,0.5,0.95,0.001,0.9486666666666667,0.9767252022307394,0.9975031223974601,0.14484370709466704
436,0,0,436,1000,0.5,0.95,0.001,0.942,0.9740589797631467,0.9975031223974601,1.2565074698305122e-11
437,0,0,437,1000,0.5,0.95,0.001,0.9493333333333334,0.9723125619941863,0.9999000049998333,9.29448409306692e-12
438,0,0,438,1000,0.5,0.95,0.001,0.948,0.9747062511928735,0.9999000049998333,5.010501565371957e-11
439,0,0,439,1000,0.5,0.95,0.001,0.9433333333333334,0.9763127628569146,0.9999000049998333,0.0008454851105595821
440,0,0,440,1000,0.5,0.95,0.001,0.9486666666666667,0.9750982317867891,0.9975031223974601,1.3887943864964021e-11
441,0,0,441,1000,0.5,0.95,0.001,0.9506666666666667,0.9730229082479797,0.9975031223974601,9.29448409306692e-12
442,0,0,442,1000,0.5,0.95,0.001,0.9453333333333334,0.9710003157850089,0.9975031223974601,2.7830182019669878e-11
443,0,0,443,1000,0.5,0.95,0.001,0.95,0.9733957525891523,0.9975031223974601,1.2565074698305122e-11
444,0,0,444,1000,0.5,0.95,0.001,0.9513333333333334,0.9703995119780967,0.9975031223974601,1.136593945408875e-11
445,0,0,445,1000,0.5,0.95,0.001,0.9446666666666667,0.972949828576448,0.9991004048785274,6.319285885175368e-13
446,0,0,446,1000,0.5,0.95,0.001,0.9453333333333334,0.9747748575483999,0.9975031223974601,1.2565074698305122e-11
447,0,0,447,1000,0.5,0.95,0.001,0.9393333333333334,0.9722612005628991,0.9975031223974601,1.136593945408875e-11
448,0,0,448,1000,0.5,0.95,0.001,0.944,0.9700607204182738,0.9975031223974601,1.2565074698305122e-11
449,0,0,449,1000,0.5,0.95,0.001,0.9433333333333334,0.9769118148980206,0.9999000049998333,0.7308112942200043
450,0,0,450,1000,0.5,0.95,0.001,0.9486666666666667,0.9741885754954037,0.9999000049998333,1.0279186430862793e-11
451,0,0,451,1000,0.5,0.95,0.001,0.9453333333333334,0.9724911431608171,0.9999000049998333,1.136593945408875e-11
452,0,0,452,1000,0.5,0.95,0.001,0.9533333333333334,0.9750496250563465,0.9991004048785274,1.136593945408875e-11
453,0,0,453,1000,0.5,0.95,0.001,0.9473333333333334,0.975559441268184,0.9975031223974601,1.2565074698305122e-11
454,0,0,454,1000,0.5,0.95,0.001,0.9353333333333333,0.9750557343389308,0.9999000049998333,1.2565074698305122e-11
455,0,0,455,1000,0.5,0.95,0.001,0.936,0.9731545180563533,0.9999000049998333,1.8729898848394072e-11
456,0,0,456,1000,0.5,0.95,0.001,0.93,0.9733374086510701,0.9975031223974601,1.2565074698305122e-11
457,0,0,457,1000,0.5,0.95,0.001,0.9246666666666666,0.975881601788796,0.9999000049998333,1.2565074698305122e-11
458,0,0,458,1000,0.5,0.95,0.001,0.934,0.9765203065086546,0.9999000049998333,1.8729898848394072e-11
459,0,0,459,1000,0.5,0.95,0.001,0.9413333333333334,0.9747346073245176,0.9996000799893344,9.29448409306692e-12
460,0,0,460,1000,0.5,0.95,0.001,0.9373333333333334,0.9766403143179528,0.9999000049998333,0.000682328052756376
461,0,0,461,1000,0.5,0.95,0.001,0.9373333333333334,0.9747327239360851,0.9999000049998333,0.0005195746821548384
462,0,0,462,1000,0.5,0.95,0.001,0.9406666666666667,0.9723780779678587,0.9991004048785274,1.2565074698305122e-11
463,0,0,463,1000,0.5,0.95,0.001,0.9586666666666667,0.9761249718047346,0.9999000049998333,0.0005195746821548384
464,0,0,464,1000,0.5,0.95,0.001,0.9546666666666667,0.9775895447591001,0.9999000049998333,0.1489119630011477
465,0,0,465,1000,0.5,0.95,0.001,0.9513333333333334,0.9768204554161284,0.9999000049998333,1.8729898848394072e-11
466,0,0,466,1000,0.5,0.95,0.001,0.9573333333333334,0.9779012232635808,0.9996000799893344,4.1288801039157497e-13
467,0,0,467,1000,0.5,0.95,0.001,0.9486666666666667,0.9721507739999159,0.9996000799893344,1.2565074698305122e-11
468,0,0,468,1000,0.5,0.95,0.001,0.9473333333333334,0.9726513234955808,0.9999000049998333,0.000646394861629999
469,0,0,469,1000,0.5,0.95,0.001,0.9453333333333334,0.973284851224919,0.9999000049998333,4.593793755418009e-13
470,0,0,470,1000,0.5,0.95,0.001,0.942,0.9725253289645279,0.993620436379149,4.121989861814309e-11
471,0,0,471,1000,0.5,0.95,0.001,0.948,0.975911374871019,0.9975031223974601,0.000646394861629999
472,0,0,472,1000,0.5,0.95,0.001,0.95,0.9721435746667552,0.9975031223974601,1.136593945408875e-11
473,0,0,473,1000,0.5,0.95,0.001,0.9506666666666667,0.9738133356348512,0.9975031223974601,9.29448409306692e-12
474,0,0,474,1000,0.5,0.95,0.001,0.9493333333333334,0.9719316761570731,0.9991004048785274,1.5347016892998482e-11
475,0,0,475,1000,0.5,0.95,0.001,0.9513333333333334,0.9735797141899819,0.9999000049998333,1.0279186430862793e-11
476,0,0,476,1000,0.5,0.95,0.001,0.954,0.9691863706477762,0.9999000049998333,9.29448409306692e-12
477,0,0,477,1000,0.5,0.95,0.001,0.9586666666666667,0.9675123314572958,0.9996000799893344,1.5347016892998482e-11
478,0,0,478,1000,0.5,0.95,0.001,0.962,0.9723261089764395,0.9999000049998333,0.0008016006634314276
479,0,0,479,1000,0.5,0.95,0.001,0.9673333333333334,0.9734849316936125,0.9999000049998333,0.14484370709466704
480,0,0,480,1000,0.5,0.95,0.001,0.968,0.970551525989884,0.9999000049998333,2.319522830243586e-16
481,0,0,481,1000,0.5,0.95,0.001,0.9713333333333334,0.9699532147927135,0.9999000049998333,1.2565074698305122e-11
482,0,0,482,1000,0.5,0.95,0.001,0.974,0.9728909869326295,0.9999000049998333,6.085665105518354e-11
483,0,0,483,1000,0.5,0.95,0.001,0.968,0.9727180475091262,1.0,0.0008915937199952196
484,0,0,484,1000,0.5,0.95,0.001,0.972,0.9704500709204946,0.9999000049998333,1.2565074698305122e-11
485,0,0,485,1000,0.5,0.95,0.001,0.9646666666666667,0.9700957946835638,0.9999000049998333,1.0279186430862793e-11
486,0,0,486,1000,0.5,0.95,0.001,0.962,0.9728491796981454,0.9999000049998333,0.0008016006634314276
487,0,0,487,1000,0.5,0.95,0.001,0.9666666666666667,0.9754099711998245,0.9999000049998333,1.0279186430862793e-11
488,0,0,488,1000,0.5,0.95,0.001,0.9686666666666667,0.974560460295103,0.9999000049998333,1.0279186430862793e-11
489,0,0,489,1000,0.5,0.95,0.001,0.9686666666666667,0.9707045159970612,0.9999000049998333,1.5347016892998482e-11
490,0,0,490,1000,0.5,0.95,0.001,0.9693333333333334,0.9744457375438875,0.9991004048785274,3.710275783094772e-13
491,0,0,491,1000,0.5,0.95,0.001,0.97,0.974545995214621,0.9999000049998333,0.0003936690406550776
492,0,0,492,1000,0.5,0.95,0.001,0.97,0.9712693631186071,0.9999000049998333,2.0035510194454984e-12
493,0,0,493,1000,0.5,0.95,0.001,0.9753333333333334,0.9738428821021758,0.9996000799893344,9.29448409306692e-12
494,0,0,494,1000,0.5,0.95,0.001,0.974,0.970071191384653,0.9999000049998333,9.29448409306692e-12
495,0,0,495,1000,0.5,0.95,0.001,0.9746666666666667,0.9746817970324494,0.9999000049998333,0.0008915937199952196
496,0,0,496,1000,0.5,0.95,0.001,0.9686666666666667,0.9747343902609275,0.9999000049998333,0.000682328052756376
497,0,0,497,1000,0.5,0.95,0.001,0.9613333333333334,0.9760292505700663,0.9999000049998333,8.133863475611782e-11
498,0,0,498,1000,0.5,0.95,0.001,0.9673333333333334,0.9759248298504047,0.9999000049998333,0.0008915937199952196
499,0,0,499,1000,0.5,0.95,0.001,0.9666666666666667,0.9709453905050014,0.9991004048785274,4.1288801039157497e-13
500,0,0,500,1000,0.5,0.95,0.001,0.97,0.9748713516893006,0.9999000049998333,0.0008454851105595821
