,RunId,iteration,Step,N,r,dr,mr,altruistic fraction
0,0,0,0,1000,0.5,0.95,0.0001,0.4693333333333333
1,0,0,1,1000,0.5,0.95,0.0001,0.47533333333333333
2,0,0,2,1000,0.5,0.95,0.0001,0.4613333333333333
3,0,0,3,1000,0.5,0.95,0.0001,0.458
4,0,0,4,1000,0.5,0.95,0.0001,0.4533333333333333
5,0,0,5,1000,0.5,0.95,0.0001,0.4766666666666667
6,0,0,6,1000,0.5,0.95,0.0001,0.4713333333333333
7,0,0,7,1000,0.5,0.95,0.0001,0.45
8,0,0,8,1000,0.5,0.95,0.0001,0.45466666666666666
9,0,0,9,1000,0.5,0.95,0.0001,0.4766666666666667
10,0,0,10,1000,0.5,0.95,0.0001,0.462
11,0,0,11,1000,0.5,0.95,0.0001,0.4746666666666667
12,0,0,12,1000,0.5,0.95,0.0001,0.48733333333333334
13,0,0,13,1000,0.5,0.95,0.0001,0.51
14,0,0,14,1000,0.5,0.95,0.0001,0.5013333333333333
15,0,0,15,1000,0.5,0.95,0.0001,0.48333333333333334
16,0,0,16,1000,0.5,0.95,0.0001,0.4866666666666667
17,0,0,17,1000,0.5,0.95,0.0001,0.48933333333333334
18,0,0,18,1000,0.5,0.95,0.0001,0.49666666666666665
19,0,0,19,1000,0.5,0.95,0.0001,0.5126666666666667
20,0,0,20,1000,0.5,0.95,0.0001,0.5086666666666667
21,0,0,21,1000,0.5,0.95,0.0001,0.49133333333333334
22,0,0,22,1000,0.5,0.95,0.0001,0.5066666666666667
23,0,0,23,1000,0.5,0.95,0.0001,0.506
24,0,0,24,1000,0.5,0.95,0.0001,0.498
25,0,0,25,1000,0.5,0.95,0.0001,0.4686666666666667
26,0,0,26,1000,0.5,0.95,0.0001,0.4886666666666667
27,0,0,27,1000,0.5,0.95,0.0001,0.488
28,0,0,28,1000,0.5,0.95,0.0001,0.49733333333333335
29,0,0,29,1000,0.5,0.95,0.0001,0.4806666666666667
30,0,0,30,1000,0.5,0.95,0.0001,0.482
31,0,0,31,1000,0.5,0.95,0.0001,0.4766666666666667
32,0,0,32,1000,0.5,0.95,0.0001,0.46
33,0,0,33,1000,0.5,0.95,0.0001,0.44533333333333336
34,0,0,34,1000,0.5,0.95,0.0001,0.43533333333333335
35,0,0,35,1000,0.5,0.95,0.0001,0.4493333333333333
36,0,0,36,1000,0.5,0.95,0.0001,0.4573333333333333
37,0,0,37,1000,0.5,0.95,0.0001,0.448
38,0,0,38,1000,0.5,0.95,0.0001,0.43866666666666665
39,0,0,39,1000,0.5,0.95,0.0001,0.45
40,0,0,40,1000,0.5,0.95,0.0001,0.43666666666666665
41,0,0,41,1000,0.5,0.95,0.0001,0.4493333333333333
42,0,0,42,1000,0.5,0.95,0.0001,0.466
43,0,0,43,1000,0.5,0.95,0.0001,0.48333333333333334
44,0,0,44,1000,0.5,0.95,0.0001,0.4713333333333333
45,0,0,45,1000,0.5,0.95,0.0001,0.47
46,0,0,46,1000,0.5,0.95,0.0001,0.45866666666666667
47,0,0,47,1000,0.5,0.95,0.0001,0.466
48,0,0,48,1000,0.5,0.95,0.0001,0.4593333333333333
49,0,0,49,1000,0.5,0.95,0.0001,0.46
50,0,0,50,1000,0.5,0.95,0.0001,0.46066666666666667
51,0,0,51,1000,0.5,0.95,0.0001,0.474
52,0,0,52,1000,0.5,0.95,0.0001,0.49133333333333334
53,0,0,53,1000,0.5,0.95,0.0001,0.472
54,0,0,54,1000,0.5,0.95,0.0001,0.49533333333333335
55,0,0,55,1000,0.5,0.95,0.0001,0.498
56,0,0,56,1000,0.5,0.95,0.0001,0.5153333333333333
57,0,0,57,1000,0.5,0.95,0.0001,0.5146666666666667
58,0,0,58,1000,0.5,0.95,0.0001,0.49266666666666664
59,0,0,59,1000,0.5,0.95,0.0001,0.5
60,0,0,60,1000,0.5,0.95,0.0001,0.478
61,0,0,61,1000,0.5,0.95,0.0001,0.5053333333333333
62,0,0,62,1000,0.5,0.95,0.0001,0.5253333333333333
63,0,0,63,1000,0.5,0.95,0.0001,0.5213333333333333
64,0,0,64,1000,0.5,0.95,0.0001,0.5353333333333333
65,0,0,65,1000,0.5,0.95,0.0001,0.5533333333333333
66,0,0,66,1000,0.5,0.95,0.0001,0.552
67,0,0,67,1000,0.5,0.95,0.0001,0.5553333333333333
68,0,0,68,1000,0.5,0.95,0.0001,0.552
69,0,0,69,1000,0.5,0.95,0.0001,0.5466666666666666
70,0,0,70,1000,0.5,0.95,0.0001,0.5553333333333333
71,0,0,71,1000,0.5,0.95,0.0001,0.5413333333333333
72,0,0,72,1000,0.5,0.95,0.0001,0.5426666666666666
73,0,0,73,1000,0.5,0.95,0.0001,0.5586666666666666
74,0,0,74,1000,0.5,0.95,0.0001,0.5453333333333333
75,0,0,75,1000,0.5,0.95,0.0001,0.536
76,0,0,76,1000,0.5,0.95,0.0001,0.5406666666666666
77,0,0,77,1000,0.5,0.95,0.0001,0.536
78,0,0,78,1000,0.5,0.95,0.0001,0.5373333333333333
79,0,0,79,1000,0.5,0.95,0.0001,0.5273333333333333
80,0,0,80,1000,0.5,0.95,0.0001,0.5246666666666666
81,0,0,81,1000,0.5,0.95,0.0001,0.5193333333333333
82,0,0,82,1000,0.5,0.95,0.0001,0.5333333333333333
83,0,0,83,1000,0.5,0.95,0.0001,0.5353333333333333
84,0,0,84,1000,0.5,0.95,0.0001,0.5673333333333334
85,0,0,85,1000,0.5,0.95,0.0001,0.5746666666666667
86,0,0,86,1000,0.5,0.95,0.0001,0.558
87,0,0,87,1000,0.5,0.95,0.0001,0.5326666666666666
88,0,0,88,1000,0.5,0.95,0.0001,0.5246666666666666
89,0,0,89,1000,0.5,0.95,0.0001,0.518
90,0,0,90,1000,0.5,0.95,0.0001,0.5226666666666666
91,0,0,91,1000,0.5,0.95,0.0001,0.5073333333333333
92,0,0,92,1000,0.5,0.95,0.0001,0.49266666666666664
93,0,0,93,1000,0.5,0.95,0.0001,0.506
94,0,0,94,1000,0.5,0.95,0.0001,0.5106666666666667
95,0,0,95,1000,0.5,0.95,0.0001,0.504
96,0,0,96,1000,0.5,0.95,0.0001,0.5313333333333333
97,0,0,97,1000,0.5,0.95,0.0001,0.5206666666666667
98,0,0,98,1000,0.5,0.95,0.0001,0.5066666666666667
99,0,0,99,1000,0.5,0.95,0.0001,0.5106666666666667
100,0,0,100,1000,0.5,0.95,0.0001,0.49866666666666665
101,0,0,101,1000,0.5,0.95,0.0001,0.5133333333333333
102,0,0,102,1000,0.5,0.95,0.0001,0.5086666666666667
103,0,0,103,1000,0.5,0.95,0.0001,0.5113333333333333
104,0,0,104,1000,0.5,0.95,0.0001,0.49733333333333335
105,0,0,105,1000,0.5,0.95,0.0001,0.5173333333333333
106,0,0,106,1000,0.5,0.95,0.0001,0.52
107,0,0,107,1000,0.5,0.95,0.0001,0.552
108,0,0,108,1000,0.5,0.95,0.0001,0.5586666666666666
109,0,0,109,1000,0.5,0.95,0.0001,0.5486666666666666
110,0,0,110,1000,0.5,0.95,0.0001,0.558
111,0,0,111,1000,0.5,0.95,0.0001,0.5606666666666666
112,0,0,112,1000,0.5,0.95,0.0001,0.568
113,0,0,113,1000,0.5,0.95,0.0001,0.5626666666666666
114,0,0,114,1000,0.5,0.95,0.0001,0.564
115,0,0,115,1000,0.5,0.95,0.0001,0.568
116,0,0,116,1000,0.5,0.95,0.0001,0.568
117,0,0,117,1000,0.5,0.95,0.0001,0.5593333333333333
118,0,0,118,1000,0.5,0.95,0.0001,0.5346666666666666
119,0,0,119,1000,0.5,0.95,0.0001,0.53
120,0,0,120,1000,0.5,0.95,0.0001,0.532
121,0,0,121,1000,0.5,0.95,0.0001,0.5286666666666666
122,0,0,122,1000,0.5,0.95,0.0001,0.5153333333333333
123,0,0,123,1000,0.5,0.95,0.0001,0.5273333333333333
124,0,0,124,1000,0.5,0.95,0.0001,0.5153333333333333
125,0,0,125,1000,0.5,0.95,0.0001,0.54
126,0,0,126,1000,0.5,0.95,0.0001,0.54
127,0,0,127,1000,0.5,0.95,0.0001,0.532
128,0,0,128,1000,0.5,0.95,0.0001,0.526
129,0,0,129,1000,0.5,0.95,0.0001,0.516
130,0,0,130,1000,0.5,0.95,0.0001,0.5066666666666667
131,0,0,131,1000,0.5,0.95,0.0001,0.49733333333333335
132,0,0,132,1000,0.5,0.95,0.0001,0.496
133,0,0,133,1000,0.5,0.95,0.0001,0.51
134,0,0,134,1000,0.5,0.95,0.0001,0.49466666666666664
135,0,0,135,1000,0.5,0.95,0.0001,0.48733333333333334
136,0,0,136,1000,0.5,0.95,0.0001,0.47733333333333333
137,0,0,137,1000,0.5,0.95,0.0001,0.46266666666666667
138,0,0,138,1000,0.5,0.95,0.0001,0.4653333333333333
139,0,0,139,1000,0.5,0.95,0.0001,0.464
140,0,0,140,1000,0.5,0.95,0.0001,0.46
141,0,0,141,1000,0.5,0.95,0.0001,0.4593333333333333
142,0,0,142,1000,0.5,0.95,0.0001,0.45866666666666667
143,0,0,143,1000,0.5,0.95,0.0001,0.43866666666666665
144,0,0,144,1000,0.5,0.95,0.0001,0.454
145,0,0,145,1000,0.5,0.95,0.0001,0.45466666666666666
146,0,0,146,1000,0.5,0.95,0.0001,0.44466666666666665
147,0,0,147,1000,0.5,0.95,0.0001,0.47533333333333333
148,0,0,148,1000,0.5,0.95,0.0001,0.45866666666666667
149,0,0,149,1000,0.5,0.95,0.0001,0.48133333333333334
150,0,0,150,1000,0.5,0.95,0.0001,0.49333333333333335
151,0,0,151,1000,0.5,0.95,0.0001,0.492
152,0,0,152,1000,0.5,0.95,0.0001,0.488
153,0,0,153,1000,0.5,0.95,0.0001,0.482
154,0,0,154,1000,0.5,0.95,0.0001,0.48533333333333334
155,0,0,155,1000,0.5,0.95,0.0001,0.4666666666666667
156,0,0,156,1000,0.5,0.95,0.0001,0.48133333333333334
157,0,0,157,1000,0.5,0.95,0.0001,0.48333333333333334
158,0,0,158,1000,0.5,0.95,0.0001,0.46266666666666667
159,0,0,159,1000,0.5,0.95,0.0001,0.4646666666666667
160,0,0,160,1000,0.5,0.95,0.0001,0.4646666666666667
161,0,0,161,1000,0.5,0.95,0.0001,0.4633333333333333
162,0,0,162,1000,0.5,0.95,0.0001,0.4633333333333333
163,0,0,163,1000,0.5,0.95,0.0001,0.4573333333333333
164,0,0,164,1000,0.5,0.95,0.0001,0.4613333333333333
165,0,0,165,1000,0.5,0.95,0.0001,0.456
166,0,0,166,1000,0.5,0.95,0.0001,0.44666666666666666
167,0,0,167,1000,0.5,0.95,0.0001,0.448
168,0,0,168,1000,0.5,0.95,0.0001,0.44266666666666665
169,0,0,169,1000,0.5,0.95,0.0001,0.426
170,0,0,170,1000,0.5,0.95,0.0001,0.43333333333333335
171,0,0,171,1000,0.5,0.95,0.0001,0.43666666666666665
172,0,0,172,1000,0.5,0.95,0.0001,0.42
173,0,0,173,1000,0.5,0.95,0.0001,0.426
174,0,0,174,1000,0.5,0.95,0.0001,0.43333333333333335
175,0,0,175,1000,0.5,0.95,0.0001,0.42733333333333334
176,0,0,176,1000,0.5,0.95,0.0001,0.42733333333333334
177,0,0,177,1000,0.5,0.95,0.0001,0.42733333333333334
178,0,0,178,1000,0.5,0.95,0.0001,0.42533333333333334
179,0,0,179,1000,0.5,0.95,0.0001,0.41933333333333334
180,0,0,180,1000,0.5,0.95,0.0001,0.4146666666666667
181,0,0,181,1000,0.5,0.95,0.0001,0.4066666666666667
182,0,0,182,1000,0.5,0.95,0.0001,0.4053333333333333
183,0,0,183,1000,0.5,0.95,0.0001,0.4046666666666667
184,0,0,184,1000,0.5,0.95,0.0001,0.41533333333333333
185,0,0,185,1000,0.5,0.95,0.0001,0.428
186,0,0,186,1000,0.5,0.95,0.0001,0.3973333333333333
187,0,0,187,1000,0.5,0.95,0.0001,0.412
188,0,0,188,1000,0.5,0.95,0.0001,0.4086666666666667
189,0,0,189,1000,0.5,0.95,0.0001,0.4073333333333333
190,0,0,190,1000,0.5,0.95,0.0001,0.412
191,0,0,191,1000,0.5,0.95,0.0001,0.402
192,0,0,192,1000,0.5,0.95,0.0001,0.39866666666666667
193,0,0,193,1000,0.5,0.95,0.0001,0.41333333333333333
194,0,0,194,1000,0.5,0.95,0.0001,0.412
195,0,0,195,1000,0.5,0.95,0.0001,0.41733333333333333
196,0,0,196,1000,0.5,0.95,0.0001,0.41533333333333333
197,0,0,197,1000,0.5,0.95,0.0001,0.3933333333333333
198,0,0,198,1000,0.5,0.95,0.0001,0.37666666666666665
199,0,0,199,1000,0.5,0.95,0.0001,0.378
200,0,0,200,1000,0.5,0.95,0.0001,0.376
201,0,0,201,1000,0.5,0.95,0.0001,0.3873333333333333
202,0,0,202,1000,0.5,0.95,0.0001,0.4033333333333333
203,0,0,203,1000,0.5,0.95,0.0001,0.3973333333333333
204,0,0,204,1000,0.5,0.95,0.0001,0.3993333333333333
205,0,0,205,1000,0.5,0.95,0.0001,0.396
206,0,0,206,1000,0.5,0.95,0.0001,0.412
207,0,0,207,1000,0.5,0.95,0.0001,0.412
208,0,0,208,1000,0.5,0.95,0.0001,0.39266666666666666
209,0,0,209,1000,0.5,0.95,0.0001,0.40066666666666667
210,0,0,210,1000,0.5,0.95,0.0001,0.394
211,0,0,211,1000,0.5,0.95,0.0001,0.39466666666666667
212,0,0,212,1000,0.5,0.95,0.0001,0.3973333333333333
213,0,0,213,1000,0.5,0.95,0.0001,0.4073333333333333
214,0,0,214,1000,0.5,0.95,0.0001,0.392
215,0,0,215,1000,0.5,0.95,0.0001,0.4
216,0,0,216,1000,0.5,0.95,0.0001,0.41133333333333333
217,0,0,217,1000,0.5,0.95,0.0001,0.4106666666666667
218,0,0,218,1000,0.5,0.95,0.0001,0.4053333333333333
219,0,0,219,1000,0.5,0.95,0.0001,0.42
220,0,0,220,1000,0.5,0.95,0.0001,0.4266666666666667
221,0,0,221,1000,0.5,0.95,0.0001,0.4146666666666667
222,0,0,222,1000,0.5,0.95,0.0001,0.4093333333333333
223,0,0,223,1000,0.5,0.95,0.0001,0.402
224,0,0,224,1000,0.5,0.95,0.0001,0.38866666666666666
225,0,0,225,1000,0.5,0.95,0.0001,0.36733333333333335
226,0,0,226,1000,0.5,0.95,0.0001,0.368
227,0,0,227,1000,0.5,0.95,0.0001,0.352
228,0,0,228,1000,0.5,0.95,0.0001,0.328
229,0,0,229,1000,0.5,0.95,0.0001,0.348
230,0,0,230,1000,0.5,0.95,0.0001,0.362
231,0,0,231,1000,0.5,0.95,0.0001,0.38666666666666666
232,0,0,232,1000,0.5,0.95,0.0001,0.408
233,0,0,233,1000,0.5,0.95,0.0001,0.3993333333333333
234,0,0,234,1000,0.5,0.95,0.0001,0.4026666666666667
235,0,0,235,1000,0.5,0.95,0.0001,0.39466666666666667
236,0,0,236,1000,0.5,0.95,0.0001,0.4026666666666667
237,0,0,237,1000,0.5,0.95,0.0001,0.39066666666666666
238,0,0,238,1000,0.5,0.95,0.0001,0.39
239,0,0,239,1000,0.5,0.95,0.0001,0.4073333333333333
240,0,0,240,1000,0.5,0.95,0.0001,0.402
241,0,0,241,1000,0.5,0.95,0.0001,0.4073333333333333
242,0,0,242,1000,0.5,0.95,0.0001,0.39466666666666667
243,0,0,243,1000,0.5,0.95,0.0001,0.37666666666666665
244,0,0,244,1000,0.5,0.95,0.0001,0.38266666666666665
245,0,0,245,1000,0.5,0.95,0.0001,0.37666666666666665
246,0,0,246,1000,0.5,0.95,0.0001,0.3486666666666667
247,0,0,247,1000,0.5,0.95,0.0001,0.352
248,0,0,248,1000,0.5,0.95,0.0001,0.35533333333333333
249,0,0,249,1000,0.5,0.95,0.0001,0.354
250,0,0,250,1000,0.5,0.95,0.0001,0.37333333333333335
251,0,0,251,1000,0.5,0.95,0.0001,0.378
252,0,0,252,1000,0.5,0.95,0.0001,0.402
253,0,0,253,1000,0.5,0.95,0.0001,0.4086666666666667
254,0,0,254,1000,0.5,0.95,0.0001,0.428
255,0,0,255,1000,0.5,0.95,0.0001,0.42
256,0,0,256,1000,0.5,0.95,0.0001,0.4266666666666667
257,0,0,257,1000,0.5,0.95,0.0001,0.422
258,0,0,258,1000,0.5,0.95,0.0001,0.42333333333333334
259,0,0,259,1000,0.5,0.95,0.0001,0.418
260,0,0,260,1000,0.5,0.95,0.0001,0.4246666666666667
261,0,0,261,1000,0.5,0.95,0.0001,0.4226666666666667
262,0,0,262,1000,0.5,0.95,0.0001,0.4106666666666667
263,0,0,263,1000,0.5,0.95,0.0001,0.41733333333333333
264,0,0,264,1000,0.5,0.95,0.0001,0.4226666666666667
265,0,0,265,1000,0.5,0.95,0.0001,0.4266666666666667
266,0,0,266,1000,0.5,0.95,0.0001,0.40066666666666667
267,0,0,267,1000,0.5,0.95,0.0001,0.3953333333333333
268,0,0,268,1000,0.5,0.95,0.0001,0.3993333333333333
269,0,0,269,1000,0.5,0.95,0.0001,0.4053333333333333
270,0,0,270,1000,0.5,0.95,0.0001,0.4086666666666667
271,0,0,271,1000,0.5,0.95,0.0001,0.4026666666666667
272,0,0,272,1000,0.5,0.95,0.0001,0.396
273,0,0,273,1000,0.5,0.95,0.0001,0.402
274,0,0,274,1000,0.5,0.95,0.0001,0.408
275,0,0,275,1000,0.5,0.95,0.0001,0.436
276,0,0,276,1000,0.5,0.95,0.0001,0.448
277,0,0,277,1000,0.5,0.95,0.0001,0.44
278,0,0,278,1000,0.5,0.95,0.0001,0.4593333333333333
279,0,0,279,1000,0.5,0.95,0.0001,0.4693333333333333
280,0,0,280,1000,0.5,0.95,0.0001,0.43933333333333335
281,0,0,281,1000,0.5,0.95,0.0001,0.43666666666666665
282,0,0,282,1000,0.5,0.95,0.0001,0.42866666666666664
283,0,0,283,1000,0.5,0.95,0.0001,0.424
284,0,0,284,1000,0.5,0.95,0.0001,0.432
285,0,0,285,1000,0.5,0.95,0.0001,0.43733333333333335
286,0,0,286,1000,0.5,0.95,0.0001,0.44533333333333336
287,0,0,287,1000,0.5,0.95,0.0001,0.4513333333333333
288,0,0,288,1000,0.5,0.95,0.0001,0.45666666666666667
289,0,0,289,1000,0.5,0.95,0.0001,0.4646666666666667
290,0,0,290,1000,0.5,0.95,0.0001,0.4886666666666667
291,0,0,291,1000,0.5,0.95,0.0001,0.48733333333333334
292,0,0,292,1000,0.5,0.95,0.0001,0.504
293,0,0,293,1000,0.5,0.95,0.0001,0.492
294,0,0,294,1000,0.5,0.95,0.0001,0.4886666666666667
295,0,0,295,1000,0.5,0.95,0.0001,0.5053333333333333
296,0,0,296,1000,0.5,0.95,0.0001,0.5073333333333333
297,0,0,297,1000,0.5,0.95,0.0001,0.5073333333333333
298,0,0,298,1000,0.5,0.95,0.0001,0.528
299,0,0,299,1000,0.5,0.95,0.0001,0.536
300,0,0,300,1000,0.5,0.95,0.0001,0.5313333333333333
301,0,0,301,1000,0.5,0.95,0.0001,0.542
302,0,0,302,1000,0.5,0.95,0.0001,0.5493333333333333
303,0,0,303,1000,0.5,0.95,0.0001,0.5333333333333333
304,0,0,304,1000,0.5,0.95,0.0001,0.528
305,0,0,305,1000,0.5,0.95,0.0001,0.53
306,0,0,306,1000,0.5,0.95,0.0001,0.5553333333333333
307,0,0,307,1000,0.5,0.95,0.0001,0.5346666666666666
308,0,0,308,1000,0.5,0.95,0.0001,0.5166666666666667
309,0,0,309,1000,0.5,0.95,0.0001,0.5193333333333333
310,0,0,310,1000,0.5,0.95,0.0001,0.5293333333333333
311,0,0,311,1000,0.5,0.95,0.0001,0.526
312,0,0,312,1000,0.5,0.95,0.0001,0.5373333333333333
313,0,0,313,1000,0.5,0.95,0.0001,0.534
314,0,0,314,1000,0.5,0.95,0.0001,0.5393333333333333
315,0,0,315,1000,0.5,0.95,0.0001,0.5246666666666666
316,0,0,316,1000,0.5,0.95,0.0001,0.5266666666666666
317,0,0,317,1000,0.5,0.95,0.0001,0.55
318,0,0,318,1000,0.5,0.95,0.0001,0.524
319,0,0,319,1000,0.5,0.95,0.0001,0.53
320,0,0,320,1000,0.5,0.95,0.0001,0.5253333333333333
321,0,0,321,1000,0.5,0.95,0.0001,0.5133333333333333
322,0,0,322,1000,0.5,0.95,0.0001,0.5133333333333333
323,0,0,323,1000,0.5,0.95,0.0001,0.5253333333333333
324,0,0,324,1000,0.5,0.95,0.0001,0.552
325,0,0,325,1000,0.5,0.95,0.0001,0.5413333333333333
326,0,0,326,1000,0.5,0.95,0.0001,0.534
327,0,0,327,1000,0.5,0.95,0.0001,0.538
328,0,0,328,1000,0.5,0.95,0.0001,0.544
329,0,0,329,1000,0.5,0.95,0.0001,0.5493333333333333
330,0,0,330,1000,0.5,0.95,0.0001,0.5493333333333333
331,0,0,331,1000,0.5,0.95,0.0001,0.538
332,0,0,332,1000,0.5,0.95,0.0001,0.5293333333333333
333,0,0,333,1000,0.5,0.95,0.0001,0.54
334,0,0,334,1000,0.5,0.95,0.0001,0.5413333333333333
335,0,0,335,1000,0.5,0.95,0.0001,0.5486666666666666
336,0,0,336,1000,0.5,0.95,0.0001,0.5326666666666666
337,0,0,337,1000,0.5,0.95,0.0001,0.526
338,0,0,338,1000,0.5,0.95,0.0001,0.5193333333333333
339,0,0,339,1000,0.5,0.95,0.0001,0.5046666666666667
340,0,0,340,1000,0.5,0.95,0.0001,0.4846666666666667
341,0,0,341,1000,0.5,0.95,0.0001,0.4713333333333333
342,0,0,342,1000,0.5,0.95,0.0001,0.4726666666666667
343,0,0,343,1000,0.5,0.95,0.0001,0.488
344,0,0,344,1000,0.5,0.95,0.0001,0.49333333333333335
345,0,0,345,1000,0.5,0.95,0.0001,0.498
346,0,0,346,1000,0.5,0.95,0.0001,0.48333333333333334
347,0,0,347,1000,0.5,0.95,0.0001,0.474
348,0,0,348,1000,0.5,0.95,0.0001,0.4886666666666667
349,0,0,349,1000,0.5,0.95,0.0001,0.49333333333333335
350,0,0,350,1000,0.5,0.95,0.0001,0.506
351,0,0,351,1000,0.5,0.95,0.0001,0.506
352,0,0,352,1000,0.5,0.95,0.0001,0.49466666666666664
353,0,0,353,1000,0.5,0.95,0.0001,0.5
354,0,0,354,1000,0.5,0.95,0.0001,0.5046666666666667
355,0,0,355,1000,0.5,0.95,0.0001,0.504
356,0,0,356,1000,0.5,0.95,0.0001,0.526
357,0,0,357,1000,0.5,0.95,0.0001,0.522
358,0,0,358,1000,0.5,0.95,0.0001,0.518
359,0,0,359,1000,0.5,0.95,0.0001,0.5126666666666667
360,0,0,360,1000,0.5,0.95,0.0001,0.5466666666666666
361,0,0,361,1000,0.5,0.95,0.0001,0.5613333333333334
362,0,0,362,1000,0.5,0.95,0.0001,0.588
363,0,0,363,1000,0.5,0.95,0.0001,0.592
364,0,0,364,1000,0.5,0.95,0.0001,0.5726666666666667
365,0,0,365,1000,0.5,0.95,0.0001,0.5806666666666667
366,0,0,366,1000,0.5,0.95,0.0001,0.5666666666666667
367,0,0,367,1000,0.5,0.95,0.0001,0.5713333333333334
368,0,0,368,1000,0.5,0.95,0.0001,0.5706666666666667
369,0,0,369,1000,0.5,0.95,0.0001,0.5586666666666666
370,0,0,370,1000,0.5,0.95,0.0001,0.5853333333333334
371,0,0,371,1000,0.5,0.95,0.0001,0.5953333333333334
372,0,0,372,1000,0.5,0.95,0.0001,0.626
373,0,0,373,1000,0.5,0.95,0.0001,0.6253333333333333
374,0,0,374,1000,0.5,0.95,0.0001,0.6266666666666667
375,0,0,375,1000,0.5,0.95,0.0001,0.6253333333333333
376,0,0,376,1000,0.5,0.95,0.0001,0.628
377,0,0,377,1000,0.5,0.95,0.0001,0.6213333333333333
378,0,0,378,1000,0.5,0.95,0.0001,0.622
379,0,0,379,1000,0.5,0.95,0.0001,0.6126666666666667
380,0,0,380,1000,0.5,0.95,0.0001,0.5873333333333334
381,0,0,381,1000,0.5,0.95,0.0001,0.5786666666666667
382,0,0,382,1000,0.5,0.95,0.0001,0.5853333333333334
383,0,0,383,1000,0.5,0.95,0.0001,0.6086666666666667
384,0,0,384,1000,0.5,0.95,0.0001,0.606
385,0,0,385,1000,0.5,0.95,0.0001,0.612
386,0,0,386,1000,0.5,0.95,0.0001,0.606
387,0,0,387,1000,0.5,0.95,0.0001,0.6266666666666667
388,0,0,388,1000,0.5,0.95,0.0001,0.6253333333333333
389,0,0,389,1000,0.5,0.95,0.0001,0.6146666666666667
390,0,0,390,1000,0.5,0.95,0.0001,0.598
391,0,0,391,1000,0.5,0.95,0.0001,0.604
392,0,0,392,1000,0.5,0.95,0.0001,0.6053333333333333
393,0,0,393,1000,0.5,0.95,0.0001,0.622
394,0,0,394,1000,0.5,0.95,0.0001,0.618
395,0,0,395,1000,0.5,0.95,0.0001,0.6333333333333333
396,0,0,396,1000,0.5,0.95,0.0001,0.638
397,0,0,397,1000,0.5,0.95,0.0001,0.66
398,0,0,398,1000,0.5,0.95,0.0001,0.67
399,0,0,399,1000,0.5,0.95,0.0001,0.69
400,0,0,400,1000,0.5,0.95,0.0001,0.6906666666666667
401,0,0,401,1000,0.5,0.95,0.0001,0.696
402,0,0,402,1000,0.5,0.95,0.0001,0.6986666666666667
403,0,0,403,1000,0.5,0.95,0.0001,0.6826666666666666
404,0,0,404,1000,0.5,0.95,0.0001,0.6653333333333333
405,0,0,405,1000,0.5,0.95,0.0001,0.6633333333333333
406,0,0,406,1000,0.5,0.95,0.0001,0.6726666666666666
407,0,0,407,1000,0.5,0.95,0.0001,0.67
408,0,0,408,1000,0.5,0.95,0.0001,0.6733333333333333
409,0,0,409,1000,0.5,0.95,0.0001,0.6886666666666666
410,0,0,410,1000,0.5,0.95,0.0001,0.702
411,0,0,411,1000,0.5,0.95,0.0001,0.7013333333333334
412,0,0,412,1000,0.5,0.95,0.0001,0.686
413,0,0,413,1000,0.5,0.95,0.0001,0.704
414,0,0,414,1000,0.5,0.95,0.0001,0.6906666666666667
415,0,0,415,1000,0.5,0.95,0.0001,0.698
416,0,0,416,1000,0.5,0.95,0.0001,0.696
417,0,0,417,1000,0.5,0.95,0.0001,0.7093333333333334
418,0,0,418,1000,0.5,0.95,0.0001,0.68
419,0,0,419,1000,0.5,0.95,0.0001,0.684
420,0,0,420,1000,0.5,0.95,0.0001,0.6733333333333333
421,0,0,421,1000,0.5,0.95,0.0001,0.6793333333333333
422,0,0,422,1000,0.5,0.95,0.0001,0.678
423,0,0,423,1000,0.5,0.95,0.0001,0.6533333333333333
424,0,0,424,1000,0.5,0.95,0.0001,0.6426666666666667
425,0,0,425,1000,0.5,0.95,0.0001,0.6573333333333333
426,0,0,426,1000,0.5,0.95,0.0001,0.6446666666666667
427,0,0,427,1000,0.5,0.95,0.0001,0.642
428,0,0,428,1000,0.5,0.95,0.0001,0.6353333333333333
429,0,0,429,1000,0.5,0.95,0.0001,0.6333333333333333
430,0,0,430,1000,0.5,0.95,0.0001,0.6426666666666667
431,0,0,431,1000,0.5,0.95,0.0001,0.6513333333333333
432,0,0,432,1000,0.5,0.95,0.0001,0.648
433,0,0,433,1000,0.5,0.95,0.0001,0.642
434,0,0,434,1000,0.5,0.95,0.0001,0.6433333333333333
435,0,0,435,1000,0.5,0.95,0.0001,0.6626666666666666
436,0,0,436,1000,0.5,0.95,0.0001,0.6793333333333333
437,0,0,437,1000,0.5,0.95,0.0001,0.6873333333333334
438,0,0,438,1000,0.5,0.95,0.0001,0.6866666666666666
439,0,0,439,1000,0.5,0.95,0.0001,0.674
440,0,0,440,1000,0.5,0.95,0.0001,0.6793333333333333
441,0,0,441,1000,0.5,0.95,0.0001,0.678
442,0,0,442,1000,0.5,0.95,0.0001,0.682
443,0,0,443,1000,0.5,0.95,0.0001,0.682
444,0,0,444,1000,0.5,0.95,0.0001,0.672
445,0,0,445,1000,0.5,0.95,0.0001,0.6773333333333333
446,0,0,446,1000,0.5,0.95,0.0001,0.686
447,0,0,447,1000,0.5,0.95,0.0001,0.6733333333333333
448,0,0,448,1000,0.5,0.95,0.0001,0.684
449,0,0,449,1000,0.5,0.95,0.0001,0.688
450,0,0,450,1000,0.5,0.95,0.0001,0.706
451,0,0,451,1000,0.5,0.95,0.0001,0.6986666666666667
452,0,0,452,1000,0.5,0.95,0.0001,0.6873333333333334
453,0,0,453,1000,0.5,0.95,0.0001,0.6873333333333334
454,0,0,454,1000,0.5,0.95,0.0001,0.6993333333333334
455,0,0,455,1000,0.5,0.95,0.0001,0.7
456,0,0,456,1000,0.5,0.95,0.0001,0.708
457,0,0,457,1000,0.5,0.95,0.0001,0.6913333333333334
458,0,0,458,1000,0.5,0.95,0.0001,0.696
459,0,0,459,1000,0.5,0.95,0.0001,0.7026666666666667
460,0,0,460,1000,0.5,0.95,0.0001,0.6873333333333334
461,0,0,461,1000,0.5,0.95,0.0001,0.674
462,0,0,462,1000,0.5,0.95,0.0001,0.6726666666666666
463,0,0,463,1000,0.5,0.95,0.0001,0.672
464,0,0,464,1000,0.5,0.95,0.0001,0.6566666666666666
465,0,0,465,1000,0.5,0.95,0.0001,0.6886666666666666
466,0,0,466,1000,0.5,0.95,0.0001,0.6633333333333333
467,0,0,467,1000,0.5,0.95,0.0001,0.6413333333333333
468,0,0,468,1000,0.5,0.95,0.0001,0.642
469,0,0,469,1000,0.5,0.95,0.0001,0.634
470,0,0,470,1000,0.5,0.95,0.0001,0.65
471,0,0,471,1000,0.5,0.95,0.0001,0.656
472,0,0,472,1000,0.5,0.95,0.0001,0.6726666666666666
473,0,0,473,1000,0.5,0.95,0.0001,0.6613333333333333
474,0,0,474,1000,0.5,0.95,0.0001,0.646
475,0,0,475,1000,0.5,0.95,0.0001,0.6373333333333333
476,0,0,476,1000,0.5,0.95,0.0001,0.6346666666666667
477,0,0,477,1000,0.5,0.95,0.0001,0.6366666666666667
478,0,0,478,1000,0.5,0.95,0.0001,0.6286666666666667
479,0,0,479,1000,0.5,0.95,0.0001,0.6393333333333333
480,0,0,480,1000,0.5,0.95,0.0001,0.6433333333333333
481,0,0,481,1000,0.5,0.95,0.0001,0.626
482,0,0,482,1000,0.5,0.95,0.0001,0.62
483,0,0,483,1000,0.5,0.95,0.0001,0.622
484,0,0,484,1000,0.5,0.95,0.0001,0.6173333333333333
485,0,0,485,1000,0.5,0.95,0.0001,0.6206666666666667
486,0,0,486,1000,0.5,0.95,0.0001,0.6346666666666667
487,0,0,487,1000,0.5,0.95,0.0001,0.636
488,0,0,488,1000,0.5,0.95,0.0001,0.642
489,0,0,489,1000,0.5,0.95,0.0001,0.636
490,0,0,490,1000,0.5,0.95,0.0001,0.6166666666666667
491,0,0,491,1000,0.5,0.95,0.0001,0.6306666666666667
492,0,0,492,1000,0.5,0.95,0.0001,0.638
493,0,0,493,1000,0.5,0.95,0.0001,0.632
494,0,0,494,1000,0.5,0.95,0.0001,0.6173333333333333
495,0,0,495,1000,0.5,0.95,0.0001,0.6346666666666667
496,0,0,496,1000,0.5,0.95,0.0001,0.6386666666666667
497,0,0,497,1000,0.5,0.95,0.0001,0.6353333333333333
498,0,0,498,1000,0.5,0.95,0.0001,0.634
499,0,0,499,1000,0.5,0.95,0.0001,0.6273333333333333
500,0,0,500,1000,0.5,0.95,0.0001,0.6086666666666667
