,RunId,iteration,Step,N,r,altruistic fraction
0,0,0,0,1000,0.5,0.528
1,0,0,1,1000,0.5,0.505
2,0,0,2,1000,0.5,0.5225
3,0,0,3,1000,0.5,0.562
4,0,0,4,1000,0.5,0.5615
5,0,0,5,1000,0.5,0.5535
6,0,0,6,1000,0.5,0.5685
7,0,0,7,1000,0.5,0.5765
8,0,0,8,1000,0.5,0.5775
9,0,0,9,1000,0.5,0.587
10,0,0,10,1000,0.5,0.5795
11,0,0,11,1000,0.5,0.5935
12,0,0,12,1000,0.5,0.6415
13,0,0,13,1000,0.5,0.663
14,0,0,14,1000,0.5,0.6795
15,0,0,15,1000,0.5,0.665
16,0,0,16,1000,0.5,0.677
17,0,0,17,1000,0.5,0.7005
18,0,0,18,1000,0.5,0.6965
19,0,0,19,1000,0.5,0.702
20,0,0,20,1000,0.5,0.7025
21,0,0,21,1000,0.5,0.7065
22,0,0,22,1000,0.5,0.7265
23,0,0,23,1000,0.5,0.7415
24,0,0,24,1000,0.5,0.7485
25,0,0,25,1000,0.5,0.7475
26,0,0,26,1000,0.5,0.745
27,0,0,27,1000,0.5,0.7455
28,0,0,28,1000,0.5,0.7265
29,0,0,29,1000,0.5,0.7335
30,0,0,30,1000,0.5,0.739
31,0,0,31,1000,0.5,0.7415
32,0,0,32,1000,0.5,0.7305
33,0,0,33,1000,0.5,0.7345
34,0,0,34,1000,0.5,0.74
35,0,0,35,1000,0.5,0.7315
36,0,0,36,1000,0.5,0.725
37,0,0,37,1000,0.5,0.7325
38,0,0,38,1000,0.5,0.7285
39,0,0,39,1000,0.5,0.7415
40,0,0,40,1000,0.5,0.7465
41,0,0,41,1000,0.5,0.762
42,0,0,42,1000,0.5,0.7745
43,0,0,43,1000,0.5,0.756
44,0,0,44,1000,0.5,0.74
45,0,0,45,1000,0.5,0.725
46,0,0,46,1000,0.5,0.7395
47,0,0,47,1000,0.5,0.725
48,0,0,48,1000,0.5,0.697
49,0,0,49,1000,0.5,0.6915
50,0,0,50,1000,0.5,0.6875
51,0,0,51,1000,0.5,0.6895
52,0,0,52,1000,0.5,0.6825
53,0,0,53,1000,0.5,0.6765
54,0,0,54,1000,0.5,0.697
55,0,0,55,1000,0.5,0.697
56,0,0,56,1000,0.5,0.692
57,0,0,57,1000,0.5,0.703
58,0,0,58,1000,0.5,0.711
59,0,0,59,1000,0.5,0.701
60,0,0,60,1000,0.5,0.71
61,0,0,61,1000,0.5,0.7245
62,0,0,62,1000,0.5,0.724
63,0,0,63,1000,0.5,0.7225
64,0,0,64,1000,0.5,0.7175
65,0,0,65,1000,0.5,0.709
66,0,0,66,1000,0.5,0.699
67,0,0,67,1000,0.5,0.6855
68,0,0,68,1000,0.5,0.7145
69,0,0,69,1000,0.5,0.709
70,0,0,70,1000,0.5,0.6965
71,0,0,71,1000,0.5,0.7065
72,0,0,72,1000,0.5,0.6955
73,0,0,73,1000,0.5,0.693
74,0,0,74,1000,0.5,0.7095
75,0,0,75,1000,0.5,0.7225
76,0,0,76,1000,0.5,0.7195
77,0,0,77,1000,0.5,0.701
78,0,0,78,1000,0.5,0.697
79,0,0,79,1000,0.5,0.704
80,0,0,80,1000,0.5,0.693
81,0,0,81,1000,0.5,0.675
82,0,0,82,1000,0.5,0.683
83,0,0,83,1000,0.5,0.683
84,0,0,84,1000,0.5,0.6605
85,0,0,85,1000,0.5,0.6615
86,0,0,86,1000,0.5,0.6795
87,0,0,87,1000,0.5,0.664
88,0,0,88,1000,0.5,0.667
89,0,0,89,1000,0.5,0.6695
90,0,0,90,1000,0.5,0.706
91,0,0,91,1000,0.5,0.704
92,0,0,92,1000,0.5,0.714
93,0,0,93,1000,0.5,0.715
94,0,0,94,1000,0.5,0.7245
95,0,0,95,1000,0.5,0.733
96,0,0,96,1000,0.5,0.7275
97,0,0,97,1000,0.5,0.7305
98,0,0,98,1000,0.5,0.7145
99,0,0,99,1000,0.5,0.7275
100,0,0,100,1000,0.5,0.739
101,0,0,101,1000,0.5,0.738
102,0,0,102,1000,0.5,0.7405
103,0,0,103,1000,0.5,0.7345
104,0,0,104,1000,0.5,0.746
105,0,0,105,1000,0.5,0.748
106,0,0,106,1000,0.5,0.7405
107,0,0,107,1000,0.5,0.7225
108,0,0,108,1000,0.5,0.7185
109,0,0,109,1000,0.5,0.706
110,0,0,110,1000,0.5,0.711
111,0,0,111,1000,0.5,0.706
112,0,0,112,1000,0.5,0.7375
113,0,0,113,1000,0.5,0.741
114,0,0,114,1000,0.5,0.7285
115,0,0,115,1000,0.5,0.7445
116,0,0,116,1000,0.5,0.76
117,0,0,117,1000,0.5,0.75
118,0,0,118,1000,0.5,0.7365
119,0,0,119,1000,0.5,0.762
120,0,0,120,1000,0.5,0.749
121,0,0,121,1000,0.5,0.7445
122,0,0,122,1000,0.5,0.7525
123,0,0,123,1000,0.5,0.75
124,0,0,124,1000,0.5,0.731
125,0,0,125,1000,0.5,0.719
126,0,0,126,1000,0.5,0.7225
127,0,0,127,1000,0.5,0.7455
128,0,0,128,1000,0.5,0.7455
129,0,0,129,1000,0.5,0.7385
130,0,0,130,1000,0.5,0.738
131,0,0,131,1000,0.5,0.756
132,0,0,132,1000,0.5,0.7785
133,0,0,133,1000,0.5,0.761
134,0,0,134,1000,0.5,0.771
135,0,0,135,1000,0.5,0.768
136,0,0,136,1000,0.5,0.759
137,0,0,137,1000,0.5,0.773
138,0,0,138,1000,0.5,0.7525
139,0,0,139,1000,0.5,0.7255
140,0,0,140,1000,0.5,0.725
141,0,0,141,1000,0.5,0.752
142,0,0,142,1000,0.5,0.744
143,0,0,143,1000,0.5,0.764
144,0,0,144,1000,0.5,0.7425
145,0,0,145,1000,0.5,0.7635
146,0,0,146,1000,0.5,0.763
147,0,0,147,1000,0.5,0.7735
148,0,0,148,1000,0.5,0.773
149,0,0,149,1000,0.5,0.768
150,0,0,150,1000,0.5,0.767
151,0,0,151,1000,0.5,0.761
152,0,0,152,1000,0.5,0.757
153,0,0,153,1000,0.5,0.743
154,0,0,154,1000,0.5,0.7705
155,0,0,155,1000,0.5,0.752
156,0,0,156,1000,0.5,0.758
157,0,0,157,1000,0.5,0.759
158,0,0,158,1000,0.5,0.7525
159,0,0,159,1000,0.5,0.7685
160,0,0,160,1000,0.5,0.763
161,0,0,161,1000,0.5,0.772
162,0,0,162,1000,0.5,0.748
163,0,0,163,1000,0.5,0.765
164,0,0,164,1000,0.5,0.767
165,0,0,165,1000,0.5,0.745
166,0,0,166,1000,0.5,0.7445
167,0,0,167,1000,0.5,0.7405
168,0,0,168,1000,0.5,0.774
169,0,0,169,1000,0.5,0.78
170,0,0,170,1000,0.5,0.7725
171,0,0,171,1000,0.5,0.7705
172,0,0,172,1000,0.5,0.7775
173,0,0,173,1000,0.5,0.7625
174,0,0,174,1000,0.5,0.776
175,0,0,175,1000,0.5,0.7745
176,0,0,176,1000,0.5,0.7565
177,0,0,177,1000,0.5,0.759
178,0,0,178,1000,0.5,0.7405
179,0,0,179,1000,0.5,0.7525
180,0,0,180,1000,0.5,0.7515
181,0,0,181,1000,0.5,0.733
182,0,0,182,1000,0.5,0.74
183,0,0,183,1000,0.5,0.7565
184,0,0,184,1000,0.5,0.7605
185,0,0,185,1000,0.5,0.764
186,0,0,186,1000,0.5,0.7575
187,0,0,187,1000,0.5,0.7625
188,0,0,188,1000,0.5,0.766
189,0,0,189,1000,0.5,0.7565
190,0,0,190,1000,0.5,0.745
191,0,0,191,1000,0.5,0.7485
192,0,0,192,1000,0.5,0.7285
193,0,0,193,1000,0.5,0.7185
194,0,0,194,1000,0.5,0.7105
195,0,0,195,1000,0.5,0.707
196,0,0,196,1000,0.5,0.705
197,0,0,197,1000,0.5,0.7025
198,0,0,198,1000,0.5,0.6985
199,0,0,199,1000,0.5,0.696
200,0,0,200,1000,0.5,0.721
201,0,0,201,1000,0.5,0.716
202,0,0,202,1000,0.5,0.7075
203,0,0,203,1000,0.5,0.7115
204,0,0,204,1000,0.5,0.7255
205,0,0,205,1000,0.5,0.718
206,0,0,206,1000,0.5,0.7255
207,0,0,207,1000,0.5,0.707
208,0,0,208,1000,0.5,0.7035
209,0,0,209,1000,0.5,0.693
210,0,0,210,1000,0.5,0.708
211,0,0,211,1000,0.5,0.721
212,0,0,212,1000,0.5,0.7105
213,0,0,213,1000,0.5,0.723
214,0,0,214,1000,0.5,0.727
215,0,0,215,1000,0.5,0.753
216,0,0,216,1000,0.5,0.7755
217,0,0,217,1000,0.5,0.765
218,0,0,218,1000,0.5,0.7695
219,0,0,219,1000,0.5,0.7645
220,0,0,220,1000,0.5,0.7655
221,0,0,221,1000,0.5,0.7635
222,0,0,222,1000,0.5,0.765
223,0,0,223,1000,0.5,0.7645
224,0,0,224,1000,0.5,0.749
225,0,0,225,1000,0.5,0.7395
226,0,0,226,1000,0.5,0.733
227,0,0,227,1000,0.5,0.7395
228,0,0,228,1000,0.5,0.7435
229,0,0,229,1000,0.5,0.751
230,0,0,230,1000,0.5,0.7345
231,0,0,231,1000,0.5,0.7295
232,0,0,232,1000,0.5,0.745
233,0,0,233,1000,0.5,0.7435
234,0,0,234,1000,0.5,0.7215
235,0,0,235,1000,0.5,0.7145
236,0,0,236,1000,0.5,0.7085
237,0,0,237,1000,0.5,0.7325
238,0,0,238,1000,0.5,0.725
239,0,0,239,1000,0.5,0.7265
240,0,0,240,1000,0.5,0.7245
241,0,0,241,1000,0.5,0.7095
242,0,0,242,1000,0.5,0.7045
243,0,0,243,1000,0.5,0.7035
244,0,0,244,1000,0.5,0.7125
245,0,0,245,1000,0.5,0.726
246,0,0,246,1000,0.5,0.732
247,0,0,247,1000,0.5,0.734
248,0,0,248,1000,0.5,0.7435
249,0,0,249,1000,0.5,0.741
250,0,0,250,1000,0.5,0.737
251,0,0,251,1000,0.5,0.735
252,0,0,252,1000,0.5,0.7355
253,0,0,253,1000,0.5,0.715
254,0,0,254,1000,0.5,0.7145
255,0,0,255,1000,0.5,0.722
256,0,0,256,1000,0.5,0.708
257,0,0,257,1000,0.5,0.7075
258,0,0,258,1000,0.5,0.692
259,0,0,259,1000,0.5,0.696
260,0,0,260,1000,0.5,0.6975
261,0,0,261,1000,0.5,0.706
262,0,0,262,1000,0.5,0.71
263,0,0,263,1000,0.5,0.7085
264,0,0,264,1000,0.5,0.705
265,0,0,265,1000,0.5,0.704
266,0,0,266,1000,0.5,0.7215
267,0,0,267,1000,0.5,0.717
268,0,0,268,1000,0.5,0.6915
269,0,0,269,1000,0.5,0.6825
270,0,0,270,1000,0.5,0.69
271,0,0,271,1000,0.5,0.7105
272,0,0,272,1000,0.5,0.7275
273,0,0,273,1000,0.5,0.732
274,0,0,274,1000,0.5,0.75
275,0,0,275,1000,0.5,0.7545
276,0,0,276,1000,0.5,0.7505
277,0,0,277,1000,0.5,0.744
278,0,0,278,1000,0.5,0.756
279,0,0,279,1000,0.5,0.7615
280,0,0,280,1000,0.5,0.7455
281,0,0,281,1000,0.5,0.7435
282,0,0,282,1000,0.5,0.7235
283,0,0,283,1000,0.5,0.7105
284,0,0,284,1000,0.5,0.724
285,0,0,285,1000,0.5,0.7235
286,0,0,286,1000,0.5,0.7275
287,0,0,287,1000,0.5,0.753
288,0,0,288,1000,0.5,0.7685
289,0,0,289,1000,0.5,0.749
290,0,0,290,1000,0.5,0.7355
291,0,0,291,1000,0.5,0.7385
292,0,0,292,1000,0.5,0.739
293,0,0,293,1000,0.5,0.743
294,0,0,294,1000,0.5,0.7515
295,0,0,295,1000,0.5,0.7535
296,0,0,296,1000,0.5,0.754
297,0,0,297,1000,0.5,0.757
298,0,0,298,1000,0.5,0.7535
299,0,0,299,1000,0.5,0.764
300,0,0,300,1000,0.5,0.7645
301,0,0,301,1000,0.5,0.786
302,0,0,302,1000,0.5,0.769
303,0,0,303,1000,0.5,0.7695
304,0,0,304,1000,0.5,0.766
305,0,0,305,1000,0.5,0.7535
306,0,0,306,1000,0.5,0.753
307,0,0,307,1000,0.5,0.76
308,0,0,308,1000,0.5,0.777
309,0,0,309,1000,0.5,0.7645
310,0,0,310,1000,0.5,0.746
311,0,0,311,1000,0.5,0.757
312,0,0,312,1000,0.5,0.748
313,0,0,313,1000,0.5,0.728
314,0,0,314,1000,0.5,0.702
315,0,0,315,1000,0.5,0.72
316,0,0,316,1000,0.5,0.7265
317,0,0,317,1000,0.5,0.728
318,0,0,318,1000,0.5,0.733
319,0,0,319,1000,0.5,0.7285
320,0,0,320,1000,0.5,0.7055
321,0,0,321,1000,0.5,0.723
322,0,0,322,1000,0.5,0.7435
323,0,0,323,1000,0.5,0.7395
324,0,0,324,1000,0.5,0.7265
325,0,0,325,1000,0.5,0.7325
326,0,0,326,1000,0.5,0.7405
327,0,0,327,1000,0.5,0.735
328,0,0,328,1000,0.5,0.7245
329,0,0,329,1000,0.5,0.7445
330,0,0,330,1000,0.5,0.736
331,0,0,331,1000,0.5,0.7615
332,0,0,332,1000,0.5,0.7585
333,0,0,333,1000,0.5,0.749
334,0,0,334,1000,0.5,0.754
335,0,0,335,1000,0.5,0.7435
336,0,0,336,1000,0.5,0.7335
337,0,0,337,1000,0.5,0.743
338,0,0,338,1000,0.5,0.7495
339,0,0,339,1000,0.5,0.756
340,0,0,340,1000,0.5,0.746
341,0,0,341,1000,0.5,0.7445
342,0,0,342,1000,0.5,0.745
343,0,0,343,1000,0.5,0.7585
344,0,0,344,1000,0.5,0.7675
345,0,0,345,1000,0.5,0.76
346,0,0,346,1000,0.5,0.742
347,0,0,347,1000,0.5,0.726
348,0,0,348,1000,0.5,0.757
349,0,0,349,1000,0.5,0.7725
350,0,0,350,1000,0.5,0.778
351,0,0,351,1000,0.5,0.801
352,0,0,352,1000,0.5,0.7805
353,0,0,353,1000,0.5,0.7835
354,0,0,354,1000,0.5,0.7795
355,0,0,355,1000,0.5,0.7575
356,0,0,356,1000,0.5,0.7415
357,0,0,357,1000,0.5,0.7345
358,0,0,358,1000,0.5,0.7245
359,0,0,359,1000,0.5,0.7215
360,0,0,360,1000,0.5,0.7375
361,0,0,361,1000,0.5,0.732
362,0,0,362,1000,0.5,0.731
363,0,0,363,1000,0.5,0.7395
364,0,0,364,1000,0.5,0.7215
365,0,0,365,1000,0.5,0.739
366,0,0,366,1000,0.5,0.745
367,0,0,367,1000,0.5,0.733
368,0,0,368,1000,0.5,0.725
369,0,0,369,1000,0.5,0.721
370,0,0,370,1000,0.5,0.726
371,0,0,371,1000,0.5,0.7415
372,0,0,372,1000,0.5,0.752
373,0,0,373,1000,0.5,0.7495
374,0,0,374,1000,0.5,0.748
375,0,0,375,1000,0.5,0.7485
376,0,0,376,1000,0.5,0.757
377,0,0,377,1000,0.5,0.767
378,0,0,378,1000,0.5,0.746
379,0,0,379,1000,0.5,0.7505
380,0,0,380,1000,0.5,0.7285
381,0,0,381,1000,0.5,0.729
382,0,0,382,1000,0.5,0.7355
383,0,0,383,1000,0.5,0.746
384,0,0,384,1000,0.5,0.734
385,0,0,385,1000,0.5,0.732
386,0,0,386,1000,0.5,0.7275
387,0,0,387,1000,0.5,0.7245
388,0,0,388,1000,0.5,0.705
389,0,0,389,1000,0.5,0.7065
390,0,0,390,1000,0.5,0.709
391,0,0,391,1000,0.5,0.7145
392,0,0,392,1000,0.5,0.723
393,0,0,393,1000,0.5,0.7345
394,0,0,394,1000,0.5,0.747
395,0,0,395,1000,0.5,0.742
396,0,0,396,1000,0.5,0.7495
397,0,0,397,1000,0.5,0.752
398,0,0,398,1000,0.5,0.752
399,0,0,399,1000,0.5,0.7605
400,0,0,400,1000,0.5,0.768
401,0,0,401,1000,0.5,0.747
402,0,0,402,1000,0.5,0.748
403,0,0,403,1000,0.5,0.7385
404,0,0,404,1000,0.5,0.74
405,0,0,405,1000,0.5,0.729
406,0,0,406,1000,0.5,0.729
407,0,0,407,1000,0.5,0.722
408,0,0,408,1000,0.5,0.714
409,0,0,409,1000,0.5,0.7315
410,0,0,410,1000,0.5,0.718
411,0,0,411,1000,0.5,0.7235
412,0,0,412,1000,0.5,0.735
413,0,0,413,1000,0.5,0.7325
414,0,0,414,1000,0.5,0.725
415,0,0,415,1000,0.5,0.7325
416,0,0,416,1000,0.5,0.7345
417,0,0,417,1000,0.5,0.7245
418,0,0,418,1000,0.5,0.735
419,0,0,419,1000,0.5,0.733
420,0,0,420,1000,0.5,0.7305
421,0,0,421,1000,0.5,0.7185
422,0,0,422,1000,0.5,0.738
423,0,0,423,1000,0.5,0.729
424,0,0,424,1000,0.5,0.752
425,0,0,425,1000,0.5,0.7575
426,0,0,426,1000,0.5,0.7605
427,0,0,427,1000,0.5,0.7605
428,0,0,428,1000,0.5,0.7435
429,0,0,429,1000,0.5,0.721
430,0,0,430,1000,0.5,0.713
431,0,0,431,1000,0.5,0.7105
432,0,0,432,1000,0.5,0.75
433,0,0,433,1000,0.5,0.7445
434,0,0,434,1000,0.5,0.7365
435,0,0,435,1000,0.5,0.7325
436,0,0,436,1000,0.5,0.7495
437,0,0,437,1000,0.5,0.7475
438,0,0,438,1000,0.5,0.736
439,0,0,439,1000,0.5,0.7325
440,0,0,440,1000,0.5,0.7245
441,0,0,441,1000,0.5,0.715
442,0,0,442,1000,0.5,0.737
443,0,0,443,1000,0.5,0.7275
444,0,0,444,1000,0.5,0.716
445,0,0,445,1000,0.5,0.7135
446,0,0,446,1000,0.5,0.718
447,0,0,447,1000,0.5,0.705
448,0,0,448,1000,0.5,0.715
449,0,0,449,1000,0.5,0.7045
450,0,0,450,1000,0.5,0.6865
451,0,0,451,1000,0.5,0.6855
452,0,0,452,1000,0.5,0.673
453,0,0,453,1000,0.5,0.681
454,0,0,454,1000,0.5,0.689
455,0,0,455,1000,0.5,0.691
456,0,0,456,1000,0.5,0.705
457,0,0,457,1000,0.5,0.6975
458,0,0,458,1000,0.5,0.699
459,0,0,459,1000,0.5,0.691
460,0,0,460,1000,0.5,0.6975
461,0,0,461,1000,0.5,0.7025
462,0,0,462,1000,0.5,0.705
463,0,0,463,1000,0.5,0.7305
464,0,0,464,1000,0.5,0.75
465,0,0,465,1000,0.5,0.7625
466,0,0,466,1000,0.5,0.752
467,0,0,467,1000,0.5,0.7325
468,0,0,468,1000,0.5,0.7315
469,0,0,469,1000,0.5,0.7275
470,0,0,470,1000,0.5,0.726
471,0,0,471,1000,0.5,0.719
472,0,0,472,1000,0.5,0.739
473,0,0,473,1000,0.5,0.744
474,0,0,474,1000,0.5,0.739
475,0,0,475,1000,0.5,0.7515
476,0,0,476,1000,0.5,0.76
477,0,0,477,1000,0.5,0.749
478,0,0,478,1000,0.5,0.7535
479,0,0,479,1000,0.5,0.749
480,0,0,480,1000,0.5,0.7255
481,0,0,481,1000,0.5,0.715
482,0,0,482,1000,0.5,0.71
483,0,0,483,1000,0.5,0.713
484,0,0,484,1000,0.5,0.714
485,0,0,485,1000,0.5,0.7135
486,0,0,486,1000,0.5,0.72
487,0,0,487,1000,0.5,0.7105
488,0,0,488,1000,0.5,0.7325
489,0,0,489,1000,0.5,0.741
490,0,0,490,1000,0.5,0.732
491,0,0,491,1000,0.5,0.723
492,0,0,492,1000,0.5,0.7255
493,0,0,493,1000,0.5,0.7445
494,0,0,494,1000,0.5,0.747
495,0,0,495,1000,0.5,0.7475
496,0,0,496,1000,0.5,0.746
497,0,0,497,1000,0.5,0.7255
498,0,0,498,1000,0.5,0.719
499,0,0,499,1000,0.5,0.7035
500,0,0,500,1000,0.5,0.7035
501,1,1,0,1000,0.5,0.525
502,1,1,1,1000,0.5,0.5475
503,1,1,2,1000,0.5,0.5825
504,1,1,3,1000,0.5,0.585
505,1,1,4,1000,0.5,0.5965
506,1,1,5,1000,0.5,0.5915
507,1,1,6,1000,0.5,0.5895
508,1,1,7,1000,0.5,0.6125
509,1,1,8,1000,0.5,0.64
510,1,1,9,1000,0.5,0.6375
511,1,1,10,1000,0.5,0.6455
512,1,1,11,1000,0.5,0.635
513,1,1,12,1000,0.5,0.624
514,1,1,13,1000,0.5,0.6435
515,1,1,14,1000,0.5,0.657
516,1,1,15,1000,0.5,0.665
517,1,1,16,1000,0.5,0.6805
518,1,1,17,1000,0.5,0.69
519,1,1,18,1000,0.5,0.6925
520,1,1,19,1000,0.5,0.686
521,1,1,20,1000,0.5,0.691
522,1,1,21,1000,0.5,0.72
523,1,1,22,1000,0.5,0.7315
524,1,1,23,1000,0.5,0.73
525,1,1,24,1000,0.5,0.726
526,1,1,25,1000,0.5,0.7205
527,1,1,26,1000,0.5,0.7465
528,1,1,27,1000,0.5,0.752
529,1,1,28,1000,0.5,0.7515
530,1,1,29,1000,0.5,0.7465
531,1,1,30,1000,0.5,0.776
532,1,1,31,1000,0.5,0.7875
533,1,1,32,1000,0.5,0.7755
534,1,1,33,1000,0.5,0.758
535,1,1,34,1000,0.5,0.761
536,1,1,35,1000,0.5,0.7585
537,1,1,36,1000,0.5,0.761
538,1,1,37,1000,0.5,0.7665
539,1,1,38,1000,0.5,0.754
540,1,1,39,1000,0.5,0.748
541,1,1,40,1000,0.5,0.7525
542,1,1,41,1000,0.5,0.7525
543,1,1,42,1000,0.5,0.782
544,1,1,43,1000,0.5,0.767
545,1,1,44,1000,0.5,0.7455
546,1,1,45,1000,0.5,0.7555
547,1,1,46,1000,0.5,0.729
548,1,1,47,1000,0.5,0.7325
549,1,1,48,1000,0.5,0.698
550,1,1,49,1000,0.5,0.691
551,1,1,50,1000,0.5,0.6985
552,1,1,51,1000,0.5,0.714
553,1,1,52,1000,0.5,0.725
554,1,1,53,1000,0.5,0.7445
555,1,1,54,1000,0.5,0.743
556,1,1,55,1000,0.5,0.7475
557,1,1,56,1000,0.5,0.741
558,1,1,57,1000,0.5,0.7395
559,1,1,58,1000,0.5,0.75
560,1,1,59,1000,0.5,0.7445
561,1,1,60,1000,0.5,0.762
562,1,1,61,1000,0.5,0.758
563,1,1,62,1000,0.5,0.772
564,1,1,63,1000,0.5,0.7745
565,1,1,64,1000,0.5,0.7655
566,1,1,65,1000,0.5,0.7795
567,1,1,66,1000,0.5,0.7625
568,1,1,67,1000,0.5,0.756
569,1,1,68,1000,0.5,0.752
570,1,1,69,1000,0.5,0.767
571,1,1,70,1000,0.5,0.7375
572,1,1,71,1000,0.5,0.7525
573,1,1,72,1000,0.5,0.7605
574,1,1,73,1000,0.5,0.755
575,1,1,74,1000,0.5,0.76
576,1,1,75,1000,0.5,0.7635
577,1,1,76,1000,0.5,0.76
578,1,1,77,1000,0.5,0.753
579,1,1,78,1000,0.5,0.75
580,1,1,79,1000,0.5,0.744
581,1,1,80,1000,0.5,0.7345
582,1,1,81,1000,0.5,0.7335
583,1,1,82,1000,0.5,0.721
584,1,1,83,1000,0.5,0.7225
585,1,1,84,1000,0.5,0.7385
586,1,1,85,1000,0.5,0.757
587,1,1,86,1000,0.5,0.756
588,1,1,87,1000,0.5,0.7575
589,1,1,88,1000,0.5,0.736
590,1,1,89,1000,0.5,0.719
591,1,1,90,1000,0.5,0.714
592,1,1,91,1000,0.5,0.707
593,1,1,92,1000,0.5,0.7055
594,1,1,93,1000,0.5,0.7125
595,1,1,94,1000,0.5,0.7195
596,1,1,95,1000,0.5,0.7465
597,1,1,96,1000,0.5,0.776
598,1,1,97,1000,0.5,0.7745
599,1,1,98,1000,0.5,0.742
600,1,1,99,1000,0.5,0.724
601,1,1,100,1000,0.5,0.731
602,1,1,101,1000,0.5,0.707
603,1,1,102,1000,0.5,0.706
604,1,1,103,1000,0.5,0.7115
605,1,1,104,1000,0.5,0.705
606,1,1,105,1000,0.5,0.683
607,1,1,106,1000,0.5,0.6875
608,1,1,107,1000,0.5,0.664
609,1,1,108,1000,0.5,0.6665
610,1,1,109,1000,0.5,0.6755
611,1,1,110,1000,0.5,0.6745
612,1,1,111,1000,0.5,0.6795
613,1,1,112,1000,0.5,0.6895
614,1,1,113,1000,0.5,0.699
615,1,1,114,1000,0.5,0.717
616,1,1,115,1000,0.5,0.7065
617,1,1,116,1000,0.5,0.7235
618,1,1,117,1000,0.5,0.717
619,1,1,118,1000,0.5,0.7155
620,1,1,119,1000,0.5,0.72
621,1,1,120,1000,0.5,0.741
622,1,1,121,1000,0.5,0.7365
623,1,1,122,1000,0.5,0.724
624,1,1,123,1000,0.5,0.7095
625,1,1,124,1000,0.5,0.714
626,1,1,125,1000,0.5,0.7445
627,1,1,126,1000,0.5,0.752
628,1,1,127,1000,0.5,0.733
629,1,1,128,1000,0.5,0.7275
630,1,1,129,1000,0.5,0.733
631,1,1,130,1000,0.5,0.736
632,1,1,131,1000,0.5,0.7015
633,1,1,132,1000,0.5,0.716
634,1,1,133,1000,0.5,0.7435
635,1,1,134,1000,0.5,0.7485
636,1,1,135,1000,0.5,0.7505
637,1,1,136,1000,0.5,0.749
638,1,1,137,1000,0.5,0.7365
639,1,1,138,1000,0.5,0.733
640,1,1,139,1000,0.5,0.748
641,1,1,140,1000,0.5,0.747
642,1,1,141,1000,0.5,0.731
643,1,1,142,1000,0.5,0.73
644,1,1,143,1000,0.5,0.7445
645,1,1,144,1000,0.5,0.768
646,1,1,145,1000,0.5,0.7605
647,1,1,146,1000,0.5,0.7405
648,1,1,147,1000,0.5,0.734
649,1,1,148,1000,0.5,0.719
650,1,1,149,1000,0.5,0.694
651,1,1,150,1000,0.5,0.687
652,1,1,151,1000,0.5,0.7075
653,1,1,152,1000,0.5,0.7185
654,1,1,153,1000,0.5,0.7265
655,1,1,154,1000,0.5,0.725
656,1,1,155,1000,0.5,0.74
657,1,1,156,1000,0.5,0.736
658,1,1,157,1000,0.5,0.736
659,1,1,158,1000,0.5,0.746
660,1,1,159,1000,0.5,0.742
661,1,1,160,1000,0.5,0.754
662,1,1,161,1000,0.5,0.7495
663,1,1,162,1000,0.5,0.752
664,1,1,163,1000,0.5,0.7635
665,1,1,164,1000,0.5,0.7615
666,1,1,165,1000,0.5,0.7655
667,1,1,166,1000,0.5,0.77
668,1,1,167,1000,0.5,0.77
669,1,1,168,1000,0.5,0.765
670,1,1,169,1000,0.5,0.78
671,1,1,170,1000,0.5,0.7655
672,1,1,171,1000,0.5,0.758
673,1,1,172,1000,0.5,0.7615
674,1,1,173,1000,0.5,0.765
675,1,1,174,1000,0.5,0.7645
676,1,1,175,1000,0.5,0.761
677,1,1,176,1000,0.5,0.7545
678,1,1,177,1000,0.5,0.7435
679,1,1,178,1000,0.5,0.711
680,1,1,179,1000,0.5,0.7285
681,1,1,180,1000,0.5,0.7305
682,1,1,181,1000,0.5,0.752
683,1,1,182,1000,0.5,0.7545
684,1,1,183,1000,0.5,0.7575
685,1,1,184,1000,0.5,0.752
686,1,1,185,1000,0.5,0.728
687,1,1,186,1000,0.5,0.729
688,1,1,187,1000,0.5,0.718
689,1,1,188,1000,0.5,0.705
690,1,1,189,1000,0.5,0.71
691,1,1,190,1000,0.5,0.7025
692,1,1,191,1000,0.5,0.697
693,1,1,192,1000,0.5,0.7
694,1,1,193,1000,0.5,0.727
695,1,1,194,1000,0.5,0.738
696,1,1,195,1000,0.5,0.7485
697,1,1,196,1000,0.5,0.7535
698,1,1,197,1000,0.5,0.757
699,1,1,198,1000,0.5,0.761
700,1,1,199,1000,0.5,0.751
701,1,1,200,1000,0.5,0.764
702,1,1,201,1000,0.5,0.776
703,1,1,202,1000,0.5,0.7595
704,1,1,203,1000,0.5,0.7435
705,1,1,204,1000,0.5,0.768
706,1,1,205,1000,0.5,0.7775
707,1,1,206,1000,0.5,0.769
708,1,1,207,1000,0.5,0.785
709,1,1,208,1000,0.5,0.7715
710,1,1,209,1000,0.5,0.77
711,1,1,210,1000,0.5,0.776
712,1,1,211,1000,0.5,0.791
713,1,1,212,1000,0.5,0.778
714,1,1,213,1000,0.5,0.763
715,1,1,214,1000,0.5,0.76
716,1,1,215,1000,0.5,0.763
717,1,1,216,1000,0.5,0.751
718,1,1,217,1000,0.5,0.7475
719,1,1,218,1000,0.5,0.7345
720,1,1,219,1000,0.5,0.742
721,1,1,220,1000,0.5,0.737
722,1,1,221,1000,0.5,0.7045
723,1,1,222,1000,0.5,0.7125
724,1,1,223,1000,0.5,0.7295
725,1,1,224,1000,0.5,0.7045
726,1,1,225,1000,0.5,0.7225
727,1,1,226,1000,0.5,0.7205
728,1,1,227,1000,0.5,0.724
729,1,1,228,1000,0.5,0.7315
730,1,1,229,1000,0.5,0.753
731,1,1,230,1000,0.5,0.7625
732,1,1,231,1000,0.5,0.77
733,1,1,232,1000,0.5,0.763
734,1,1,233,1000,0.5,0.7425
735,1,1,234,1000,0.5,0.742
736,1,1,235,1000,0.5,0.759
737,1,1,236,1000,0.5,0.7485
738,1,1,237,1000,0.5,0.747
739,1,1,238,1000,0.5,0.736
740,1,1,239,1000,0.5,0.7505
741,1,1,240,1000,0.5,0.7505
742,1,1,241,1000,0.5,0.731
743,1,1,242,1000,0.5,0.7185
744,1,1,243,1000,0.5,0.715
745,1,1,244,1000,0.5,0.717
746,1,1,245,1000,0.5,0.716
747,1,1,246,1000,0.5,0.7175
748,1,1,247,1000,0.5,0.726
749,1,1,248,1000,0.5,0.753
750,1,1,249,1000,0.5,0.7565
751,1,1,250,1000,0.5,0.7585
752,1,1,251,1000,0.5,0.766
753,1,1,252,1000,0.5,0.757
754,1,1,253,1000,0.5,0.7585
755,1,1,254,1000,0.5,0.751
756,1,1,255,1000,0.5,0.762
757,1,1,256,1000,0.5,0.7615
758,1,1,257,1000,0.5,0.73
759,1,1,258,1000,0.5,0.7425
760,1,1,259,1000,0.5,0.752
761,1,1,260,1000,0.5,0.7425
762,1,1,261,1000,0.5,0.7215
763,1,1,262,1000,0.5,0.7375
764,1,1,263,1000,0.5,0.7335
765,1,1,264,1000,0.5,0.7345
766,1,1,265,1000,0.5,0.742
767,1,1,266,1000,0.5,0.729
768,1,1,267,1000,0.5,0.7105
769,1,1,268,1000,0.5,0.7245
770,1,1,269,1000,0.5,0.7075
771,1,1,270,1000,0.5,0.7145
772,1,1,271,1000,0.5,0.734
773,1,1,272,1000,0.5,0.741
774,1,1,273,1000,0.5,0.7475
775,1,1,274,1000,0.5,0.7235
776,1,1,275,1000,0.5,0.7085
777,1,1,276,1000,0.5,0.729
778,1,1,277,1000,0.5,0.728
779,1,1,278,1000,0.5,0.7305
780,1,1,279,1000,0.5,0.7305
781,1,1,280,1000,0.5,0.739
782,1,1,281,1000,0.5,0.755
783,1,1,282,1000,0.5,0.7585
784,1,1,283,1000,0.5,0.7485
785,1,1,284,1000,0.5,0.7215
786,1,1,285,1000,0.5,0.737
787,1,1,286,1000,0.5,0.74
788,1,1,287,1000,0.5,0.734
789,1,1,288,1000,0.5,0.7285
790,1,1,289,1000,0.5,0.735
791,1,1,290,1000,0.5,0.725
792,1,1,291,1000,0.5,0.734
793,1,1,292,1000,0.5,0.7405
794,1,1,293,1000,0.5,0.739
795,1,1,294,1000,0.5,0.753
796,1,1,295,1000,0.5,0.748
797,1,1,296,1000,0.5,0.747
798,1,1,297,1000,0.5,0.7325
799,1,1,298,1000,0.5,0.724
800,1,1,299,1000,0.5,0.7105
801,1,1,300,1000,0.5,0.7115
802,1,1,301,1000,0.5,0.7145
803,1,1,302,1000,0.5,0.669
804,1,1,303,1000,0.5,0.649
805,1,1,304,1000,0.5,0.6635
806,1,1,305,1000,0.5,0.648
807,1,1,306,1000,0.5,0.672
808,1,1,307,1000,0.5,0.6575
809,1,1,308,1000,0.5,0.636
810,1,1,309,1000,0.5,0.644
811,1,1,310,1000,0.5,0.6625
812,1,1,311,1000,0.5,0.666
813,1,1,312,1000,0.5,0.676
814,1,1,313,1000,0.5,0.6745
815,1,1,314,1000,0.5,0.656
816,1,1,315,1000,0.5,0.678
817,1,1,316,1000,0.5,0.6685
818,1,1,317,1000,0.5,0.674
819,1,1,318,1000,0.5,0.682
820,1,1,319,1000,0.5,0.6975
821,1,1,320,1000,0.5,0.6905
822,1,1,321,1000,0.5,0.6715
823,1,1,322,1000,0.5,0.6775
824,1,1,323,1000,0.5,0.6795
825,1,1,324,1000,0.5,0.689
826,1,1,325,1000,0.5,0.691
827,1,1,326,1000,0.5,0.6865
828,1,1,327,1000,0.5,0.7135
829,1,1,328,1000,0.5,0.719
830,1,1,329,1000,0.5,0.687
831,1,1,330,1000,0.5,0.691
832,1,1,331,1000,0.5,0.6855
833,1,1,332,1000,0.5,0.668
834,1,1,333,1000,0.5,0.6655
835,1,1,334,1000,0.5,0.679
836,1,1,335,1000,0.5,0.6975
837,1,1,336,1000,0.5,0.6945
838,1,1,337,1000,0.5,0.697
839,1,1,338,1000,0.5,0.6955
840,1,1,339,1000,0.5,0.6915
841,1,1,340,1000,0.5,0.703
842,1,1,341,1000,0.5,0.697
843,1,1,342,1000,0.5,0.7105
844,1,1,343,1000,0.5,0.6845
845,1,1,344,1000,0.5,0.6945
846,1,1,345,1000,0.5,0.723
847,1,1,346,1000,0.5,0.7045
848,1,1,347,1000,0.5,0.7195
849,1,1,348,1000,0.5,0.715
850,1,1,349,1000,0.5,0.7065
851,1,1,350,1000,0.5,0.715
852,1,1,351,1000,0.5,0.7105
853,1,1,352,1000,0.5,0.7125
854,1,1,353,1000,0.5,0.691
855,1,1,354,1000,0.5,0.692
856,1,1,355,1000,0.5,0.6865
857,1,1,356,1000,0.5,0.6765
858,1,1,357,1000,0.5,0.6555
859,1,1,358,1000,0.5,0.6625
860,1,1,359,1000,0.5,0.65
861,1,1,360,1000,0.5,0.6595
862,1,1,361,1000,0.5,0.6495
863,1,1,362,1000,0.5,0.6775
864,1,1,363,1000,0.5,0.6925
865,1,1,364,1000,0.5,0.6865
866,1,1,365,1000,0.5,0.688
867,1,1,366,1000,0.5,0.712
868,1,1,367,1000,0.5,0.7345
869,1,1,368,1000,0.5,0.727
870,1,1,369,1000,0.5,0.7315
871,1,1,370,1000,0.5,0.713
872,1,1,371,1000,0.5,0.698
873,1,1,372,1000,0.5,0.6995
874,1,1,373,1000,0.5,0.695
875,1,1,374,1000,0.5,0.693
876,1,1,375,1000,0.5,0.686
877,1,1,376,1000,0.5,0.696
878,1,1,377,1000,0.5,0.709
879,1,1,378,1000,0.5,0.702
880,1,1,379,1000,0.5,0.705
881,1,1,380,1000,0.5,0.707
882,1,1,381,1000,0.5,0.687
883,1,1,382,1000,0.5,0.7075
884,1,1,383,1000,0.5,0.7215
885,1,1,384,1000,0.5,0.7275
886,1,1,385,1000,0.5,0.7405
887,1,1,386,1000,0.5,0.756
888,1,1,387,1000,0.5,0.749
889,1,1,388,1000,0.5,0.7625
890,1,1,389,1000,0.5,0.7475
891,1,1,390,1000,0.5,0.727
892,1,1,391,1000,0.5,0.7245
893,1,1,392,1000,0.5,0.7485
894,1,1,393,1000,0.5,0.734
895,1,1,394,1000,0.5,0.7485
896,1,1,395,1000,0.5,0.7355
897,1,1,396,1000,0.5,0.7385
898,1,1,397,1000,0.5,0.724
899,1,1,398,1000,0.5,0.712
900,1,1,399,1000,0.5,0.709
901,1,1,400,1000,0.5,0.7235
902,1,1,401,1000,0.5,0.747
903,1,1,402,1000,0.5,0.741
904,1,1,403,1000,0.5,0.728
905,1,1,404,1000,0.5,0.7305
906,1,1,405,1000,0.5,0.74
907,1,1,406,1000,0.5,0.739
908,1,1,407,1000,0.5,0.7385
909,1,1,408,1000,0.5,0.7585
910,1,1,409,1000,0.5,0.756
911,1,1,410,1000,0.5,0.7545
912,1,1,411,1000,0.5,0.754
913,1,1,412,1000,0.5,0.7405
914,1,1,413,1000,0.5,0.73
915,1,1,414,1000,0.5,0.724
916,1,1,415,1000,0.5,0.7155
917,1,1,416,1000,0.5,0.715
918,1,1,417,1000,0.5,0.722
919,1,1,418,1000,0.5,0.743
920,1,1,419,1000,0.5,0.7385
921,1,1,420,1000,0.5,0.728
922,1,1,421,1000,0.5,0.7305
923,1,1,422,1000,0.5,0.7275
924,1,1,423,1000,0.5,0.7385
925,1,1,424,1000,0.5,0.7465
926,1,1,425,1000,0.5,0.739
927,1,1,426,1000,0.5,0.763
928,1,1,427,1000,0.5,0.734
929,1,1,428,1000,0.5,0.7415
930,1,1,429,1000,0.5,0.7325
931,1,1,430,1000,0.5,0.736
932,1,1,431,1000,0.5,0.727
933,1,1,432,1000,0.5,0.713
934,1,1,433,1000,0.5,0.7345
935,1,1,434,1000,0.5,0.7335
936,1,1,435,1000,0.5,0.736
937,1,1,436,1000,0.5,0.7205
938,1,1,437,1000,0.5,0.71
939,1,1,438,1000,0.5,0.7025
940,1,1,439,1000,0.5,0.711
941,1,1,440,1000,0.5,0.7115
942,1,1,441,1000,0.5,0.733
943,1,1,442,1000,0.5,0.7555
944,1,1,443,1000,0.5,0.7575
945,1,1,444,1000,0.5,0.7525
946,1,1,445,1000,0.5,0.7435
947,1,1,446,1000,0.5,0.746
948,1,1,447,1000,0.5,0.759
949,1,1,448,1000,0.5,0.763
950,1,1,449,1000,0.5,0.749
951,1,1,450,1000,0.5,0.7315
952,1,1,451,1000,0.5,0.7285
953,1,1,452,1000,0.5,0.7255
954,1,1,453,1000,0.5,0.7225
955,1,1,454,1000,0.5,0.7135
956,1,1,455,1000,0.5,0.7145
957,1,1,456,1000,0.5,0.7145
958,1,1,457,1000,0.5,0.71
959,1,1,458,1000,0.5,0.6905
960,1,1,459,1000,0.5,0.6825
961,1,1,460,1000,0.5,0.6815
962,1,1,461,1000,0.5,0.673
963,1,1,462,1000,0.5,0.673
964,1,1,463,1000,0.5,0.686
965,1,1,464,1000,0.5,0.681
966,1,1,465,1000,0.5,0.688
967,1,1,466,1000,0.5,0.689
968,1,1,467,1000,0.5,0.6995
969,1,1,468,1000,0.5,0.712
970,1,1,469,1000,0.5,0.7025
971,1,1,470,1000,0.5,0.721
972,1,1,471,1000,0.5,0.7215
973,1,1,472,1000,0.5,0.727
974,1,1,473,1000,0.5,0.721
975,1,1,474,1000,0.5,0.7375
976,1,1,475,1000,0.5,0.7245
977,1,1,476,1000,0.5,0.728
978,1,1,477,1000,0.5,0.742
979,1,1,478,1000,0.5,0.7715
980,1,1,479,1000,0.5,0.79
981,1,1,480,1000,0.5,0.787
982,1,1,481,1000,0.5,0.7765
983,1,1,482,1000,0.5,0.7725
984,1,1,483,1000,0.5,0.769
985,1,1,484,1000,0.5,0.7655
986,1,1,485,1000,0.5,0.7625
987,1,1,486,1000,0.5,0.775
988,1,1,487,1000,0.5,0.7765
989,1,1,488,1000,0.5,0.7685
990,1,1,489,1000,0.5,0.7435
991,1,1,490,1000,0.5,0.7475
992,1,1,491,1000,0.5,0.763
993,1,1,492,1000,0.5,0.7415
994,1,1,493,1000,0.5,0.7705
995,1,1,494,1000,0.5,0.756
996,1,1,495,1000,0.5,0.7415
997,1,1,496,1000,0.5,0.7415
998,1,1,497,1000,0.5,0.752
999,1,1,498,1000,0.5,0.7445
1000,1,1,499,1000,0.5,0.735
1001,1,1,500,1000,0.5,0.7245
1002,2,2,0,1000,0.5,0.503
1003,2,2,1,1000,0.5,0.5235
1004,2,2,2,1000,0.5,0.5355
1005,2,2,3,1000,0.5,0.5315
1006,2,2,4,1000,0.5,0.5415
1007,2,2,5,1000,0.5,0.5705
1008,2,2,6,1000,0.5,0.6005
1009,2,2,7,1000,0.5,0.6245
1010,2,2,8,1000,0.5,0.641
1011,2,2,9,1000,0.5,0.653
1012,2,2,10,1000,0.5,0.6645
1013,2,2,11,1000,0.5,0.677
1014,2,2,12,1000,0.5,0.6915
1015,2,2,13,1000,0.5,0.71
1016,2,2,14,1000,0.5,0.715
1017,2,2,15,1000,0.5,0.702
1018,2,2,16,1000,0.5,0.692
1019,2,2,17,1000,0.5,0.694
1020,2,2,18,1000,0.5,0.714
1021,2,2,19,1000,0.5,0.726
1022,2,2,20,1000,0.5,0.736
1023,2,2,21,1000,0.5,0.728
1024,2,2,22,1000,0.5,0.7525
1025,2,2,23,1000,0.5,0.7475
1026,2,2,24,1000,0.5,0.737
1027,2,2,25,1000,0.5,0.7515
1028,2,2,26,1000,0.5,0.7255
1029,2,2,27,1000,0.5,0.712
1030,2,2,28,1000,0.5,0.6975
1031,2,2,29,1000,0.5,0.692
1032,2,2,30,1000,0.5,0.7205
1033,2,2,31,1000,0.5,0.7155
1034,2,2,32,1000,0.5,0.7025
1035,2,2,33,1000,0.5,0.6985
1036,2,2,34,1000,0.5,0.7135
1037,2,2,35,1000,0.5,0.699
1038,2,2,36,1000,0.5,0.699
1039,2,2,37,1000,0.5,0.7225
1040,2,2,38,1000,0.5,0.7325
1041,2,2,39,1000,0.5,0.7225
1042,2,2,40,1000,0.5,0.726
1043,2,2,41,1000,0.5,0.77
1044,2,2,42,1000,0.5,0.7765
1045,2,2,43,1000,0.5,0.7635
1046,2,2,44,1000,0.5,0.7455
1047,2,2,45,1000,0.5,0.7375
1048,2,2,46,1000,0.5,0.732
1049,2,2,47,1000,0.5,0.7195
1050,2,2,48,1000,0.5,0.735
1051,2,2,49,1000,0.5,0.745
1052,2,2,50,1000,0.5,0.7525
1053,2,2,51,1000,0.5,0.7535
1054,2,2,52,1000,0.5,0.722
1055,2,2,53,1000,0.5,0.731
1056,2,2,54,1000,0.5,0.737
1057,2,2,55,1000,0.5,0.7355
1058,2,2,56,1000,0.5,0.7195
1059,2,2,57,1000,0.5,0.7185
1060,2,2,58,1000,0.5,0.7375
1061,2,2,59,1000,0.5,0.7545
1062,2,2,60,1000,0.5,0.7765
1063,2,2,61,1000,0.5,0.781
1064,2,2,62,1000,0.5,0.763
1065,2,2,63,1000,0.5,0.7605
1066,2,2,64,1000,0.5,0.7675
1067,2,2,65,1000,0.5,0.7735
1068,2,2,66,1000,0.5,0.759
1069,2,2,67,1000,0.5,0.75
1070,2,2,68,1000,0.5,0.7435
1071,2,2,69,1000,0.5,0.7415
1072,2,2,70,1000,0.5,0.7335
1073,2,2,71,1000,0.5,0.7475
1074,2,2,72,1000,0.5,0.7485
1075,2,2,73,1000,0.5,0.762
1076,2,2,74,1000,0.5,0.7615
1077,2,2,75,1000,0.5,0.746
1078,2,2,76,1000,0.5,0.7315
1079,2,2,77,1000,0.5,0.721
1080,2,2,78,1000,0.5,0.7005
1081,2,2,79,1000,0.5,0.7035
1082,2,2,80,1000,0.5,0.703
1083,2,2,81,1000,0.5,0.701
1084,2,2,82,1000,0.5,0.7195
1085,2,2,83,1000,0.5,0.7045
1086,2,2,84,1000,0.5,0.7075
1087,2,2,85,1000,0.5,0.7195
1088,2,2,86,1000,0.5,0.726
1089,2,2,87,1000,0.5,0.697
1090,2,2,88,1000,0.5,0.69
1091,2,2,89,1000,0.5,0.689
1092,2,2,90,1000,0.5,0.6925
1093,2,2,91,1000,0.5,0.713
1094,2,2,92,1000,0.5,0.7025
1095,2,2,93,1000,0.5,0.7265
1096,2,2,94,1000,0.5,0.7425
1097,2,2,95,1000,0.5,0.7365
1098,2,2,96,1000,0.5,0.7295
1099,2,2,97,1000,0.5,0.7395
1100,2,2,98,1000,0.5,0.742
1101,2,2,99,1000,0.5,0.751
1102,2,2,100,1000,0.5,0.7615
1103,2,2,101,1000,0.5,0.7545
1104,2,2,102,1000,0.5,0.7625
1105,2,2,103,1000,0.5,0.754
1106,2,2,104,1000,0.5,0.7675
1107,2,2,105,1000,0.5,0.7695
1108,2,2,106,1000,0.5,0.764
1109,2,2,107,1000,0.5,0.766
1110,2,2,108,1000,0.5,0.749
1111,2,2,109,1000,0.5,0.756
1112,2,2,110,1000,0.5,0.741
1113,2,2,111,1000,0.5,0.7355
1114,2,2,112,1000,0.5,0.727
1115,2,2,113,1000,0.5,0.728
1116,2,2,114,1000,0.5,0.709
1117,2,2,115,1000,0.5,0.718
1118,2,2,116,1000,0.5,0.697
1119,2,2,117,1000,0.5,0.6965
1120,2,2,118,1000,0.5,0.7085
1121,2,2,119,1000,0.5,0.707
1122,2,2,120,1000,0.5,0.7075
1123,2,2,121,1000,0.5,0.683
1124,2,2,122,1000,0.5,0.69
1125,2,2,123,1000,0.5,0.69
1126,2,2,124,1000,0.5,0.6875
1127,2,2,125,1000,0.5,0.706
1128,2,2,126,1000,0.5,0.7145
1129,2,2,127,1000,0.5,0.7325
1130,2,2,128,1000,0.5,0.7185
1131,2,2,129,1000,0.5,0.7265
1132,2,2,130,1000,0.5,0.7125
1133,2,2,131,1000,0.5,0.7285
1134,2,2,132,1000,0.5,0.73
1135,2,2,133,1000,0.5,0.7355
1136,2,2,134,1000,0.5,0.7385
1137,2,2,135,1000,0.5,0.752
1138,2,2,136,1000,0.5,0.747
1139,2,2,137,1000,0.5,0.74
1140,2,2,138,1000,0.5,0.7305
1141,2,2,139,1000,0.5,0.738
1142,2,2,140,1000,0.5,0.7365
1143,2,2,141,1000,0.5,0.7355
1144,2,2,142,1000,0.5,0.7145
1145,2,2,143,1000,0.5,0.735
1146,2,2,144,1000,0.5,0.717
1147,2,2,145,1000,0.5,0.719
1148,2,2,146,1000,0.5,0.7295
1149,2,2,147,1000,0.5,0.735
1150,2,2,148,1000,0.5,0.752
1151,2,2,149,1000,0.5,0.7335
1152,2,2,150,1000,0.5,0.726
1153,2,2,151,1000,0.5,0.7185
1154,2,2,152,1000,0.5,0.7255
1155,2,2,153,1000,0.5,0.734
1156,2,2,154,1000,0.5,0.726
1157,2,2,155,1000,0.5,0.7375
1158,2,2,156,1000,0.5,0.735
1159,2,2,157,1000,0.5,0.727
1160,2,2,158,1000,0.5,0.7625
1161,2,2,159,1000,0.5,0.743
1162,2,2,160,1000,0.5,0.7315
1163,2,2,161,1000,0.5,0.715
1164,2,2,162,1000,0.5,0.699
1165,2,2,163,1000,0.5,0.714
1166,2,2,164,1000,0.5,0.742
1167,2,2,165,1000,0.5,0.737
1168,2,2,166,1000,0.5,0.7335
1169,2,2,167,1000,0.5,0.755
1170,2,2,168,1000,0.5,0.7565
1171,2,2,169,1000,0.5,0.744
1172,2,2,170,1000,0.5,0.7615
1173,2,2,171,1000,0.5,0.757
1174,2,2,172,1000,0.5,0.7485
1175,2,2,173,1000,0.5,0.7545
1176,2,2,174,1000,0.5,0.7735
1177,2,2,175,1000,0.5,0.7695
1178,2,2,176,1000,0.5,0.7805
1179,2,2,177,1000,0.5,0.778
1180,2,2,178,1000,0.5,0.782
1181,2,2,179,1000,0.5,0.7995
1182,2,2,180,1000,0.5,0.7795
1183,2,2,181,1000,0.5,0.765
1184,2,2,182,1000,0.5,0.7505
1185,2,2,183,1000,0.5,0.7405
1186,2,2,184,1000,0.5,0.7545
1187,2,2,185,1000,0.5,0.753
1188,2,2,186,1000,0.5,0.754
1189,2,2,187,1000,0.5,0.736
1190,2,2,188,1000,0.5,0.758
1191,2,2,189,1000,0.5,0.79
1192,2,2,190,1000,0.5,0.7925
1193,2,2,191,1000,0.5,0.7815
1194,2,2,192,1000,0.5,0.79
1195,2,2,193,1000,0.5,0.7985
1196,2,2,194,1000,0.5,0.79
1197,2,2,195,1000,0.5,0.7875
1198,2,2,196,1000,0.5,0.7845
1199,2,2,197,1000,0.5,0.789
1200,2,2,198,1000,0.5,0.781
1201,2,2,199,1000,0.5,0.7515
1202,2,2,200,1000,0.5,0.7295
1203,2,2,201,1000,0.5,0.7255
1204,2,2,202,1000,0.5,0.7415
1205,2,2,203,1000,0.5,0.7545
1206,2,2,204,1000,0.5,0.7445
1207,2,2,205,1000,0.5,0.728
1208,2,2,206,1000,0.5,0.729
1209,2,2,207,1000,0.5,0.7485
1210,2,2,208,1000,0.5,0.758
1211,2,2,209,1000,0.5,0.7465
1212,2,2,210,1000,0.5,0.7465
1213,2,2,211,1000,0.5,0.769
1214,2,2,212,1000,0.5,0.7755
1215,2,2,213,1000,0.5,0.7585
1216,2,2,214,1000,0.5,0.7565
1217,2,2,215,1000,0.5,0.729
1218,2,2,216,1000,0.5,0.745
1219,2,2,217,1000,0.5,0.735
1220,2,2,218,1000,0.5,0.72
1221,2,2,219,1000,0.5,0.72
1222,2,2,220,1000,0.5,0.707
1223,2,2,221,1000,0.5,0.7005
1224,2,2,222,1000,0.5,0.6745
1225,2,2,223,1000,0.5,0.6945
1226,2,2,224,1000,0.5,0.69
1227,2,2,225,1000,0.5,0.694
1228,2,2,226,1000,0.5,0.7065
1229,2,2,227,1000,0.5,0.6895
1230,2,2,228,1000,0.5,0.6895
1231,2,2,229,1000,0.5,0.6745
1232,2,2,230,1000,0.5,0.6955
1233,2,2,231,1000,0.5,0.689
1234,2,2,232,1000,0.5,0.681
1235,2,2,233,1000,0.5,0.686
1236,2,2,234,1000,0.5,0.6765
1237,2,2,235,1000,0.5,0.7055
1238,2,2,236,1000,0.5,0.7185
1239,2,2,237,1000,0.5,0.7
1240,2,2,238,1000,0.5,0.702
1241,2,2,239,1000,0.5,0.697
1242,2,2,240,1000,0.5,0.705
1243,2,2,241,1000,0.5,0.7095
1244,2,2,242,1000,0.5,0.697
1245,2,2,243,1000,0.5,0.7075
1246,2,2,244,1000,0.5,0.7255
1247,2,2,245,1000,0.5,0.7225
1248,2,2,246,1000,0.5,0.7335
1249,2,2,247,1000,0.5,0.7315
1250,2,2,248,1000,0.5,0.718
1251,2,2,249,1000,0.5,0.715
1252,2,2,250,1000,0.5,0.7265
1253,2,2,251,1000,0.5,0.725
1254,2,2,252,1000,0.5,0.7355
1255,2,2,253,1000,0.5,0.726
1256,2,2,254,1000,0.5,0.7245
1257,2,2,255,1000,0.5,0.741
1258,2,2,256,1000,0.5,0.7315
1259,2,2,257,1000,0.5,0.711
1260,2,2,258,1000,0.5,0.7015
1261,2,2,259,1000,0.5,0.7125
1262,2,2,260,1000,0.5,0.695
1263,2,2,261,1000,0.5,0.71
1264,2,2,262,1000,0.5,0.716
1265,2,2,263,1000,0.5,0.7325
1266,2,2,264,1000,0.5,0.744
1267,2,2,265,1000,0.5,0.7455
1268,2,2,266,1000,0.5,0.77
1269,2,2,267,1000,0.5,0.7755
1270,2,2,268,1000,0.5,0.7775
1271,2,2,269,1000,0.5,0.764
1272,2,2,270,1000,0.5,0.7625
1273,2,2,271,1000,0.5,0.7765
1274,2,2,272,1000,0.5,0.784
1275,2,2,273,1000,0.5,0.777
1276,2,2,274,1000,0.5,0.773
1277,2,2,275,1000,0.5,0.756
1278,2,2,276,1000,0.5,0.754
1279,2,2,277,1000,0.5,0.7335
1280,2,2,278,1000,0.5,0.7305
1281,2,2,279,1000,0.5,0.738
1282,2,2,280,1000,0.5,0.735
1283,2,2,281,1000,0.5,0.7235
1284,2,2,282,1000,0.5,0.719
1285,2,2,283,1000,0.5,0.765
1286,2,2,284,1000,0.5,0.759
1287,2,2,285,1000,0.5,0.7615
1288,2,2,286,1000,0.5,0.7695
1289,2,2,287,1000,0.5,0.7495
1290,2,2,288,1000,0.5,0.7575
1291,2,2,289,1000,0.5,0.7555
1292,2,2,290,1000,0.5,0.741
1293,2,2,291,1000,0.5,0.7265
1294,2,2,292,1000,0.5,0.715
1295,2,2,293,1000,0.5,0.716
1296,2,2,294,1000,0.5,0.7245
1297,2,2,295,1000,0.5,0.7175
1298,2,2,296,1000,0.5,0.7185
1299,2,2,297,1000,0.5,0.716
1300,2,2,298,1000,0.5,0.722
1301,2,2,299,1000,0.5,0.7315
1302,2,2,300,1000,0.5,0.7065
1303,2,2,301,1000,0.5,0.703
1304,2,2,302,1000,0.5,0.701
1305,2,2,303,1000,0.5,0.713
1306,2,2,304,1000,0.5,0.718
1307,2,2,305,1000,0.5,0.7475
1308,2,2,306,1000,0.5,0.727
1309,2,2,307,1000,0.5,0.721
1310,2,2,308,1000,0.5,0.706
1311,2,2,309,1000,0.5,0.7185
1312,2,2,310,1000,0.5,0.7435
1313,2,2,311,1000,0.5,0.74
1314,2,2,312,1000,0.5,0.7365
1315,2,2,313,1000,0.5,0.7335
1316,2,2,314,1000,0.5,0.737
1317,2,2,315,1000,0.5,0.7325
1318,2,2,316,1000,0.5,0.748
1319,2,2,317,1000,0.5,0.7515
1320,2,2,318,1000,0.5,0.7455
1321,2,2,319,1000,0.5,0.7465
1322,2,2,320,1000,0.5,0.762
1323,2,2,321,1000,0.5,0.7585
1324,2,2,322,1000,0.5,0.7545
1325,2,2,323,1000,0.5,0.744
1326,2,2,324,1000,0.5,0.7205
1327,2,2,325,1000,0.5,0.7225
1328,2,2,326,1000,0.5,0.7385
1329,2,2,327,1000,0.5,0.7265
1330,2,2,328,1000,0.5,0.727
1331,2,2,329,1000,0.5,0.7315
1332,2,2,330,1000,0.5,0.733
1333,2,2,331,1000,0.5,0.7315
1334,2,2,332,1000,0.5,0.746
1335,2,2,333,1000,0.5,0.7265
1336,2,2,334,1000,0.5,0.7325
1337,2,2,335,1000,0.5,0.7285
1338,2,2,336,1000,0.5,0.724
1339,2,2,337,1000,0.5,0.7235
1340,2,2,338,1000,0.5,0.729
1341,2,2,339,1000,0.5,0.7355
1342,2,2,340,1000,0.5,0.739
1343,2,2,341,1000,0.5,0.733
1344,2,2,342,1000,0.5,0.7375
1345,2,2,343,1000,0.5,0.741
1346,2,2,344,1000,0.5,0.74
1347,2,2,345,1000,0.5,0.741
1348,2,2,346,1000,0.5,0.7365
1349,2,2,347,1000,0.5,0.7495
1350,2,2,348,1000,0.5,0.741
1351,2,2,349,1000,0.5,0.7275
1352,2,2,350,1000,0.5,0.745
1353,2,2,351,1000,0.5,0.751
1354,2,2,352,1000,0.5,0.7375
1355,2,2,353,1000,0.5,0.7255
1356,2,2,354,1000,0.5,0.761
1357,2,2,355,1000,0.5,0.7345
1358,2,2,356,1000,0.5,0.7215
1359,2,2,357,1000,0.5,0.7305
1360,2,2,358,1000,0.5,0.732
1361,2,2,359,1000,0.5,0.731
1362,2,2,360,1000,0.5,0.726
1363,2,2,361,1000,0.5,0.7235
1364,2,2,362,1000,0.5,0.7255
1365,2,2,363,1000,0.5,0.719
1366,2,2,364,1000,0.5,0.721
1367,2,2,365,1000,0.5,0.718
1368,2,2,366,1000,0.5,0.736
1369,2,2,367,1000,0.5,0.7225
1370,2,2,368,1000,0.5,0.7265
1371,2,2,369,1000,0.5,0.7325
1372,2,2,370,1000,0.5,0.718
1373,2,2,371,1000,0.5,0.7135
1374,2,2,372,1000,0.5,0.7175
1375,2,2,373,1000,0.5,0.7425
1376,2,2,374,1000,0.5,0.728
1377,2,2,375,1000,0.5,0.722
1378,2,2,376,1000,0.5,0.7165
1379,2,2,377,1000,0.5,0.733
1380,2,2,378,1000,0.5,0.7205
1381,2,2,379,1000,0.5,0.73
1382,2,2,380,1000,0.5,0.739
1383,2,2,381,1000,0.5,0.747
1384,2,2,382,1000,0.5,0.7465
1385,2,2,383,1000,0.5,0.737
1386,2,2,384,1000,0.5,0.7445
1387,2,2,385,1000,0.5,0.7245
1388,2,2,386,1000,0.5,0.729
1389,2,2,387,1000,0.5,0.7335
1390,2,2,388,1000,0.5,0.721
1391,2,2,389,1000,0.5,0.736
1392,2,2,390,1000,0.5,0.753
1393,2,2,391,1000,0.5,0.741
1394,2,2,392,1000,0.5,0.722
1395,2,2,393,1000,0.5,0.725
1396,2,2,394,1000,0.5,0.719
1397,2,2,395,1000,0.5,0.7285
1398,2,2,396,1000,0.5,0.748
1399,2,2,397,1000,0.5,0.7535
1400,2,2,398,1000,0.5,0.7625
1401,2,2,399,1000,0.5,0.749
1402,2,2,400,1000,0.5,0.7495
1403,2,2,401,1000,0.5,0.7315
1404,2,2,402,1000,0.5,0.715
1405,2,2,403,1000,0.5,0.698
1406,2,2,404,1000,0.5,0.724
1407,2,2,405,1000,0.5,0.701
1408,2,2,406,1000,0.5,0.723
1409,2,2,407,1000,0.5,0.7245
1410,2,2,408,1000,0.5,0.7285
1411,2,2,409,1000,0.5,0.7125
1412,2,2,410,1000,0.5,0.718
1413,2,2,411,1000,0.5,0.7225
1414,2,2,412,1000,0.5,0.7195
1415,2,2,413,1000,0.5,0.7085
1416,2,2,414,1000,0.5,0.717
1417,2,2,415,1000,0.5,0.7235
1418,2,2,416,1000,0.5,0.71
1419,2,2,417,1000,0.5,0.7045
1420,2,2,418,1000,0.5,0.7065
1421,2,2,419,1000,0.5,0.718
1422,2,2,420,1000,0.5,0.7325
1423,2,2,421,1000,0.5,0.7445
1424,2,2,422,1000,0.5,0.734
1425,2,2,423,1000,0.5,0.737
1426,2,2,424,1000,0.5,0.7405
1427,2,2,425,1000,0.5,0.745
1428,2,2,426,1000,0.5,0.758
1429,2,2,427,1000,0.5,0.7545
1430,2,2,428,1000,0.5,0.736
1431,2,2,429,1000,0.5,0.724
1432,2,2,430,1000,0.5,0.7065
1433,2,2,431,1000,0.5,0.7255
1434,2,2,432,1000,0.5,0.705
1435,2,2,433,1000,0.5,0.718
1436,2,2,434,1000,0.5,0.7105
1437,2,2,435,1000,0.5,0.705
1438,2,2,436,1000,0.5,0.6905
1439,2,2,437,1000,0.5,0.7015
1440,2,2,438,1000,0.5,0.7205
1441,2,2,439,1000,0.5,0.726
1442,2,2,440,1000,0.5,0.7155
1443,2,2,441,1000,0.5,0.7225
1444,2,2,442,1000,0.5,0.723
1445,2,2,443,1000,0.5,0.7135
1446,2,2,444,1000,0.5,0.72
1447,2,2,445,1000,0.5,0.729
1448,2,2,446,1000,0.5,0.734
1449,2,2,447,1000,0.5,0.7085
1450,2,2,448,1000,0.5,0.696
1451,2,2,449,1000,0.5,0.712
1452,2,2,450,1000,0.5,0.699
1453,2,2,451,1000,0.5,0.682
1454,2,2,452,1000,0.5,0.671
1455,2,2,453,1000,0.5,0.669
1456,2,2,454,1000,0.5,0.6785
1457,2,2,455,1000,0.5,0.693
1458,2,2,456,1000,0.5,0.6975
1459,2,2,457,1000,0.5,0.694
1460,2,2,458,1000,0.5,0.7045
1461,2,2,459,1000,0.5,0.7285
1462,2,2,460,1000,0.5,0.7185
1463,2,2,461,1000,0.5,0.717
1464,2,2,462,1000,0.5,0.701
1465,2,2,463,1000,0.5,0.689
1466,2,2,464,1000,0.5,0.694
1467,2,2,465,1000,0.5,0.6865
1468,2,2,466,1000,0.5,0.697
1469,2,2,467,1000,0.5,0.7025
1470,2,2,468,1000,0.5,0.7165
1471,2,2,469,1000,0.5,0.7145
1472,2,2,470,1000,0.5,0.703
1473,2,2,471,1000,0.5,0.7155
1474,2,2,472,1000,0.5,0.713
1475,2,2,473,1000,0.5,0.725
1476,2,2,474,1000,0.5,0.7225
1477,2,2,475,1000,0.5,0.739
1478,2,2,476,1000,0.5,0.744
1479,2,2,477,1000,0.5,0.731
1480,2,2,478,1000,0.5,0.7605
1481,2,2,479,1000,0.5,0.7545
1482,2,2,480,1000,0.5,0.7515
1483,2,2,481,1000,0.5,0.7325
1484,2,2,482,1000,0.5,0.7415
1485,2,2,483,1000,0.5,0.7235
1486,2,2,484,1000,0.5,0.7355
1487,2,2,485,1000,0.5,0.7175
1488,2,2,486,1000,0.5,0.706
1489,2,2,487,1000,0.5,0.6955
1490,2,2,488,1000,0.5,0.6985
1491,2,2,489,1000,0.5,0.695
1492,2,2,490,1000,0.5,0.703
1493,2,2,491,1000,0.5,0.7075
1494,2,2,492,1000,0.5,0.715
1495,2,2,493,1000,0.5,0.7265
1496,2,2,494,1000,0.5,0.7265
1497,2,2,495,1000,0.5,0.751
1498,2,2,496,1000,0.5,0.7545
1499,2,2,497,1000,0.5,0.725
1500,2,2,498,1000,0.5,0.7485
1501,2,2,499,1000,0.5,0.761
1502,2,2,500,1000,0.5,0.7405
1503,3,3,0,1000,0.5,0.5145
1504,3,3,1,1000,0.5,0.524
1505,3,3,2,1000,0.5,0.553
1506,3,3,3,1000,0.5,0.5665
1507,3,3,4,1000,0.5,0.571
1508,3,3,5,1000,0.5,0.5905
1509,3,3,6,1000,0.5,0.581
1510,3,3,7,1000,0.5,0.6045
1511,3,3,8,1000,0.5,0.624
1512,3,3,9,1000,0.5,0.6355
1513,3,3,10,1000,0.5,0.64
1514,3,3,11,1000,0.5,0.6655
1515,3,3,12,1000,0.5,0.6685
1516,3,3,13,1000,0.5,0.6875
1517,3,3,14,1000,0.5,0.703
1518,3,3,15,1000,0.5,0.697
1519,3,3,16,1000,0.5,0.7065
1520,3,3,17,1000,0.5,0.7165
1521,3,3,18,1000,0.5,0.717
1522,3,3,19,1000,0.5,0.7145
1523,3,3,20,1000,0.5,0.719
1524,3,3,21,1000,0.5,0.722
1525,3,3,22,1000,0.5,0.727
1526,3,3,23,1000,0.5,0.7235
1527,3,3,24,1000,0.5,0.713
1528,3,3,25,1000,0.5,0.713
1529,3,3,26,1000,0.5,0.725
1530,3,3,27,1000,0.5,0.7335
1531,3,3,28,1000,0.5,0.729
1532,3,3,29,1000,0.5,0.7405
1533,3,3,30,1000,0.5,0.7415
1534,3,3,31,1000,0.5,0.7415
1535,3,3,32,1000,0.5,0.743
1536,3,3,33,1000,0.5,0.7525
1537,3,3,34,1000,0.5,0.744
1538,3,3,35,1000,0.5,0.736
1539,3,3,36,1000,0.5,0.741
1540,3,3,37,1000,0.5,0.734
1541,3,3,38,1000,0.5,0.755
1542,3,3,39,1000,0.5,0.751
1543,3,3,40,1000,0.5,0.7735
1544,3,3,41,1000,0.5,0.7465
1545,3,3,42,1000,0.5,0.7505
1546,3,3,43,1000,0.5,0.7515
1547,3,3,44,1000,0.5,0.7355
1548,3,3,45,1000,0.5,0.7405
1549,3,3,46,1000,0.5,0.7485
1550,3,3,47,1000,0.5,0.7455
1551,3,3,48,1000,0.5,0.7395
1552,3,3,49,1000,0.5,0.726
1553,3,3,50,1000,0.5,0.7025
1554,3,3,51,1000,0.5,0.7
1555,3,3,52,1000,0.5,0.71
1556,3,3,53,1000,0.5,0.723
1557,3,3,54,1000,0.5,0.7245
1558,3,3,55,1000,0.5,0.713
1559,3,3,56,1000,0.5,0.71
1560,3,3,57,1000,0.5,0.7435
1561,3,3,58,1000,0.5,0.752
1562,3,3,59,1000,0.5,0.746
1563,3,3,60,1000,0.5,0.7555
1564,3,3,61,1000,0.5,0.775
1565,3,3,62,1000,0.5,0.7995
1566,3,3,63,1000,0.5,0.779
1567,3,3,64,1000,0.5,0.7565
1568,3,3,65,1000,0.5,0.7585
1569,3,3,66,1000,0.5,0.7515
1570,3,3,67,1000,0.5,0.771
1571,3,3,68,1000,0.5,0.7785
1572,3,3,69,1000,0.5,0.7745
1573,3,3,70,1000,0.5,0.7825
1574,3,3,71,1000,0.5,0.7735
1575,3,3,72,1000,0.5,0.765
1576,3,3,73,1000,0.5,0.76
1577,3,3,74,1000,0.5,0.7635
1578,3,3,75,1000,0.5,0.7535
1579,3,3,76,1000,0.5,0.7615
1580,3,3,77,1000,0.5,0.748
1581,3,3,78,1000,0.5,0.758
1582,3,3,79,1000,0.5,0.7455
1583,3,3,80,1000,0.5,0.7505
1584,3,3,81,1000,0.5,0.7535
1585,3,3,82,1000,0.5,0.765
1586,3,3,83,1000,0.5,0.768
1587,3,3,84,1000,0.5,0.755
1588,3,3,85,1000,0.5,0.7465
1589,3,3,86,1000,0.5,0.7515
1590,3,3,87,1000,0.5,0.756
1591,3,3,88,1000,0.5,0.724
1592,3,3,89,1000,0.5,0.733
1593,3,3,90,1000,0.5,0.739
1594,3,3,91,1000,0.5,0.7435
1595,3,3,92,1000,0.5,0.721
1596,3,3,93,1000,0.5,0.718
1597,3,3,94,1000,0.5,0.708
1598,3,3,95,1000,0.5,0.712
1599,3,3,96,1000,0.5,0.735
1600,3,3,97,1000,0.5,0.73
1601,3,3,98,1000,0.5,0.742
1602,3,3,99,1000,0.5,0.7345
1603,3,3,100,1000,0.5,0.735
1604,3,3,101,1000,0.5,0.7375
1605,3,3,102,1000,0.5,0.765
1606,3,3,103,1000,0.5,0.7565
1607,3,3,104,1000,0.5,0.75
1608,3,3,105,1000,0.5,0.7385
1609,3,3,106,1000,0.5,0.7415
1610,3,3,107,1000,0.5,0.7425
1611,3,3,108,1000,0.5,0.732
1612,3,3,109,1000,0.5,0.7435
1613,3,3,110,1000,0.5,0.733
1614,3,3,111,1000,0.5,0.7335
1615,3,3,112,1000,0.5,0.7305
1616,3,3,113,1000,0.5,0.729
1617,3,3,114,1000,0.5,0.732
1618,3,3,115,1000,0.5,0.743
1619,3,3,116,1000,0.5,0.73
1620,3,3,117,1000,0.5,0.7295
1621,3,3,118,1000,0.5,0.705
1622,3,3,119,1000,0.5,0.721
1623,3,3,120,1000,0.5,0.7455
1624,3,3,121,1000,0.5,0.752
1625,3,3,122,1000,0.5,0.758
1626,3,3,123,1000,0.5,0.7595
1627,3,3,124,1000,0.5,0.7545
1628,3,3,125,1000,0.5,0.7585
1629,3,3,126,1000,0.5,0.7715
1630,3,3,127,1000,0.5,0.7585
1631,3,3,128,1000,0.5,0.7545
1632,3,3,129,1000,0.5,0.749
1633,3,3,130,1000,0.5,0.7425
1634,3,3,131,1000,0.5,0.7385
1635,3,3,132,1000,0.5,0.74
1636,3,3,133,1000,0.5,0.7465
1637,3,3,134,1000,0.5,0.7495
1638,3,3,135,1000,0.5,0.742
1639,3,3,136,1000,0.5,0.751
1640,3,3,137,1000,0.5,0.7555
1641,3,3,138,1000,0.5,0.735
1642,3,3,139,1000,0.5,0.7205
1643,3,3,140,1000,0.5,0.7305
1644,3,3,141,1000,0.5,0.749
1645,3,3,142,1000,0.5,0.749
1646,3,3,143,1000,0.5,0.7395
1647,3,3,144,1000,0.5,0.732
1648,3,3,145,1000,0.5,0.7245
1649,3,3,146,1000,0.5,0.7185
1650,3,3,147,1000,0.5,0.745
1651,3,3,148,1000,0.5,0.758
1652,3,3,149,1000,0.5,0.758
1653,3,3,150,1000,0.5,0.751
1654,3,3,151,1000,0.5,0.7455
1655,3,3,152,1000,0.5,0.7375
1656,3,3,153,1000,0.5,0.7435
1657,3,3,154,1000,0.5,0.738
1658,3,3,155,1000,0.5,0.727
1659,3,3,156,1000,0.5,0.7325
1660,3,3,157,1000,0.5,0.7565
1661,3,3,158,1000,0.5,0.7585
1662,3,3,159,1000,0.5,0.759
1663,3,3,160,1000,0.5,0.769
1664,3,3,161,1000,0.5,0.7765
1665,3,3,162,1000,0.5,0.764
1666,3,3,163,1000,0.5,0.773
1667,3,3,164,1000,0.5,0.765
1668,3,3,165,1000,0.5,0.7585
1669,3,3,166,1000,0.5,0.7685
1670,3,3,167,1000,0.5,0.7705
1671,3,3,168,1000,0.5,0.756
1672,3,3,169,1000,0.5,0.7665
1673,3,3,170,1000,0.5,0.7565
1674,3,3,171,1000,0.5,0.765
1675,3,3,172,1000,0.5,0.767
1676,3,3,173,1000,0.5,0.7785
1677,3,3,174,1000,0.5,0.7645
1678,3,3,175,1000,0.5,0.7505
1679,3,3,176,1000,0.5,0.758
1680,3,3,177,1000,0.5,0.765
1681,3,3,178,1000,0.5,0.7695
1682,3,3,179,1000,0.5,0.775
1683,3,3,180,1000,0.5,0.7405
1684,3,3,181,1000,0.5,0.7315
1685,3,3,182,1000,0.5,0.7335
1686,3,3,183,1000,0.5,0.7295
1687,3,3,184,1000,0.5,0.7365
1688,3,3,185,1000,0.5,0.7455
1689,3,3,186,1000,0.5,0.7435
1690,3,3,187,1000,0.5,0.752
1691,3,3,188,1000,0.5,0.758
1692,3,3,189,1000,0.5,0.752
1693,3,3,190,1000,0.5,0.7585
1694,3,3,191,1000,0.5,0.739
1695,3,3,192,1000,0.5,0.7395
1696,3,3,193,1000,0.5,0.7565
1697,3,3,194,1000,0.5,0.762
1698,3,3,195,1000,0.5,0.7635
1699,3,3,196,1000,0.5,0.7625
1700,3,3,197,1000,0.5,0.755
1701,3,3,198,1000,0.5,0.7835
1702,3,3,199,1000,0.5,0.8025
1703,3,3,200,1000,0.5,0.767
1704,3,3,201,1000,0.5,0.753
1705,3,3,202,1000,0.5,0.749
1706,3,3,203,1000,0.5,0.731
1707,3,3,204,1000,0.5,0.724
1708,3,3,205,1000,0.5,0.713
1709,3,3,206,1000,0.5,0.7095
1710,3,3,207,1000,0.5,0.7335
1711,3,3,208,1000,0.5,0.7355
1712,3,3,209,1000,0.5,0.741
1713,3,3,210,1000,0.5,0.737
1714,3,3,211,1000,0.5,0.75
1715,3,3,212,1000,0.5,0.7455
1716,3,3,213,1000,0.5,0.747
1717,3,3,214,1000,0.5,0.722
1718,3,3,215,1000,0.5,0.721
1719,3,3,216,1000,0.5,0.7185
1720,3,3,217,1000,0.5,0.7195
1721,3,3,218,1000,0.5,0.723
1722,3,3,219,1000,0.5,0.736
1723,3,3,220,1000,0.5,0.7235
1724,3,3,221,1000,0.5,0.7475
1725,3,3,222,1000,0.5,0.748
1726,3,3,223,1000,0.5,0.7365
1727,3,3,224,1000,0.5,0.75
1728,3,3,225,1000,0.5,0.7485
1729,3,3,226,1000,0.5,0.7175
1730,3,3,227,1000,0.5,0.723
1731,3,3,228,1000,0.5,0.7355
1732,3,3,229,1000,0.5,0.7415
1733,3,3,230,1000,0.5,0.7395
1734,3,3,231,1000,0.5,0.7455
1735,3,3,232,1000,0.5,0.761
1736,3,3,233,1000,0.5,0.763
1737,3,3,234,1000,0.5,0.745
1738,3,3,235,1000,0.5,0.714
1739,3,3,236,1000,0.5,0.7295
1740,3,3,237,1000,0.5,0.7405
1741,3,3,238,1000,0.5,0.725
1742,3,3,239,1000,0.5,0.7305
1743,3,3,240,1000,0.5,0.705
1744,3,3,241,1000,0.5,0.6965
1745,3,3,242,1000,0.5,0.705
1746,3,3,243,1000,0.5,0.7005
1747,3,3,244,1000,0.5,0.706
1748,3,3,245,1000,0.5,0.689
1749,3,3,246,1000,0.5,0.696
1750,3,3,247,1000,0.5,0.6875
1751,3,3,248,1000,0.5,0.6915
1752,3,3,249,1000,0.5,0.6845
1753,3,3,250,1000,0.5,0.668
1754,3,3,251,1000,0.5,0.6685
1755,3,3,252,1000,0.5,0.6665
1756,3,3,253,1000,0.5,0.688
1757,3,3,254,1000,0.5,0.6915
1758,3,3,255,1000,0.5,0.689
1759,3,3,256,1000,0.5,0.709
1760,3,3,257,1000,0.5,0.725
1761,3,3,258,1000,0.5,0.7505
1762,3,3,259,1000,0.5,0.7345
1763,3,3,260,1000,0.5,0.7495
1764,3,3,261,1000,0.5,0.738
1765,3,3,262,1000,0.5,0.758
1766,3,3,263,1000,0.5,0.7325
1767,3,3,264,1000,0.5,0.7235
1768,3,3,265,1000,0.5,0.716
1769,3,3,266,1000,0.5,0.7245
1770,3,3,267,1000,0.5,0.737
1771,3,3,268,1000,0.5,0.759
1772,3,3,269,1000,0.5,0.725
1773,3,3,270,1000,0.5,0.7085
1774,3,3,271,1000,0.5,0.7235
1775,3,3,272,1000,0.5,0.714
1776,3,3,273,1000,0.5,0.705
1777,3,3,274,1000,0.5,0.7225
1778,3,3,275,1000,0.5,0.7275
1779,3,3,276,1000,0.5,0.7215
1780,3,3,277,1000,0.5,0.694
1781,3,3,278,1000,0.5,0.7
1782,3,3,279,1000,0.5,0.702
1783,3,3,280,1000,0.5,0.714
1784,3,3,281,1000,0.5,0.698
1785,3,3,282,1000,0.5,0.692
1786,3,3,283,1000,0.5,0.71
1787,3,3,284,1000,0.5,0.698
1788,3,3,285,1000,0.5,0.7065
1789,3,3,286,1000,0.5,0.734
1790,3,3,287,1000,0.5,0.726
1791,3,3,288,1000,0.5,0.7325
1792,3,3,289,1000,0.5,0.718
1793,3,3,290,1000,0.5,0.7275
1794,3,3,291,1000,0.5,0.7325
1795,3,3,292,1000,0.5,0.757
1796,3,3,293,1000,0.5,0.746
1797,3,3,294,1000,0.5,0.7355
1798,3,3,295,1000,0.5,0.7355
1799,3,3,296,1000,0.5,0.73
1800,3,3,297,1000,0.5,0.733
1801,3,3,298,1000,0.5,0.729
1802,3,3,299,1000,0.5,0.744
1803,3,3,300,1000,0.5,0.7295
1804,3,3,301,1000,0.5,0.7365
1805,3,3,302,1000,0.5,0.7405
1806,3,3,303,1000,0.5,0.7525
1807,3,3,304,1000,0.5,0.741
1808,3,3,305,1000,0.5,0.7395
1809,3,3,306,1000,0.5,0.7275
1810,3,3,307,1000,0.5,0.7245
1811,3,3,308,1000,0.5,0.7275
1812,3,3,309,1000,0.5,0.722
1813,3,3,310,1000,0.5,0.717
1814,3,3,311,1000,0.5,0.728
1815,3,3,312,1000,0.5,0.7265
1816,3,3,313,1000,0.5,0.72
1817,3,3,314,1000,0.5,0.724
1818,3,3,315,1000,0.5,0.7355
1819,3,3,316,1000,0.5,0.7265
1820,3,3,317,1000,0.5,0.741
1821,3,3,318,1000,0.5,0.73
1822,3,3,319,1000,0.5,0.727
1823,3,3,320,1000,0.5,0.7205
1824,3,3,321,1000,0.5,0.7105
1825,3,3,322,1000,0.5,0.713
1826,3,3,323,1000,0.5,0.7265
1827,3,3,324,1000,0.5,0.732
1828,3,3,325,1000,0.5,0.7115
1829,3,3,326,1000,0.5,0.7295
1830,3,3,327,1000,0.5,0.728
1831,3,3,328,1000,0.5,0.743
1832,3,3,329,1000,0.5,0.745
1833,3,3,330,1000,0.5,0.753
1834,3,3,331,1000,0.5,0.7615
1835,3,3,332,1000,0.5,0.7505
1836,3,3,333,1000,0.5,0.7315
1837,3,3,334,1000,0.5,0.746
1838,3,3,335,1000,0.5,0.7365
1839,3,3,336,1000,0.5,0.7365
1840,3,3,337,1000,0.5,0.7195
1841,3,3,338,1000,0.5,0.6965
1842,3,3,339,1000,0.5,0.701
1843,3,3,340,1000,0.5,0.704
1844,3,3,341,1000,0.5,0.676
1845,3,3,342,1000,0.5,0.6745
1846,3,3,343,1000,0.5,0.664
1847,3,3,344,1000,0.5,0.654
1848,3,3,345,1000,0.5,0.653
1849,3,3,346,1000,0.5,0.6845
1850,3,3,347,1000,0.5,0.6655
1851,3,3,348,1000,0.5,0.6865
1852,3,3,349,1000,0.5,0.71
1853,3,3,350,1000,0.5,0.723
1854,3,3,351,1000,0.5,0.7315
1855,3,3,352,1000,0.5,0.736
1856,3,3,353,1000,0.5,0.719
1857,3,3,354,1000,0.5,0.722
1858,3,3,355,1000,0.5,0.7305
1859,3,3,356,1000,0.5,0.7435
1860,3,3,357,1000,0.5,0.722
1861,3,3,358,1000,0.5,0.718
1862,3,3,359,1000,0.5,0.7205
1863,3,3,360,1000,0.5,0.718
1864,3,3,361,1000,0.5,0.7095
1865,3,3,362,1000,0.5,0.7235
1866,3,3,363,1000,0.5,0.734
1867,3,3,364,1000,0.5,0.7425
1868,3,3,365,1000,0.5,0.726
1869,3,3,366,1000,0.5,0.7365
1870,3,3,367,1000,0.5,0.7315
1871,3,3,368,1000,0.5,0.708
1872,3,3,369,1000,0.5,0.714
1873,3,3,370,1000,0.5,0.7125
1874,3,3,371,1000,0.5,0.7005
1875,3,3,372,1000,0.5,0.683
1876,3,3,373,1000,0.5,0.686
1877,3,3,374,1000,0.5,0.7025
1878,3,3,375,1000,0.5,0.7005
1879,3,3,376,1000,0.5,0.709
1880,3,3,377,1000,0.5,0.6865
1881,3,3,378,1000,0.5,0.675
1882,3,3,379,1000,0.5,0.6935
1883,3,3,380,1000,0.5,0.6875
1884,3,3,381,1000,0.5,0.684
1885,3,3,382,1000,0.5,0.6695
1886,3,3,383,1000,0.5,0.67
1887,3,3,384,1000,0.5,0.6625
1888,3,3,385,1000,0.5,0.6685
1889,3,3,386,1000,0.5,0.704
1890,3,3,387,1000,0.5,0.7005
1891,3,3,388,1000,0.5,0.7035
1892,3,3,389,1000,0.5,0.6895
1893,3,3,390,1000,0.5,0.7095
1894,3,3,391,1000,0.5,0.717
1895,3,3,392,1000,0.5,0.7325
1896,3,3,393,1000,0.5,0.752
1897,3,3,394,1000,0.5,0.758
1898,3,3,395,1000,0.5,0.775
1899,3,3,396,1000,0.5,0.745
1900,3,3,397,1000,0.5,0.7325
1901,3,3,398,1000,0.5,0.7265
1902,3,3,399,1000,0.5,0.6925
1903,3,3,400,1000,0.5,0.708
1904,3,3,401,1000,0.5,0.7365
1905,3,3,402,1000,0.5,0.734
1906,3,3,403,1000,0.5,0.714
1907,3,3,404,1000,0.5,0.6945
1908,3,3,405,1000,0.5,0.6895
1909,3,3,406,1000,0.5,0.6805
1910,3,3,407,1000,0.5,0.67
1911,3,3,408,1000,0.5,0.6975
1912,3,3,409,1000,0.5,0.716
1913,3,3,410,1000,0.5,0.7235
1914,3,3,411,1000,0.5,0.711
1915,3,3,412,1000,0.5,0.711
1916,3,3,413,1000,0.5,0.7135
1917,3,3,414,1000,0.5,0.7225
1918,3,3,415,1000,0.5,0.708
1919,3,3,416,1000,0.5,0.712
1920,3,3,417,1000,0.5,0.7165
1921,3,3,418,1000,0.5,0.729
1922,3,3,419,1000,0.5,0.7215
1923,3,3,420,1000,0.5,0.705
1924,3,3,421,1000,0.5,0.7145
1925,3,3,422,1000,0.5,0.7175
1926,3,3,423,1000,0.5,0.719
1927,3,3,424,1000,0.5,0.7135
1928,3,3,425,1000,0.5,0.7025
1929,3,3,426,1000,0.5,0.6935
1930,3,3,427,1000,0.5,0.699
1931,3,3,428,1000,0.5,0.718
1932,3,3,429,1000,0.5,0.734
1933,3,3,430,1000,0.5,0.7385
1934,3,3,431,1000,0.5,0.745
1935,3,3,432,1000,0.5,0.762
1936,3,3,433,1000,0.5,0.78
1937,3,3,434,1000,0.5,0.767
1938,3,3,435,1000,0.5,0.7515
1939,3,3,436,1000,0.5,0.766
1940,3,3,437,1000,0.5,0.754
1941,3,3,438,1000,0.5,0.7745
1942,3,3,439,1000,0.5,0.7665
1943,3,3,440,1000,0.5,0.745
1944,3,3,441,1000,0.5,0.738
1945,3,3,442,1000,0.5,0.731
1946,3,3,443,1000,0.5,0.717
1947,3,3,444,1000,0.5,0.7185
1948,3,3,445,1000,0.5,0.73
1949,3,3,446,1000,0.5,0.7235
1950,3,3,447,1000,0.5,0.755
1951,3,3,448,1000,0.5,0.759
1952,3,3,449,1000,0.5,0.7455
1953,3,3,450,1000,0.5,0.7535
1954,3,3,451,1000,0.5,0.753
1955,3,3,452,1000,0.5,0.743
1956,3,3,453,1000,0.5,0.749
1957,3,3,454,1000,0.5,0.7665
1958,3,3,455,1000,0.5,0.766
1959,3,3,456,1000,0.5,0.78
1960,3,3,457,1000,0.5,0.789
1961,3,3,458,1000,0.5,0.7925
1962,3,3,459,1000,0.5,0.786
1963,3,3,460,1000,0.5,0.785
1964,3,3,461,1000,0.5,0.767
1965,3,3,462,1000,0.5,0.759
1966,3,3,463,1000,0.5,0.7655
1967,3,3,464,1000,0.5,0.7795
1968,3,3,465,1000,0.5,0.7785
1969,3,3,466,1000,0.5,0.7745
1970,3,3,467,1000,0.5,0.767
1971,3,3,468,1000,0.5,0.7735
1972,3,3,469,1000,0.5,0.771
1973,3,3,470,1000,0.5,0.759
1974,3,3,471,1000,0.5,0.7535
1975,3,3,472,1000,0.5,0.7405
1976,3,3,473,1000,0.5,0.7465
1977,3,3,474,1000,0.5,0.754
1978,3,3,475,1000,0.5,0.7495
1979,3,3,476,1000,0.5,0.733
1980,3,3,477,1000,0.5,0.7335
1981,3,3,478,1000,0.5,0.7265
1982,3,3,479,1000,0.5,0.7215
1983,3,3,480,1000,0.5,0.731
1984,3,3,481,1000,0.5,0.7245
1985,3,3,482,1000,0.5,0.7165
1986,3,3,483,1000,0.5,0.695
1987,3,3,484,1000,0.5,0.698
1988,3,3,485,1000,0.5,0.684
1989,3,3,486,1000,0.5,0.689
1990,3,3,487,1000,0.5,0.682
1991,3,3,488,1000,0.5,0.668
1992,3,3,489,1000,0.5,0.697
1993,3,3,490,1000,0.5,0.7005
1994,3,3,491,1000,0.5,0.7065
1995,3,3,492,1000,0.5,0.7015
1996,3,3,493,1000,0.5,0.693
1997,3,3,494,1000,0.5,0.6925
1998,3,3,495,1000,0.5,0.691
1999,3,3,496,1000,0.5,0.688
2000,3,3,497,1000,0.5,0.674
2001,3,3,498,1000,0.5,0.6745
2002,3,3,499,1000,0.5,0.648
2003,3,3,500,1000,0.5,0.649
2004,4,4,0,1000,0.5,0.5225
2005,4,4,1,1000,0.5,0.546
2006,4,4,2,1000,0.5,0.551
2007,4,4,3,1000,0.5,0.568
2008,4,4,4,1000,0.5,0.5975
2009,4,4,5,1000,0.5,0.6055
2010,4,4,6,1000,0.5,0.6115
2011,4,4,7,1000,0.5,0.6105
2012,4,4,8,1000,0.5,0.6085
2013,4,4,9,1000,0.5,0.595
2014,4,4,10,1000,0.5,0.6375
2015,4,4,11,1000,0.5,0.632
2016,4,4,12,1000,0.5,0.634
2017,4,4,13,1000,0.5,0.6505
2018,4,4,14,1000,0.5,0.661
2019,4,4,15,1000,0.5,0.656
2020,4,4,16,1000,0.5,0.647
2021,4,4,17,1000,0.5,0.655
2022,4,4,18,1000,0.5,0.651
2023,4,4,19,1000,0.5,0.6475
2024,4,4,20,1000,0.5,0.659
2025,4,4,21,1000,0.5,0.6985
2026,4,4,22,1000,0.5,0.699
2027,4,4,23,1000,0.5,0.7155
2028,4,4,24,1000,0.5,0.7315
2029,4,4,25,1000,0.5,0.7395
2030,4,4,26,1000,0.5,0.748
2031,4,4,27,1000,0.5,0.746
2032,4,4,28,1000,0.5,0.706
2033,4,4,29,1000,0.5,0.703
2034,4,4,30,1000,0.5,0.703
2035,4,4,31,1000,0.5,0.692
2036,4,4,32,1000,0.5,0.695
2037,4,4,33,1000,0.5,0.7045
2038,4,4,34,1000,0.5,0.725
2039,4,4,35,1000,0.5,0.752
2040,4,4,36,1000,0.5,0.7215
2041,4,4,37,1000,0.5,0.7445
2042,4,4,38,1000,0.5,0.7395
2043,4,4,39,1000,0.5,0.7395
2044,4,4,40,1000,0.5,0.731
2045,4,4,41,1000,0.5,0.743
2046,4,4,42,1000,0.5,0.73
2047,4,4,43,1000,0.5,0.714
2048,4,4,44,1000,0.5,0.6965
2049,4,4,45,1000,0.5,0.697
2050,4,4,46,1000,0.5,0.708
2051,4,4,47,1000,0.5,0.7155
2052,4,4,48,1000,0.5,0.7195
2053,4,4,49,1000,0.5,0.706
2054,4,4,50,1000,0.5,0.712
2055,4,4,51,1000,0.5,0.7125
2056,4,4,52,1000,0.5,0.704
2057,4,4,53,1000,0.5,0.724
2058,4,4,54,1000,0.5,0.7305
2059,4,4,55,1000,0.5,0.7245
2060,4,4,56,1000,0.5,0.72
2061,4,4,57,1000,0.5,0.709
2062,4,4,58,1000,0.5,0.707
2063,4,4,59,1000,0.5,0.6905
2064,4,4,60,1000,0.5,0.6875
2065,4,4,61,1000,0.5,0.6965
2066,4,4,62,1000,0.5,0.7085
2067,4,4,63,1000,0.5,0.706
2068,4,4,64,1000,0.5,0.719
2069,4,4,65,1000,0.5,0.716
2070,4,4,66,1000,0.5,0.7265
2071,4,4,67,1000,0.5,0.72
2072,4,4,68,1000,0.5,0.745
2073,4,4,69,1000,0.5,0.7605
2074,4,4,70,1000,0.5,0.7505
2075,4,4,71,1000,0.5,0.74
2076,4,4,72,1000,0.5,0.734
2077,4,4,73,1000,0.5,0.7295
2078,4,4,74,1000,0.5,0.7275
2079,4,4,75,1000,0.5,0.735
2080,4,4,76,1000,0.5,0.723
2081,4,4,77,1000,0.5,0.726
2082,4,4,78,1000,0.5,0.74
2083,4,4,79,1000,0.5,0.7505
2084,4,4,80,1000,0.5,0.759
2085,4,4,81,1000,0.5,0.769
2086,4,4,82,1000,0.5,0.7575
2087,4,4,83,1000,0.5,0.722
2088,4,4,84,1000,0.5,0.7275
2089,4,4,85,1000,0.5,0.7335
2090,4,4,86,1000,0.5,0.741
2091,4,4,87,1000,0.5,0.729
2092,4,4,88,1000,0.5,0.726
2093,4,4,89,1000,0.5,0.739
2094,4,4,90,1000,0.5,0.741
2095,4,4,91,1000,0.5,0.748
2096,4,4,92,1000,0.5,0.758
2097,4,4,93,1000,0.5,0.7655
2098,4,4,94,1000,0.5,0.75
2099,4,4,95,1000,0.5,0.7605
2100,4,4,96,1000,0.5,0.7625
2101,4,4,97,1000,0.5,0.7415
2102,4,4,98,1000,0.5,0.7425
2103,4,4,99,1000,0.5,0.721
2104,4,4,100,1000,0.5,0.736
2105,4,4,101,1000,0.5,0.7485
2106,4,4,102,1000,0.5,0.731
2107,4,4,103,1000,0.5,0.7395
2108,4,4,104,1000,0.5,0.7485
2109,4,4,105,1000,0.5,0.7235
2110,4,4,106,1000,0.5,0.7255
2111,4,4,107,1000,0.5,0.7105
2112,4,4,108,1000,0.5,0.7055
2113,4,4,109,1000,0.5,0.707
2114,4,4,110,1000,0.5,0.716
2115,4,4,111,1000,0.5,0.707
2116,4,4,112,1000,0.5,0.728
2117,4,4,113,1000,0.5,0.736
2118,4,4,114,1000,0.5,0.7475
2119,4,4,115,1000,0.5,0.751
2120,4,4,116,1000,0.5,0.7625
2121,4,4,117,1000,0.5,0.7915
2122,4,4,118,1000,0.5,0.765
2123,4,4,119,1000,0.5,0.757
2124,4,4,120,1000,0.5,0.7615
2125,4,4,121,1000,0.5,0.77
2126,4,4,122,1000,0.5,0.739
2127,4,4,123,1000,0.5,0.74
2128,4,4,124,1000,0.5,0.7285
2129,4,4,125,1000,0.5,0.725
2130,4,4,126,1000,0.5,0.746
2131,4,4,127,1000,0.5,0.7395
2132,4,4,128,1000,0.5,0.7395
2133,4,4,129,1000,0.5,0.721
2134,4,4,130,1000,0.5,0.7175
2135,4,4,131,1000,0.5,0.7395
2136,4,4,132,1000,0.5,0.73
2137,4,4,133,1000,0.5,0.712
2138,4,4,134,1000,0.5,0.727
2139,4,4,135,1000,0.5,0.734
2140,4,4,136,1000,0.5,0.7405
2141,4,4,137,1000,0.5,0.73
2142,4,4,138,1000,0.5,0.732
2143,4,4,139,1000,0.5,0.729
2144,4,4,140,1000,0.5,0.7485
2145,4,4,141,1000,0.5,0.738
2146,4,4,142,1000,0.5,0.752
2147,4,4,143,1000,0.5,0.758
2148,4,4,144,1000,0.5,0.7505
2149,4,4,145,1000,0.5,0.7325
2150,4,4,146,1000,0.5,0.718
2151,4,4,147,1000,0.5,0.697
2152,4,4,148,1000,0.5,0.6985
2153,4,4,149,1000,0.5,0.695
2154,4,4,150,1000,0.5,0.693
2155,4,4,151,1000,0.5,0.6825
2156,4,4,152,1000,0.5,0.6965
2157,4,4,153,1000,0.5,0.689
2158,4,4,154,1000,0.5,0.6765
2159,4,4,155,1000,0.5,0.6675
2160,4,4,156,1000,0.5,0.6775
2161,4,4,157,1000,0.5,0.6855
2162,4,4,158,1000,0.5,0.6895
2163,4,4,159,1000,0.5,0.69
2164,4,4,160,1000,0.5,0.6835
2165,4,4,161,1000,0.5,0.6865
2166,4,4,162,1000,0.5,0.694
2167,4,4,163,1000,0.5,0.6765
2168,4,4,164,1000,0.5,0.6665
2169,4,4,165,1000,0.5,0.668
2170,4,4,166,1000,0.5,0.6905
2171,4,4,167,1000,0.5,0.711
2172,4,4,168,1000,0.5,0.6975
2173,4,4,169,1000,0.5,0.7075
2174,4,4,170,1000,0.5,0.7135
2175,4,4,171,1000,0.5,0.75
2176,4,4,172,1000,0.5,0.7495
2177,4,4,173,1000,0.5,0.7435
2178,4,4,174,1000,0.5,0.731
2179,4,4,175,1000,0.5,0.71
2180,4,4,176,1000,0.5,0.6855
2181,4,4,177,1000,0.5,0.686
2182,4,4,178,1000,0.5,0.712
2183,4,4,179,1000,0.5,0.721
2184,4,4,180,1000,0.5,0.7285
2185,4,4,181,1000,0.5,0.745
2186,4,4,182,1000,0.5,0.736
2187,4,4,183,1000,0.5,0.7315
2188,4,4,184,1000,0.5,0.733
2189,4,4,185,1000,0.5,0.7195
2190,4,4,186,1000,0.5,0.7175
2191,4,4,187,1000,0.5,0.725
2192,4,4,188,1000,0.5,0.7205
2193,4,4,189,1000,0.5,0.699
2194,4,4,190,1000,0.5,0.6955
2195,4,4,191,1000,0.5,0.693
2196,4,4,192,1000,0.5,0.6985
2197,4,4,193,1000,0.5,0.7095
2198,4,4,194,1000,0.5,0.695
2199,4,4,195,1000,0.5,0.699
2200,4,4,196,1000,0.5,0.711
2201,4,4,197,1000,0.5,0.724
2202,4,4,198,1000,0.5,0.7255
2203,4,4,199,1000,0.5,0.737
2204,4,4,200,1000,0.5,0.745
2205,4,4,201,1000,0.5,0.7555
2206,4,4,202,1000,0.5,0.756
2207,4,4,203,1000,0.5,0.746
2208,4,4,204,1000,0.5,0.7535
2209,4,4,205,1000,0.5,0.739
2210,4,4,206,1000,0.5,0.7335
2211,4,4,207,1000,0.5,0.7355
2212,4,4,208,1000,0.5,0.746
2213,4,4,209,1000,0.5,0.7415
2214,4,4,210,1000,0.5,0.7475
2215,4,4,211,1000,0.5,0.7365
2216,4,4,212,1000,0.5,0.734
2217,4,4,213,1000,0.5,0.7345
2218,4,4,214,1000,0.5,0.7275
2219,4,4,215,1000,0.5,0.7185
2220,4,4,216,1000,0.5,0.7045
2221,4,4,217,1000,0.5,0.7275
2222,4,4,218,1000,0.5,0.716
2223,4,4,219,1000,0.5,0.7145
2224,4,4,220,1000,0.5,0.719
2225,4,4,221,1000,0.5,0.7015
2226,4,4,222,1000,0.5,0.6925
2227,4,4,223,1000,0.5,0.6965
2228,4,4,224,1000,0.5,0.7165
2229,4,4,225,1000,0.5,0.709
2230,4,4,226,1000,0.5,0.719
2231,4,4,227,1000,0.5,0.7035
2232,4,4,228,1000,0.5,0.699
2233,4,4,229,1000,0.5,0.708
2234,4,4,230,1000,0.5,0.716
2235,4,4,231,1000,0.5,0.7405
2236,4,4,232,1000,0.5,0.7225
2237,4,4,233,1000,0.5,0.734
2238,4,4,234,1000,0.5,0.731
2239,4,4,235,1000,0.5,0.73
2240,4,4,236,1000,0.5,0.721
2241,4,4,237,1000,0.5,0.717
2242,4,4,238,1000,0.5,0.701
2243,4,4,239,1000,0.5,0.6945
2244,4,4,240,1000,0.5,0.6965
2245,4,4,241,1000,0.5,0.6975
2246,4,4,242,1000,0.5,0.7285
2247,4,4,243,1000,0.5,0.726
2248,4,4,244,1000,0.5,0.72
2249,4,4,245,1000,0.5,0.705
2250,4,4,246,1000,0.5,0.7115
2251,4,4,247,1000,0.5,0.684
2252,4,4,248,1000,0.5,0.707
2253,4,4,249,1000,0.5,0.7125
2254,4,4,250,1000,0.5,0.7105
2255,4,4,251,1000,0.5,0.703
2256,4,4,252,1000,0.5,0.6875
2257,4,4,253,1000,0.5,0.695
2258,4,4,254,1000,0.5,0.703
2259,4,4,255,1000,0.5,0.6915
2260,4,4,256,1000,0.5,0.7015
2261,4,4,257,1000,0.5,0.6785
2262,4,4,258,1000,0.5,0.6655
2263,4,4,259,1000,0.5,0.6555
2264,4,4,260,1000,0.5,0.6465
2265,4,4,261,1000,0.5,0.66
2266,4,4,262,1000,0.5,0.6685
2267,4,4,263,1000,0.5,0.6835
2268,4,4,264,1000,0.5,0.7075
2269,4,4,265,1000,0.5,0.6925
2270,4,4,266,1000,0.5,0.69
2271,4,4,267,1000,0.5,0.705
2272,4,4,268,1000,0.5,0.7135
2273,4,4,269,1000,0.5,0.7195
2274,4,4,270,1000,0.5,0.7395
2275,4,4,271,1000,0.5,0.74
2276,4,4,272,1000,0.5,0.751
2277,4,4,273,1000,0.5,0.756
2278,4,4,274,1000,0.5,0.759
2279,4,4,275,1000,0.5,0.773
2280,4,4,276,1000,0.5,0.768
2281,4,4,277,1000,0.5,0.744
2282,4,4,278,1000,0.5,0.758
2283,4,4,279,1000,0.5,0.739
2284,4,4,280,1000,0.5,0.7475
2285,4,4,281,1000,0.5,0.7355
2286,4,4,282,1000,0.5,0.73
2287,4,4,283,1000,0.5,0.718
2288,4,4,284,1000,0.5,0.727
2289,4,4,285,1000,0.5,0.7265
2290,4,4,286,1000,0.5,0.726
2291,4,4,287,1000,0.5,0.714
2292,4,4,288,1000,0.5,0.7215
2293,4,4,289,1000,0.5,0.7195
2294,4,4,290,1000,0.5,0.7175
2295,4,4,291,1000,0.5,0.7125
2296,4,4,292,1000,0.5,0.7015
2297,4,4,293,1000,0.5,0.7065
2298,4,4,294,1000,0.5,0.702
2299,4,4,295,1000,0.5,0.7035
2300,4,4,296,1000,0.5,0.7035
2301,4,4,297,1000,0.5,0.711
2302,4,4,298,1000,0.5,0.7125
2303,4,4,299,1000,0.5,0.72
2304,4,4,300,1000,0.5,0.716
2305,4,4,301,1000,0.5,0.732
2306,4,4,302,1000,0.5,0.732
2307,4,4,303,1000,0.5,0.75
2308,4,4,304,1000,0.5,0.7515
2309,4,4,305,1000,0.5,0.7595
2310,4,4,306,1000,0.5,0.729
2311,4,4,307,1000,0.5,0.733
2312,4,4,308,1000,0.5,0.729
2313,4,4,309,1000,0.5,0.7205
2314,4,4,310,1000,0.5,0.727
2315,4,4,311,1000,0.5,0.735
2316,4,4,312,1000,0.5,0.7375
2317,4,4,313,1000,0.5,0.7325
2318,4,4,314,1000,0.5,0.7395
2319,4,4,315,1000,0.5,0.7495
2320,4,4,316,1000,0.5,0.755
2321,4,4,317,1000,0.5,0.759
2322,4,4,318,1000,0.5,0.7525
2323,4,4,319,1000,0.5,0.757
2324,4,4,320,1000,0.5,0.747
2325,4,4,321,1000,0.5,0.7605
2326,4,4,322,1000,0.5,0.78
2327,4,4,323,1000,0.5,0.7675
2328,4,4,324,1000,0.5,0.7705
2329,4,4,325,1000,0.5,0.77
2330,4,4,326,1000,0.5,0.7405
2331,4,4,327,1000,0.5,0.7265
2332,4,4,328,1000,0.5,0.7295
2333,4,4,329,1000,0.5,0.7335
2334,4,4,330,1000,0.5,0.742
2335,4,4,331,1000,0.5,0.738
2336,4,4,332,1000,0.5,0.728
2337,4,4,333,1000,0.5,0.7545
2338,4,4,334,1000,0.5,0.723
2339,4,4,335,1000,0.5,0.7245
2340,4,4,336,1000,0.5,0.7325
2341,4,4,337,1000,0.5,0.741
2342,4,4,338,1000,0.5,0.7325
2343,4,4,339,1000,0.5,0.7415
2344,4,4,340,1000,0.5,0.738
2345,4,4,341,1000,0.5,0.7385
2346,4,4,342,1000,0.5,0.75
2347,4,4,343,1000,0.5,0.765
2348,4,4,344,1000,0.5,0.7555
2349,4,4,345,1000,0.5,0.7645
2350,4,4,346,1000,0.5,0.784
2351,4,4,347,1000,0.5,0.7795
2352,4,4,348,1000,0.5,0.7755
2353,4,4,349,1000,0.5,0.763
2354,4,4,350,1000,0.5,0.764
2355,4,4,351,1000,0.5,0.765
2356,4,4,352,1000,0.5,0.7595
2357,4,4,353,1000,0.5,0.775
2358,4,4,354,1000,0.5,0.76
2359,4,4,355,1000,0.5,0.745
2360,4,4,356,1000,0.5,0.73
2361,4,4,357,1000,0.5,0.74
2362,4,4,358,1000,0.5,0.739
2363,4,4,359,1000,0.5,0.742
2364,4,4,360,1000,0.5,0.7175
2365,4,4,361,1000,0.5,0.7195
2366,4,4,362,1000,0.5,0.7255
2367,4,4,363,1000,0.5,0.732
2368,4,4,364,1000,0.5,0.7375
2369,4,4,365,1000,0.5,0.7265
2370,4,4,366,1000,0.5,0.7175
2371,4,4,367,1000,0.5,0.7445
2372,4,4,368,1000,0.5,0.746
2373,4,4,369,1000,0.5,0.769
2374,4,4,370,1000,0.5,0.772
2375,4,4,371,1000,0.5,0.758
2376,4,4,372,1000,0.5,0.75
2377,4,4,373,1000,0.5,0.743
2378,4,4,374,1000,0.5,0.748
2379,4,4,375,1000,0.5,0.753
2380,4,4,376,1000,0.5,0.7515
2381,4,4,377,1000,0.5,0.7505
2382,4,4,378,1000,0.5,0.7455
2383,4,4,379,1000,0.5,0.7165
2384,4,4,380,1000,0.5,0.7285
2385,4,4,381,1000,0.5,0.735
2386,4,4,382,1000,0.5,0.746
2387,4,4,383,1000,0.5,0.7525
2388,4,4,384,1000,0.5,0.739
2389,4,4,385,1000,0.5,0.7385
2390,4,4,386,1000,0.5,0.7325
2391,4,4,387,1000,0.5,0.744
2392,4,4,388,1000,0.5,0.7415
2393,4,4,389,1000,0.5,0.722
2394,4,4,390,1000,0.5,0.729
2395,4,4,391,1000,0.5,0.726
2396,4,4,392,1000,0.5,0.7235
2397,4,4,393,1000,0.5,0.7315
2398,4,4,394,1000,0.5,0.7305
2399,4,4,395,1000,0.5,0.7195
2400,4,4,396,1000,0.5,0.7195
2401,4,4,397,1000,0.5,0.7395
2402,4,4,398,1000,0.5,0.744
2403,4,4,399,1000,0.5,0.7375
2404,4,4,400,1000,0.5,0.7275
2405,4,4,401,1000,0.5,0.714
2406,4,4,402,1000,0.5,0.7045
2407,4,4,403,1000,0.5,0.715
2408,4,4,404,1000,0.5,0.7325
2409,4,4,405,1000,0.5,0.7415
2410,4,4,406,1000,0.5,0.73
2411,4,4,407,1000,0.5,0.735
2412,4,4,408,1000,0.5,0.7385
2413,4,4,409,1000,0.5,0.74
2414,4,4,410,1000,0.5,0.757
2415,4,4,411,1000,0.5,0.776
2416,4,4,412,1000,0.5,0.7825
2417,4,4,413,1000,0.5,0.778
2418,4,4,414,1000,0.5,0.7785
2419,4,4,415,1000,0.5,0.771
2420,4,4,416,1000,0.5,0.77
2421,4,4,417,1000,0.5,0.771
2422,4,4,418,1000,0.5,0.76
2423,4,4,419,1000,0.5,0.7565
2424,4,4,420,1000,0.5,0.7695
2425,4,4,421,1000,0.5,0.7735
2426,4,4,422,1000,0.5,0.787
2427,4,4,423,1000,0.5,0.7845
2428,4,4,424,1000,0.5,0.776
2429,4,4,425,1000,0.5,0.7575
2430,4,4,426,1000,0.5,0.75
2431,4,4,427,1000,0.5,0.766
2432,4,4,428,1000,0.5,0.7645
2433,4,4,429,1000,0.5,0.7735
2434,4,4,430,1000,0.5,0.751
2435,4,4,431,1000,0.5,0.747
2436,4,4,432,1000,0.5,0.739
2437,4,4,433,1000,0.5,0.7385
2438,4,4,434,1000,0.5,0.7225
2439,4,4,435,1000,0.5,0.717
2440,4,4,436,1000,0.5,0.719
2441,4,4,437,1000,0.5,0.714
2442,4,4,438,1000,0.5,0.713
2443,4,4,439,1000,0.5,0.7215
2444,4,4,440,1000,0.5,0.723
2445,4,4,441,1000,0.5,0.713
2446,4,4,442,1000,0.5,0.704
2447,4,4,443,1000,0.5,0.688
2448,4,4,444,1000,0.5,0.6935
2449,4,4,445,1000,0.5,0.7025
2450,4,4,446,1000,0.5,0.7145
2451,4,4,447,1000,0.5,0.704
2452,4,4,448,1000,0.5,0.71
2453,4,4,449,1000,0.5,0.7155
2454,4,4,450,1000,0.5,0.719
2455,4,4,451,1000,0.5,0.7245
2456,4,4,452,1000,0.5,0.7565
2457,4,4,453,1000,0.5,0.749
2458,4,4,454,1000,0.5,0.722
2459,4,4,455,1000,0.5,0.7375
2460,4,4,456,1000,0.5,0.7465
2461,4,4,457,1000,0.5,0.732
2462,4,4,458,1000,0.5,0.7275
2463,4,4,459,1000,0.5,0.717
2464,4,4,460,1000,0.5,0.7155
2465,4,4,461,1000,0.5,0.6955
2466,4,4,462,1000,0.5,0.6955
2467,4,4,463,1000,0.5,0.6895
2468,4,4,464,1000,0.5,0.6985
2469,4,4,465,1000,0.5,0.7035
2470,4,4,466,1000,0.5,0.735
2471,4,4,467,1000,0.5,0.721
2472,4,4,468,1000,0.5,0.718
2473,4,4,469,1000,0.5,0.7205
2474,4,4,470,1000,0.5,0.728
2475,4,4,471,1000,0.5,0.7205
2476,4,4,472,1000,0.5,0.7165
2477,4,4,473,1000,0.5,0.71
2478,4,4,474,1000,0.5,0.696
2479,4,4,475,1000,0.5,0.705
2480,4,4,476,1000,0.5,0.686
2481,4,4,477,1000,0.5,0.708
2482,4,4,478,1000,0.5,0.7135
2483,4,4,479,1000,0.5,0.721
2484,4,4,480,1000,0.5,0.737
2485,4,4,481,1000,0.5,0.749
2486,4,4,482,1000,0.5,0.7565
2487,4,4,483,1000,0.5,0.7375
2488,4,4,484,1000,0.5,0.7035
2489,4,4,485,1000,0.5,0.6995
2490,4,4,486,1000,0.5,0.694
2491,4,4,487,1000,0.5,0.7215
2492,4,4,488,1000,0.5,0.7165
2493,4,4,489,1000,0.5,0.714
2494,4,4,490,1000,0.5,0.718
2495,4,4,491,1000,0.5,0.687
2496,4,4,492,1000,0.5,0.6805
2497,4,4,493,1000,0.5,0.6885
2498,4,4,494,1000,0.5,0.684
2499,4,4,495,1000,0.5,0.7095
2500,4,4,496,1000,0.5,0.7295
2501,4,4,497,1000,0.5,0.7185
2502,4,4,498,1000,0.5,0.7325
2503,4,4,499,1000,0.5,0.719
2504,4,4,500,1000,0.5,0.724
